###################################################
#20200414[终焉誓约][任务脚本]任务-新本命星级效果和新增的本命配置 及 本命其他调整(倪祖伟)
#by:倪祖伟
#date:2020-04-14
#论坛链接:http://forum.nderp.99.com/Forum/TopicList-367772.aspx
###################################################
#注释部分
#delete from pet_star where `id` >= 561 and `id` <= 608;
#delete from `status` where `id` in (410401,410402,410403);
#delete from special_effect where `id` in (4791,4792,4793,4801,4802,4803,4811,4812,4813,4831,4832,4833,480101,480102,480201,480202,480301,480302,1049203,1049303,1119101,1119102,1119201,1119202,1119301,1119302,4019103,4019104);
#delete from skill_type where `id` in (4791,4792,4793,4801,4802,4803,4811,4812,4813,4831,4832,4833);
#打开注释部分 
delete from `status` where `id` = 104811;
delete from config where `id` in (137,138,159);
delete from special_effect where `id` in (4641,4642,4643,4691,4692,4693,4701,4702,4703,4721,4722,4723,4771,4772,4773,10491,10691,10692,10693,11191,11192,11193,40191,40192,40193,469101,469102,469201,469202,469301,469302,1049101,1049102,1049201,1049202,1049301,1049302,1069202,1069302,3019101,3019102,3019103,3019201,3019202,3019203,3019301,3019302,3019303,4019101,4019102,4019201,4019301);
delete from pet_star where (`id` >=2 and `id`<=560) and (`star`>=1 and `star`<=7);
###################################################
insert into config(`id`,`type`,`type_id`,`data1`,`data2`,`data3`,`data4`,`data5`,`data6`,`data7`,`param1`,`desc`) values
('137','11','3','2','3','0','0','0','0','0','','本命技能等级解锁'),
('138','11','3','3','6','0','0','0','0','0','','本命技能等级解锁');

insert into pet_star(`id`,`pet_id`,`star`,`life_add`,`phy_atk_add`,`mgc_atk_add`,`phy_def_add`,`mgc_def_add`,`money`,`pet_num`,`material_id1`,`material_num1`,`material_id2`,`material_num2`,`material_id3`,`material_num3`) values
('2','4012','1','1000','1000','1000','1000','1000','10000','1','6003003','5','0','0','0','0'),
('3','4012','2','1500','1500','1500','1500','1500','10000','1','6003003','10','0','0','0','0'),
('4','4012','3','2500','2500','2500','2500','2500','10000','1','6003003','15','0','0','0','0'),
('5','4012','4','3000','3000','3000','3000','3000','10000','1','6003003','25','0','0','0','0'),
('6','4012','5','4000','4000','4000','4000','4000','10000','1','6003003','25','0','0','0','0'),
('7','4012','6','5000','5000','5000','5000','5000','10000','1','6003003','25','0','0','0','0'),
('8','4012','7','5500','5500','5500','5500','5500','10000','1','6003003','25','0','0','0','0'),
('10','4022','1','1000','1000','1000','1000','1000','10000','1','6003003','5','0','0','0','0'),
('11','4022','2','1500','1500','1500','1500','1500','10000','1','6003003','10','0','0','0','0'),
('12','4022','3','2500','2500','2500','2500','2500','10000','1','6003003','15','0','0','0','0'),
('13','4022','4','3000','3000','3000','3000','3000','10000','1','6003003','25','0','0','0','0'),
('14','4022','5','4000','4000','4000','4000','4000','10000','1','6003003','25','0','0','0','0'),
('15','4022','6','5000','5000','5000','5000','5000','10000','1','6003003','25','0','0','0','0'),
('16','4022','7','5500','5500','5500','5500','5500','10000','1','6003003','25','0','0','0','0'),
('18','4032','1','1000','1000','1000','1000','1000','10000','1','6003003','5','0','0','0','0'),
('19','4032','2','1500','1500','1500','1500','1500','10000','1','6003003','10','0','0','0','0'),
('20','4032','3','2500','2500','2500','2500','2500','10000','1','6003003','15','0','0','0','0'),
('21','4032','4','3000','3000','3000','3000','3000','10000','1','6003003','25','0','0','0','0'),
('22','4032','5','4000','4000','4000','4000','4000','10000','1','6003003','25','0','0','0','0'),
('23','4032','6','5000','5000','5000','5000','5000','10000','1','6003003','25','0','0','0','0'),
('24','4032','7','5500','5500','5500','5500','5500','10000','1','6003003','25','0','0','0','0'),
('26','4042','1','1000','1000','1000','1000','1000','10000','1','6003003','5','0','0','0','0'),
('27','4042','2','1500','1500','1500','1500','1500','10000','1','6003003','10','0','0','0','0'),
('28','4042','3','2500','2500','2500','2500','2500','10000','1','6003003','15','0','0','0','0'),
('29','4042','4','3000','3000','3000','3000','3000','10000','1','6003003','25','0','0','0','0'),
('30','4042','5','4000','4000','4000','4000','4000','10000','1','6003003','25','0','0','0','0'),
('31','4042','6','5000','5000','5000','5000','5000','10000','1','6003003','25','0','0','0','0'),
('32','4042','7','5500','5500','5500','5500','5500','10000','1','6003003','25','0','0','0','0'),
('34','4052','1','1000','1000','1000','1000','1000','10000','1','6003003','5','0','0','0','0'),
('35','4052','2','1500','1500','1500','1500','1500','10000','1','6003003','10','0','0','0','0'),
('36','4052','3','2500','2500','2500','2500','2500','10000','1','6003003','15','0','0','0','0'),
('37','4052','4','3000','3000','3000','3000','3000','10000','1','6003003','25','0','0','0','0'),
('38','4052','5','4000','4000','4000','4000','4000','10000','1','6003003','25','0','0','0','0'),
('39','4052','6','5000','5000','5000','5000','5000','10000','1','6003003','25','0','0','0','0'),
('40','4052','7','5500','5500','5500','5500','5500','10000','1','6003003','25','0','0','0','0'),
('42','4062','1','1000','1000','1000','1000','1000','10000','1','6003003','5','0','0','0','0'),
('43','4062','2','1500','1500','1500','1500','1500','10000','1','6003003','10','0','0','0','0'),
('44','4062','3','2500','2500','2500','2500','2500','10000','1','6003003','15','0','0','0','0'),
('45','4062','4','3000','3000','3000','3000','3000','10000','1','6003003','25','0','0','0','0'),
('46','4062','5','4000','4000','4000','4000','4000','10000','1','6003003','25','0','0','0','0'),
('47','4062','6','5000','5000','5000','5000','5000','10000','1','6003003','25','0','0','0','0'),
('48','4062','7','5500','5500','5500','5500','5500','10000','1','6003003','25','0','0','0','0'),
('50','4072','1','1000','1000','1000','1000','1000','10000','1','6003003','5','0','0','0','0'),
('51','4072','2','1500','1500','1500','1500','1500','10000','1','6003003','10','0','0','0','0'),
('52','4072','3','2500','2500','2500','2500','2500','10000','1','6003003','15','0','0','0','0'),
('53','4072','4','3000','3000','3000','3000','3000','10000','1','6003003','25','0','0','0','0'),
('54','4072','5','4000','4000','4000','4000','4000','10000','1','6003003','25','0','0','0','0'),
('55','4072','6','5000','5000','5000','5000','5000','10000','1','6003003','25','0','0','0','0'),
('56','4072','7','5500','5500','5500','5500','5500','10000','1','6003003','25','0','0','0','0'),
('58','4082','1','1000','1000','1000','1000','1000','10000','1','6003003','5','0','0','0','0'),
('59','4082','2','1500','1500','1500','1500','1500','10000','1','6003003','10','0','0','0','0'),
('60','4082','3','2500','2500','2500','2500','2500','10000','1','6003003','15','0','0','0','0'),
('61','4082','4','3000','3000','3000','3000','3000','10000','1','6003003','25','0','0','0','0'),
('62','4082','5','4000','4000','4000','4000','4000','10000','1','6003003','25','0','0','0','0'),
('63','4082','6','5000','5000','5000','5000','5000','10000','1','6003003','25','0','0','0','0'),
('64','4082','7','5500','5500','5500','5500','5500','10000','1','6003003','25','0','0','0','0'),
('66','4092','1','1000','1000','1000','1000','1000','10000','1','6003003','5','0','0','0','0'),
('67','4092','2','1500','1500','1500','1500','1500','10000','1','6003003','10','0','0','0','0'),
('68','4092','3','2500','2500','2500','2500','2500','10000','1','6003003','15','0','0','0','0'),
('69','4092','4','3000','3000','3000','3000','3000','10000','1','6003003','25','0','0','0','0'),
('70','4092','5','4000','4000','4000','4000','4000','10000','1','6003003','25','0','0','0','0'),
('71','4092','6','5000','5000','5000','5000','5000','10000','1','6003003','25','0','0','0','0'),
('72','4092','7','5500','5500','5500','5500','5500','10000','1','6003003','25','0','0','0','0'),
('74','4102','1','1000','1000','1000','1000','1000','10000','1','6003003','5','0','0','0','0'),
('75','4102','2','1500','1500','1500','1500','1500','10000','1','6003003','10','0','0','0','0'),
('76','4102','3','2500','2500','2500','2500','2500','10000','1','6003003','15','0','0','0','0'),
('77','4102','4','3000','3000','3000','3000','3000','10000','1','6003003','25','0','0','0','0'),
('78','4102','5','4000','4000','4000','4000','4000','10000','1','6003003','25','0','0','0','0'),
('79','4102','6','5000','5000','5000','5000','5000','10000','1','6003003','25','0','0','0','0'),
('80','4102','7','5500','5500','5500','5500','5500','10000','1','6003003','25','0','0','0','0'),
('82','4112','1','1000','1000','1000','1000','1000','10000','1','6003003','5','0','0','0','0'),
('83','4112','2','1500','1500','1500','1500','1500','10000','1','6003003','10','0','0','0','0'),
('84','4112','3','2500','2500','2500','2500','2500','10000','1','6003003','15','0','0','0','0'),
('85','4112','4','3000','3000','3000','3000','3000','10000','1','6003003','25','0','0','0','0'),
('86','4112','5','4000','4000','4000','4000','4000','10000','1','6003003','25','0','0','0','0'),
('87','4112','6','5000','5000','5000','5000','5000','10000','1','6003003','25','0','0','0','0'),
('88','4112','7','5500','5500','5500','5500','5500','10000','1','6003003','25','0','0','0','0'),
('90','4013','1','1000','1000','1000','1000','1000','20000','1','6003003','8','0','0','0','0'),
('91','4013','2','1500','1500','1500','1500','1500','20000','1','6003003','16','0','0','0','0'),
('92','4013','3','2500','2500','2500','2500','2500','20000','1','6003003','24','0','0','0','0'),
('93','4013','4','3000','3000','3000','3000','3000','20000','1','6003003','40','0','0','0','0'),
('94','4013','5','4000','4000','4000','4000','4000','20000','1','6003003','40','0','0','0','0'),
('95','4013','6','5000','5000','5000','5000','5000','20000','1','6003003','40','0','0','0','0'),
('96','4013','7','5500','5500','5500','5500','5500','20000','1','6003003','40','0','0','0','0'),
('98','4023','1','1000','1000','1000','1000','1000','20000','1','6003003','8','0','0','0','0'),
('99','4023','2','1500','1500','1500','1500','1500','20000','1','6003003','16','0','0','0','0'),
('100','4023','3','2500','2500','2500','2500','2500','20000','1','6003003','24','0','0','0','0'),
('101','4023','4','3000','3000','3000','3000','3000','20000','1','6003003','40','0','0','0','0'),
('102','4023','5','4000','4000','4000','4000','4000','20000','1','6003003','40','0','0','0','0'),
('103','4023','6','5000','5000','5000','5000','5000','20000','1','6003003','40','0','0','0','0'),
('104','4023','7','5500','5500','5500','5500','5500','20000','1','6003003','40','0','0','0','0'),
('106','4033','1','1000','1000','1000','1000','1000','20000','1','6003003','8','0','0','0','0'),
('107','4033','2','1500','1500','1500','1500','1500','20000','1','6003003','16','0','0','0','0'),
('108','4033','3','2500','2500','2500','2500','2500','20000','1','6003003','24','0','0','0','0'),
('109','4033','4','3000','3000','3000','3000','3000','20000','1','6003003','40','0','0','0','0'),
('110','4033','5','4000','4000','4000','4000','4000','20000','1','6003003','40','0','0','0','0'),
('111','4033','6','5000','5000','5000','5000','5000','20000','1','6003003','40','0','0','0','0'),
('112','4033','7','5500','5500','5500','5500','5500','20000','1','6003003','40','0','0','0','0'),
('114','4043','1','1000','1000','1000','1000','1000','20000','1','6003003','8','0','0','0','0'),
('115','4043','2','1500','1500','1500','1500','1500','20000','1','6003003','16','0','0','0','0'),
('116','4043','3','2500','2500','2500','2500','2500','20000','1','6003003','24','0','0','0','0'),
('117','4043','4','3000','3000','3000','3000','3000','20000','1','6003003','40','0','0','0','0'),
('118','4043','5','4000','4000','4000','4000','4000','20000','1','6003003','40','0','0','0','0'),
('119','4043','6','5000','5000','5000','5000','5000','20000','1','6003003','40','0','0','0','0'),
('120','4043','7','5500','5500','5500','5500','5500','20000','1','6003003','40','0','0','0','0'),
('122','4053','1','1000','1000','1000','1000','1000','20000','1','6003003','8','0','0','0','0'),
('123','4053','2','1500','1500','1500','1500','1500','20000','1','6003003','16','0','0','0','0'),
('124','4053','3','2500','2500','2500','2500','2500','20000','1','6003003','24','0','0','0','0'),
('125','4053','4','3000','3000','3000','3000','3000','20000','1','6003003','40','0','0','0','0'),
('126','4053','5','4000','4000','4000','4000','4000','20000','1','6003003','40','0','0','0','0'),
('127','4053','6','5000','5000','5000','5000','5000','20000','1','6003003','40','0','0','0','0'),
('128','4053','7','5500','5500','5500','5500','5500','20000','1','6003003','40','0','0','0','0'),
('130','4063','1','1000','1000','1000','1000','1000','20000','1','6003003','8','0','0','0','0'),
('131','4063','2','1500','1500','1500','1500','1500','20000','1','6003003','16','0','0','0','0'),
('132','4063','3','2500','2500','2500','2500','2500','20000','1','6003003','24','0','0','0','0'),
('133','4063','4','3000','3000','3000','3000','3000','20000','1','6003003','40','0','0','0','0'),
('134','4063','5','4000','4000','4000','4000','4000','20000','1','6003003','40','0','0','0','0'),
('135','4063','6','5000','5000','5000','5000','5000','20000','1','6003003','40','0','0','0','0'),
('136','4063','7','5500','5500','5500','5500','5500','20000','1','6003003','40','0','0','0','0'),
('138','4073','1','1000','1000','1000','1000','1000','20000','1','6003003','8','0','0','0','0'),
('139','4073','2','1500','1500','1500','1500','1500','20000','1','6003003','16','0','0','0','0'),
('140','4073','3','2500','2500','2500','2500','2500','20000','1','6003003','24','0','0','0','0'),
('141','4073','4','3000','3000','3000','3000','3000','20000','1','6003003','40','0','0','0','0'),
('142','4073','5','4000','4000','4000','4000','4000','20000','1','6003003','40','0','0','0','0'),
('143','4073','6','5000','5000','5000','5000','5000','20000','1','6003003','40','0','0','0','0'),
('144','4073','7','5500','5500','5500','5500','5500','20000','1','6003003','40','0','0','0','0'),
('146','4083','1','1000','1000','1000','1000','1000','20000','1','6003003','8','0','0','0','0'),
('147','4083','2','1500','1500','1500','1500','1500','20000','1','6003003','16','0','0','0','0'),
('148','4083','3','2500','2500','2500','2500','2500','20000','1','6003003','24','0','0','0','0'),
('149','4083','4','3000','3000','3000','3000','3000','20000','1','6003003','40','0','0','0','0'),
('150','4083','5','4000','4000','4000','4000','4000','20000','1','6003003','40','0','0','0','0'),
('151','4083','6','5000','5000','5000','5000','5000','20000','1','6003003','40','0','0','0','0'),
('152','4083','7','5500','5500','5500','5500','5500','20000','1','6003003','40','0','0','0','0'),
('154','4093','1','1000','1000','1000','1000','1000','20000','1','6003003','8','0','0','0','0'),
('155','4093','2','1500','1500','1500','1500','1500','20000','1','6003003','16','0','0','0','0'),
('156','4093','3','2500','2500','2500','2500','2500','20000','1','6003003','24','0','0','0','0'),
('157','4093','4','3000','3000','3000','3000','3000','20000','1','6003003','40','0','0','0','0'),
('158','4093','5','4000','4000','4000','4000','4000','20000','1','6003003','40','0','0','0','0'),
('159','4093','6','5000','5000','5000','5000','5000','20000','1','6003003','40','0','0','0','0'),
('160','4093','7','5500','5500','5500','5500','5500','20000','1','6003003','40','0','0','0','0'),
('162','4103','1','1000','1000','1000','1000','1000','20000','1','6003003','8','0','0','0','0'),
('163','4103','2','1500','1500','1500','1500','1500','20000','1','6003003','16','0','0','0','0'),
('164','4103','3','2500','2500','2500','2500','2500','20000','1','6003003','24','0','0','0','0'),
('165','4103','4','3000','3000','3000','3000','3000','20000','1','6003003','40','0','0','0','0'),
('166','4103','5','4000','4000','4000','4000','4000','20000','1','6003003','40','0','0','0','0'),
('167','4103','6','5000','5000','5000','5000','5000','20000','1','6003003','40','0','0','0','0'),
('168','4103','7','5500','5500','5500','5500','5500','20000','1','6003003','40','0','0','0','0'),
('170','4113','1','1000','1000','1000','1000','1000','20000','1','6003003','8','0','0','0','0'),
('171','4113','2','1500','1500','1500','1500','1500','20000','1','6003003','16','0','0','0','0'),
('172','4113','3','2500','2500','2500','2500','2500','20000','1','6003003','24','0','0','0','0'),
('173','4113','4','3000','3000','3000','3000','3000','20000','1','6003003','40','0','0','0','0'),
('174','4113','5','4000','4000','4000','4000','4000','20000','1','6003003','40','0','0','0','0'),
('175','4113','6','5000','5000','5000','5000','5000','20000','1','6003003','40','0','0','0','0'),
('176','4113','7','5500','5500','5500','5500','5500','20000','1','6003003','40','0','0','0','0'),
('178','4123','1','1000','1000','1000','1000','1000','20000','1','6003003','8','0','0','0','0'),
('179','4123','2','1500','1500','1500','1500','1500','20000','1','6003003','16','0','0','0','0'),
('180','4123','3','2500','2500','2500','2500','2500','20000','1','6003003','24','0','0','0','0'),
('181','4123','4','3000','3000','3000','3000','3000','20000','1','6003003','40','0','0','0','0'),
('182','4123','5','4000','4000','4000','4000','4000','20000','1','6003003','40','0','0','0','0'),
('183','4123','6','5000','5000','5000','5000','5000','20000','1','6003003','40','0','0','0','0'),
('184','4123','7','5500','5500','5500','5500','5500','20000','1','6003003','40','0','0','0','0'),
('186','4133','1','1000','1000','1000','1000','1000','20000','1','6003003','8','0','0','0','0'),
('187','4133','2','1500','1500','1500','1500','1500','20000','1','6003003','16','0','0','0','0'),
('188','4133','3','2500','2500','2500','2500','2500','20000','1','6003003','24','0','0','0','0'),
('189','4133','4','3000','3000','3000','3000','3000','20000','1','6003003','40','0','0','0','0'),
('190','4133','5','4000','4000','4000','4000','4000','20000','1','6003003','40','0','0','0','0'),
('191','4133','6','5000','5000','5000','5000','5000','20000','1','6003003','40','0','0','0','0'),
('192','4133','7','5500','5500','5500','5500','5500','20000','1','6003003','40','0','0','0','0'),
('194','4143','1','1000','1000','1000','1000','1000','20000','1','6003003','8','0','0','0','0'),
('195','4143','2','1500','1500','1500','1500','1500','20000','1','6003003','16','0','0','0','0'),
('196','4143','3','2500','2500','2500','2500','2500','20000','1','6003003','24','0','0','0','0'),
('197','4143','4','3000','3000','3000','3000','3000','20000','1','6003003','40','0','0','0','0'),
('198','4143','5','4000','4000','4000','4000','4000','20000','1','6003003','40','0','0','0','0'),
('199','4143','6','5000','5000','5000','5000','5000','20000','1','6003003','40','0','0','0','0'),
('200','4143','7','5500','5500','5500','5500','5500','20000','1','6003003','40','0','0','0','0'),
('202','4153','1','1000','1000','1000','1000','1000','20000','1','6003003','8','0','0','0','0'),
('203','4153','2','1500','1500','1500','1500','1500','20000','1','6003003','16','0','0','0','0'),
('204','4153','3','2500','2500','2500','2500','2500','20000','1','6003003','24','0','0','0','0'),
('205','4153','4','3000','3000','3000','3000','3000','20000','1','6003003','40','0','0','0','0'),
('206','4153','5','4000','4000','4000','4000','4000','20000','1','6003003','40','0','0','0','0'),
('207','4153','6','5000','5000','5000','5000','5000','20000','1','6003003','40','0','0','0','0'),
('208','4153','7','5500','5500','5500','5500','5500','20000','1','6003003','40','0','0','0','0'),
('258','4014','1','1000','1000','1000','1000','1000','30000','1','6003003','10','0','0','0','0'),
('259','4014','2','1500','1500','1500','1500','1500','30000','1','6003003','20','0','0','0','0'),
('260','4014','3','2500','2500','2500','2500','2500','30000','1','6003003','30','0','0','0','0'),
('261','4014','4','3000','3000','3000','3000','3000','30000','1','6003003','50','0','0','0','0'),
('262','4014','5','4000','4000','4000','4000','4000','30000','1','6003003','50','0','0','0','0'),
('263','4014','6','5000','5000','5000','5000','5000','30000','1','6003003','50','0','0','0','0'),
('264','4014','7','5500','5500','5500','5500','5500','30000','1','6003003','50','0','0','0','0'),
('266','4024','1','1000','1000','1000','1000','1000','30000','1','6003003','10','0','0','0','0'),
('267','4024','2','1500','1500','1500','1500','1500','30000','1','6003003','20','0','0','0','0'),
('268','4024','3','2500','2500','2500','2500','2500','30000','1','6003003','30','0','0','0','0'),
('269','4024','4','3000','3000','3000','3000','3000','30000','1','6003003','50','0','0','0','0'),
('270','4024','5','4000','4000','4000','4000','4000','30000','1','6003003','50','0','0','0','0'),
('271','4024','6','5000','5000','5000','5000','5000','30000','1','6003003','50','0','0','0','0'),
('272','4024','7','5500','5500','5500','5500','5500','30000','1','6003003','50','0','0','0','0'),
('274','4034','1','1000','1000','1000','1000','1000','30000','1','6003003','10','0','0','0','0'),
('275','4034','2','1500','1500','1500','1500','1500','30000','1','6003003','20','0','0','0','0'),
('276','4034','3','2500','2500','2500','2500','2500','30000','1','6003003','30','0','0','0','0'),
('277','4034','4','3000','3000','3000','3000','3000','30000','1','6003003','50','0','0','0','0'),
('278','4034','5','4000','4000','4000','4000','4000','30000','1','6003003','50','0','0','0','0'),
('279','4034','6','5000','5000','5000','5000','5000','30000','1','6003003','50','0','0','0','0'),
('280','4034','7','5500','5500','5500','5500','5500','30000','1','6003003','50','0','0','0','0'),
('282','4044','1','1000','1000','1000','1000','1000','30000','1','6003003','10','0','0','0','0'),
('283','4044','2','1500','1500','1500','1500','1500','30000','1','6003003','20','0','0','0','0'),
('284','4044','3','2500','2500','2500','2500','2500','30000','1','6003003','30','0','0','0','0'),
('285','4044','4','3000','3000','3000','3000','3000','30000','1','6003003','50','0','0','0','0'),
('286','4044','5','4000','4000','4000','4000','4000','30000','1','6003003','50','0','0','0','0'),
('287','4044','6','5000','5000','5000','5000','5000','30000','1','6003003','50','0','0','0','0'),
('288','4044','7','5500','5500','5500','5500','5500','30000','1','6003003','50','0','0','0','0'),
('290','4054','1','1000','1000','1000','1000','1000','30000','1','6003003','10','0','0','0','0'),
('291','4054','2','1500','1500','1500','1500','1500','30000','1','6003003','20','0','0','0','0'),
('292','4054','3','2500','2500','2500','2500','2500','30000','1','6003003','30','0','0','0','0'),
('293','4054','4','3000','3000','3000','3000','3000','30000','1','6003003','50','0','0','0','0'),
('294','4054','5','4000','4000','4000','4000','4000','30000','1','6003003','50','0','0','0','0'),
('295','4054','6','5000','5000','5000','5000','5000','30000','1','6003003','50','0','0','0','0'),
('296','4054','7','5500','5500','5500','5500','5500','30000','1','6003003','50','0','0','0','0'),
('298','4064','1','1000','1000','1000','1000','1000','30000','1','6003003','10','0','0','0','0'),
('299','4064','2','1500','1500','1500','1500','1500','30000','1','6003003','20','0','0','0','0'),
('300','4064','3','2500','2500','2500','2500','2500','30000','1','6003003','30','0','0','0','0'),
('301','4064','4','3000','3000','3000','3000','3000','30000','1','6003003','50','0','0','0','0'),
('302','4064','5','4000','4000','4000','4000','4000','30000','1','6003003','50','0','0','0','0'),
('303','4064','6','5000','5000','5000','5000','5000','30000','1','6003003','50','0','0','0','0'),
('304','4064','7','5500','5500','5500','5500','5500','30000','1','6003003','50','0','0','0','0'),
('306','4074','1','1000','1000','1000','1000','1000','30000','1','6003003','10','0','0','0','0'),
('307','4074','2','1500','1500','1500','1500','1500','30000','1','6003003','20','0','0','0','0'),
('308','4074','3','2500','2500','2500','2500','2500','30000','1','6003003','30','0','0','0','0'),
('309','4074','4','3000','3000','3000','3000','3000','30000','1','6003003','50','0','0','0','0'),
('310','4074','5','4000','4000','4000','4000','4000','30000','1','6003003','50','0','0','0','0'),
('311','4074','6','5000','5000','5000','5000','5000','30000','1','6003003','50','0','0','0','0'),
('312','4074','7','5500','5500','5500','5500','5500','30000','1','6003003','50','0','0','0','0'),
('314','4084','1','1000','1000','1000','1000','1000','30000','1','6003003','10','0','0','0','0'),
('315','4084','2','1500','1500','1500','1500','1500','30000','1','6003003','20','0','0','0','0'),
('316','4084','3','2500','2500','2500','2500','2500','30000','1','6003003','30','0','0','0','0'),
('317','4084','4','3000','3000','3000','3000','3000','30000','1','6003003','50','0','0','0','0'),
('318','4084','5','4000','4000','4000','4000','4000','30000','1','6003003','50','0','0','0','0'),
('319','4084','6','5000','5000','5000','5000','5000','30000','1','6003003','50','0','0','0','0'),
('320','4084','7','5500','5500','5500','5500','5500','30000','1','6003003','50','0','0','0','0'),
('322','4094','1','1000','1000','1000','1000','1000','30000','1','6003003','10','0','0','0','0'),
('323','4094','2','1500','1500','1500','1500','1500','30000','1','6003003','20','0','0','0','0'),
('324','4094','3','2500','2500','2500','2500','2500','30000','1','6003003','30','0','0','0','0'),
('325','4094','4','3000','3000','3000','3000','3000','30000','1','6003003','50','0','0','0','0'),
('326','4094','5','4000','4000','4000','4000','4000','30000','1','6003003','50','0','0','0','0'),
('327','4094','6','5000','5000','5000','5000','5000','30000','1','6003003','50','0','0','0','0'),
('328','4094','7','5500','5500','5500','5500','5500','30000','1','6003003','50','0','0','0','0'),
('330','4104','1','1000','1000','1000','1000','1000','30000','1','6003003','10','0','0','0','0'),
('331','4104','2','1500','1500','1500','1500','1500','30000','1','6003003','20','0','0','0','0'),
('332','4104','3','2500','2500','2500','2500','2500','30000','1','6003003','30','0','0','0','0'),
('333','4104','4','3000','3000','3000','3000','3000','30000','1','6003003','50','0','0','0','0'),
('334','4104','5','4000','4000','4000','4000','4000','30000','1','6003003','50','0','0','0','0'),
('335','4104','6','5000','5000','5000','5000','5000','30000','1','6003003','50','0','0','0','0'),
('336','4104','7','5500','5500','5500','5500','5500','30000','1','6003003','50','0','0','0','0'),
('338','4114','1','1000','1000','1000','1000','1000','30000','1','6003003','10','0','0','0','0'),
('339','4114','2','1500','1500','1500','1500','1500','30000','1','6003003','20','0','0','0','0'),
('340','4114','3','2500','2500','2500','2500','2500','30000','1','6003003','30','0','0','0','0'),
('341','4114','4','3000','3000','3000','3000','3000','30000','1','6003003','50','0','0','0','0'),
('342','4114','5','4000','4000','4000','4000','4000','30000','1','6003003','50','0','0','0','0'),
('343','4114','6','5000','5000','5000','5000','5000','30000','1','6003003','50','0','0','0','0'),
('344','4114','7','5500','5500','5500','5500','5500','30000','1','6003003','50','0','0','0','0'),
('346','4124','1','1000','1000','1000','1000','1000','30000','1','6003003','10','0','0','0','0'),
('347','4124','2','1500','1500','1500','1500','1500','30000','1','6003003','20','0','0','0','0'),
('348','4124','3','2500','2500','2500','2500','2500','30000','1','6003003','30','0','0','0','0'),
('349','4124','4','3000','3000','3000','3000','3000','30000','1','6003003','50','0','0','0','0'),
('350','4124','5','4000','4000','4000','4000','4000','30000','1','6003003','50','0','0','0','0'),
('351','4124','6','5000','5000','5000','5000','5000','30000','1','6003003','50','0','0','0','0'),
('352','4124','7','5500','5500','5500','5500','5500','30000','1','6003003','50','0','0','0','0'),
('354','4134','1','1000','1000','1000','1000','1000','30000','1','6003003','10','0','0','0','0'),
('355','4134','2','1500','1500','1500','1500','1500','30000','1','6003003','20','0','0','0','0'),
('356','4134','3','2500','2500','2500','2500','2500','30000','1','6003003','30','0','0','0','0'),
('357','4134','4','3000','3000','3000','3000','3000','30000','1','6003003','50','0','0','0','0'),
('358','4134','5','4000','4000','4000','4000','4000','30000','1','6003003','50','0','0','0','0'),
('359','4134','6','5000','5000','5000','5000','5000','30000','1','6003003','50','0','0','0','0'),
('360','4134','7','5500','5500','5500','5500','5500','30000','1','6003003','50','0','0','0','0'),
('362','4144','1','1000','1000','1000','1000','1000','30000','1','6003003','10','0','0','0','0'),
('363','4144','2','1500','1500','1500','1500','1500','30000','1','6003003','20','0','0','0','0'),
('364','4144','3','2500','2500','2500','2500','2500','30000','1','6003003','30','0','0','0','0'),
('365','4144','4','3000','3000','3000','3000','3000','30000','1','6003003','50','0','0','0','0'),
('366','4144','5','4000','4000','4000','4000','4000','30000','1','6003003','50','0','0','0','0'),
('367','4144','6','5000','5000','5000','5000','5000','30000','1','6003003','50','0','0','0','0'),
('368','4144','7','5500','5500','5500','5500','5500','30000','1','6003003','50','0','0','0','0'),
('370','4154','1','1000','1000','1000','1000','1000','30000','1','6003003','10','0','0','0','0'),
('371','4154','2','1500','1500','1500','1500','1500','30000','1','6003003','20','0','0','0','0'),
('372','4154','3','2500','2500','2500','2500','2500','30000','1','6003003','30','0','0','0','0'),
('373','4154','4','3000','3000','3000','3000','3000','30000','1','6003003','50','0','0','0','0'),
('374','4154','5','4000','4000','4000','4000','4000','30000','1','6003003','50','0','0','0','0'),
('375','4154','6','5000','5000','5000','5000','5000','30000','1','6003003','50','0','0','0','0'),
('376','4154','7','5500','5500','5500','5500','5500','30000','1','6003003','50','0','0','0','0'),
('378','4164','1','1000','1000','1000','1000','1000','30000','1','6003003','10','0','0','0','0'),
('379','4164','2','1500','1500','1500','1500','1500','30000','1','6003003','20','0','0','0','0'),
('380','4164','3','2500','2500','2500','2500','2500','30000','1','6003003','30','0','0','0','0'),
('381','4164','4','3000','3000','3000','3000','3000','30000','1','6003003','50','0','0','0','0'),
('382','4164','5','4000','4000','4000','4000','4000','30000','1','6003003','50','0','0','0','0'),
('383','4164','6','5000','5000','5000','5000','5000','30000','1','6003003','50','0','0','0','0'),
('384','4164','7','5500','5500','5500','5500','5500','30000','1','6003003','50','0','0','0','0'),
('386','4174','1','1000','1000','1000','1000','1000','30000','1','6003003','10','0','0','0','0'),
('387','4174','2','1500','1500','1500','1500','1500','30000','1','6003003','20','0','0','0','0'),
('388','4174','3','2500','2500','2500','2500','2500','30000','1','6003003','30','0','0','0','0'),
('389','4174','4','3000','3000','3000','3000','3000','30000','1','6003003','50','0','0','0','0'),
('390','4174','5','4000','4000','4000','4000','4000','30000','1','6003003','50','0','0','0','0'),
('391','4174','6','5000','5000','5000','5000','5000','30000','1','6003003','50','0','0','0','0'),
('392','4174','7','5500','5500','5500','5500','5500','30000','1','6003003','50','0','0','0','0'),
('394','4184','1','1000','1000','1000','1000','1000','30000','1','6003003','10','0','0','0','0'),
('395','4184','2','1500','1500','1500','1500','1500','30000','1','6003003','20','0','0','0','0'),
('396','4184','3','2500','2500','2500','2500','2500','30000','1','6003003','30','0','0','0','0'),
('397','4184','4','3000','3000','3000','3000','3000','30000','1','6003003','50','0','0','0','0'),
('398','4184','5','4000','4000','4000','4000','4000','30000','1','6003003','50','0','0','0','0'),
('399','4184','6','5000','5000','5000','5000','5000','30000','1','6003003','50','0','0','0','0'),
('400','4184','7','5500','5500','5500','5500','5500','30000','1','6003003','50','0','0','0','0'),
('426','101164','1','1000','1000','1000','1000','1000','50000','1','6003003','12','0','0','0','0'),
('427','101164','2','1500','1500','1500','1500','1500','50000','1','6003003','24','0','0','0','0'),
('428','101164','3','2500','2500','2500','2500','2500','50000','1','6003003','36','0','0','0','0'),
('429','101164','4','3000','3000','3000','3000','3000','50000','1','6003003','60','0','0','0','0'),
('430','101164','5','4000','4000','4000','4000','4000','50000','1','6003003','60','0','0','0','0'),
('431','101164','6','5000','5000','5000','5000','5000','50000','1','6003003','60','0','0','0','0'),
('432','101164','7','5500','5500','5500','5500','5500','50000','1','6003003','60','0','0','0','0'),
('434','201164','1','1000','1000','1000','1000','1000','50000','1','6003003','12','0','0','0','0'),
('435','201164','2','1500','1500','1500','1500','1500','50000','1','6003003','24','0','0','0','0'),
('436','201164','3','2500','2500','2500','2500','2500','50000','1','6003003','36','0','0','0','0'),
('437','201164','4','3000','3000','3000','3000','3000','50000','1','6003003','60','0','0','0','0'),
('438','201164','5','4000','4000','4000','4000','4000','50000','1','6003003','60','0','0','0','0'),
('439','201164','6','5000','5000','5000','5000','5000','50000','1','6003003','60','0','0','0','0'),
('440','201164','7','5500','5500','5500','5500','5500','50000','1','6003003','60','0','0','0','0'),
('442','301164','1','1000','1000','1000','1000','1000','50000','1','6003003','12','0','0','0','0'),
('443','301164','2','1500','1500','1500','1500','1500','50000','1','6003003','24','0','0','0','0'),
('444','301164','3','2500','2500','2500','2500','2500','50000','1','6003003','36','0','0','0','0'),
('445','301164','4','3000','3000','3000','3000','3000','50000','1','6003003','60','0','0','0','0'),
('446','301164','5','4000','4000','4000','4000','4000','50000','1','6003003','60','0','0','0','0'),
('447','301164','6','5000','5000','5000','5000','5000','50000','1','6003003','60','0','0','0','0'),
('448','301164','7','5500','5500','5500','5500','5500','50000','1','6003003','60','0','0','0','0'),
('450','102164','1','1000','1000','1000','1000','1000','50000','1','6003003','12','0','0','0','0'),
('451','102164','2','1500','1500','1500','1500','1500','50000','1','6003003','24','0','0','0','0'),
('452','102164','3','2500','2500','2500','2500','2500','50000','1','6003003','36','0','0','0','0'),
('453','102164','4','3000','3000','3000','3000','3000','50000','1','6003003','60','0','0','0','0'),
('454','102164','5','4000','4000','4000','4000','4000','50000','1','6003003','60','0','0','0','0'),
('455','102164','6','5000','5000','5000','5000','5000','50000','1','6003003','60','0','0','0','0'),
('456','102164','7','5500','5500','5500','5500','5500','50000','1','6003003','60','0','0','0','0'),
('458','302164','1','1000','1000','1000','1000','1000','50000','1','6003003','12','0','0','0','0'),
('459','302164','2','1500','1500','1500','1500','1500','50000','1','6003003','24','0','0','0','0'),
('460','302164','3','2500','2500','2500','2500','2500','50000','1','6003003','36','0','0','0','0'),
('461','302164','4','3000','3000','3000','3000','3000','50000','1','6003003','60','0','0','0','0'),
('462','302164','5','4000','4000','4000','4000','4000','50000','1','6003003','60','0','0','0','0'),
('463','302164','6','5000','5000','5000','5000','5000','50000','1','6003003','60','0','0','0','0'),
('464','302164','7','5500','5500','5500','5500','5500','50000','1','6003003','60','0','0','0','0'),
('466','103164','1','1000','1000','1000','1000','1000','50000','1','6003003','12','0','0','0','0'),
('467','103164','2','1500','1500','1500','1500','1500','50000','1','6003003','24','0','0','0','0'),
('468','103164','3','2500','2500','2500','2500','2500','50000','1','6003003','36','0','0','0','0'),
('469','103164','4','3000','3000','3000','3000','3000','50000','1','6003003','60','0','0','0','0'),
('470','103164','5','4000','4000','4000','4000','4000','50000','1','6003003','60','0','0','0','0'),
('471','103164','6','5000','5000','5000','5000','5000','50000','1','6003003','60','0','0','0','0'),
('472','103164','7','5500','5500','5500','5500','5500','50000','1','6003003','60','0','0','0','0'),
('474','104164','1','1000','1000','1000','1000','1000','50000','1','6003003','12','0','0','0','0'),
('475','104164','2','1500','1500','1500','1500','1500','50000','1','6003003','24','0','0','0','0'),
('476','104164','3','2500','2500','2500','2500','2500','50000','1','6003003','36','0','0','0','0'),
('477','104164','4','3000','3000','3000','3000','3000','50000','1','6003003','60','0','0','0','0'),
('478','104164','5','4000','4000','4000','4000','4000','50000','1','6003003','60','0','0','0','0'),
('479','104164','6','5000','5000','5000','5000','5000','50000','1','6003003','60','0','0','0','0'),
('480','104164','7','5500','5500','5500','5500','5500','50000','1','6003003','60','0','0','0','0'),
('482','105164','1','1000','1000','1000','1000','1000','50000','1','6003003','12','0','0','0','0'),
('483','105164','2','1500','1500','1500','1500','1500','50000','1','6003003','24','0','0','0','0'),
('484','105164','3','2500','2500','2500','2500','2500','50000','1','6003003','36','0','0','0','0'),
('485','105164','4','3000','3000','3000','3000','3000','50000','1','6003003','60','0','0','0','0'),
('486','105164','5','4000','4000','4000','4000','4000','50000','1','6003003','60','0','0','0','0'),
('487','105164','6','5000','5000','5000','5000','5000','50000','1','6003003','60','0','0','0','0'),
('488','105164','7','5500','5500','5500','5500','5500','50000','1','6003003','60','0','0','0','0'),
('490','106164','1','1000','1000','1000','1000','1000','50000','1','6003003','12','0','0','0','0'),
('491','106164','2','1500','1500','1500','1500','1500','50000','1','6003003','24','0','0','0','0'),
('492','106164','3','2500','2500','2500','2500','2500','50000','1','6003003','36','0','0','0','0'),
('493','106164','4','3000','3000','3000','3000','3000','50000','1','6003003','60','0','0','0','0'),
('494','106164','5','4000','4000','4000','4000','4000','50000','1','6003003','60','0','0','0','0'),
('495','106164','6','5000','5000','5000','5000','5000','50000','1','6003003','60','0','0','0','0'),
('496','106164','7','5500','5500','5500','5500','5500','50000','1','6003003','60','0','0','0','0'),
('498','107164','1','1000','1000','1000','1000','1000','50000','1','6003003','12','0','0','0','0'),
('499','107164','2','1500','1500','1500','1500','1500','50000','1','6003003','24','0','0','0','0'),
('500','107164','3','2500','2500','2500','2500','2500','50000','1','6003003','36','0','0','0','0'),
('501','107164','4','3000','3000','3000','3000','3000','50000','1','6003003','60','0','0','0','0'),
('502','107164','5','4000','4000','4000','4000','4000','50000','1','6003003','60','0','0','0','0'),
('503','107164','6','5000','5000','5000','5000','5000','50000','1','6003003','60','0','0','0','0'),
('504','107164','7','5500','5500','5500','5500','5500','50000','1','6003003','60','0','0','0','0'),
('506','108164','1','1000','1000','1000','1000','1000','50000','1','6003003','12','0','0','0','0'),
('507','108164','2','1500','1500','1500','1500','1500','50000','1','6003003','24','0','0','0','0'),
('508','108164','3','2500','2500','2500','2500','2500','50000','1','6003003','36','0','0','0','0'),
('509','108164','4','3000','3000','3000','3000','3000','50000','1','6003003','60','0','0','0','0'),
('510','108164','5','4000','4000','4000','4000','4000','50000','1','6003003','60','0','0','0','0'),
('511','108164','6','5000','5000','5000','5000','5000','50000','1','6003003','60','0','0','0','0'),
('512','108164','7','5500','5500','5500','5500','5500','50000','1','6003003','60','0','0','0','0'),
('514','401164','1','1000','1000','1000','1000','1000','50000','1','6003003','12','0','0','0','0'),
('515','401164','2','1500','1500','1500','1500','1500','50000','1','6003003','24','0','0','0','0'),
('516','401164','3','2500','2500','2500','2500','2500','50000','1','6003003','36','0','0','0','0'),
('517','401164','4','3000','3000','3000','3000','3000','50000','1','6003003','60','0','0','0','0'),
('518','401164','5','4000','4000','4000','4000','4000','50000','1','6003003','60','0','0','0','0'),
('519','401164','6','5000','5000','5000','5000','5000','50000','1','6003003','60','0','0','0','0'),
('520','401164','7','5500','5500','5500','5500','5500','50000','1','6003003','60','0','0','0','0'),
('522','4122','1','1000','1000','1000','1000','1000','10000','1','6003003','5','0','0','0','0'),
('523','4122','2','1500','1500','1500','1500','1500','10000','1','6003003','10','0','0','0','0'),
('524','4122','3','2500','2500','2500','2500','2500','10000','1','6003003','15','0','0','0','0'),
('525','4122','4','3000','3000','3000','3000','3000','10000','1','6003003','25','0','0','0','0'),
('526','4122','5','4000','4000','4000','4000','4000','10000','1','6003003','25','0','0','0','0'),
('527','4122','6','5000','5000','5000','5000','5000','10000','1','6003003','25','0','0','0','0'),
('528','4122','7','5500','5500','5500','5500','5500','10000','1','6003003','25','0','0','0','0'),
('530','111164','1','1000','1000','1000','1000','1000','50000','1','6003003','12','0','0','0','0'),
('531','111164','2','1500','1500','1500','1500','1500','50000','1','6003003','24','0','0','0','0'),
('532','111164','3','2500','2500','2500','2500','2500','50000','1','6003003','36','0','0','0','0'),
('533','111164','4','3000','3000','3000','3000','3000','50000','1','6003003','60','0','0','0','0'),
('534','111164','5','4000','4000','4000','4000','4000','50000','1','6003003','60','0','0','0','0'),
('535','111164','6','5000','5000','5000','5000','5000','50000','1','6003003','60','0','0','0','0'),
('536','111164','7','5500','5500','5500','5500','5500','50000','1','6003003','60','0','0','0','0'),
('538','112164','1','1000','1000','1000','1000','1000','50000','1','6003003','12','0','0','0','0'),
('539','112164','2','1500','1500','1500','1500','1500','50000','1','6003003','24','0','0','0','0'),
('540','112164','3','2500','2500','2500','2500','2500','50000','1','6003003','36','0','0','0','0'),
('541','112164','4','3000','3000','3000','3000','3000','50000','1','6003003','60','0','0','0','0'),
('542','112164','5','4000','4000','4000','4000','4000','50000','1','6003003','60','0','0','0','0'),
('543','112164','6','5000','5000','5000','5000','5000','50000','1','6003003','60','0','0','0','0'),
('544','112164','7','5500','5500','5500','5500','5500','50000','1','6003003','60','0','0','0','0'),
('546','113164','1','1000','1000','1000','1000','1000','50000','1','6003003','12','0','0','0','0'),
('547','113164','2','1500','1500','1500','1500','1500','50000','1','6003003','24','0','0','0','0'),
('548','113164','3','2500','2500','2500','2500','2500','50000','1','6003003','36','0','0','0','0'),
('549','113164','4','3000','3000','3000','3000','3000','50000','1','6003003','60','0','0','0','0'),
('550','113164','5','4000','4000','4000','4000','4000','50000','1','6003003','60','0','0','0','0'),
('551','113164','6','5000','5000','5000','5000','5000','50000','1','6003003','60','0','0','0','0'),
('552','113164','7','5500','5500','5500','5500','5500','50000','1','6003003','60','0','0','0','0'),
('554','114164','1','1000','1000','1000','1000','1000','50000','1','6003003','12','0','0','0','0'),
('555','114164','2','1500','1500','1500','1500','1500','50000','1','6003003','24','0','0','0','0'),
('556','114164','3','2500','2500','2500','2500','2500','50000','1','6003003','36','0','0','0','0'),
('557','114164','4','3000','3000','3000','3000','3000','50000','1','6003003','60','0','0','0','0'),
('558','114164','5','4000','4000','4000','4000','4000','50000','1','6003003','60','0','0','0','0'),
('559','114164','6','5000','5000','5000','5000','5000','50000','1','6003003','60','0','0','0','0'),
('560','114164','7','5500','5500','5500','5500','5500','50000','1','6003003','60','0','0','0','0'),
('561','4003','0','0','0','0','0','0','0','0','0','0','0','0','0','0'),
('562','4003','1','1000','1000','1000','1000','1000','10000','1','6003003','10','0','0','0','0'),
('563','4003','2','1500','1500','1500','1500','1500','10000','1','6003003','20','0','0','0','0'),
('564','4003','3','2500','2500','2500','2500','2500','10000','1','6003003','30','0','0','0','0'),
('565','4003','4','3000','3000','3000','3000','3000','10000','1','6003003','50','0','0','0','0'),
('566','4003','5','4000','4000','4000','4000','4000','10000','1','6003003','50','0','0','0','0'),
('567','4003','6','5000','5000','5000','5000','5000','10000','1','6003003','50','0','0','0','0'),
('568','4003','7','5500','5500','5500','5500','5500','10000','1','6003003','50','0','0','0','0'),
('569','4004','0','0','0','0','0','0','0','0','0','0','0','0','0','0'),
('570','4004','1','1000','1000','1000','1000','1000','10000','1','6003003','10','0','0','0','0'),
('571','4004','2','1500','1500','1500','1500','1500','10000','1','6003003','20','0','0','0','0'),
('572','4004','3','2500','2500','2500','2500','2500','10000','1','6003003','30','0','0','0','0'),
('573','4004','4','3000','3000','3000','3000','3000','10000','1','6003003','50','0','0','0','0'),
('574','4004','5','4000','4000','4000','4000','4000','10000','1','6003003','50','0','0','0','0'),
('575','4004','6','5000','5000','5000','5000','5000','10000','1','6003003','50','0','0','0','0'),
('576','4004','7','5500','5500','5500','5500','5500','10000','1','6003003','50','0','0','0','0'),
('577','4194','0','0','0','0','0','0','0','0','0','0','0','0','0','0'),
('578','4194','1','1000','1000','1000','1000','1000','10000','1','6003003','10','0','0','0','0'),
('579','4194','2','1500','1500','1500','1500','1500','10000','1','6003003','20','0','0','0','0'),
('580','4194','3','2500','2500','2500','2500','2500','10000','1','6003003','30','0','0','0','0'),
('581','4194','4','3000','3000','3000','3000','3000','10000','1','6003003','50','0','0','0','0'),
('582','4194','5','4000','4000','4000','4000','4000','10000','1','6003003','50','0','0','0','0'),
('583','4194','6','5000','5000','5000','5000','5000','10000','1','6003003','50','0','0','0','0'),
('584','4194','7','5500','5500','5500','5500','5500','10000','1','6003003','50','0','0','0','0'),
('585','4204','0','0','0','0','0','0','0','0','0','0','0','0','0','0'),
('586','4204','1','1000','1000','1000','1000','1000','10000','1','6003003','10','0','0','0','0'),
('587','4204','2','1500','1500','1500','1500','1500','10000','1','6003003','20','0','0','0','0'),
('588','4204','3','2500','2500','2500','2500','2500','10000','1','6003003','30','0','0','0','0'),
('589','4204','4','3000','3000','3000','3000','3000','10000','1','6003003','50','0','0','0','0'),
('590','4204','5','4000','4000','4000','4000','4000','10000','1','6003003','50','0','0','0','0'),
('591','4204','6','5000','5000','5000','5000','5000','10000','1','6003003','50','0','0','0','0'),
('592','4204','7','5500','5500','5500','5500','5500','10000','1','6003003','50','0','0','0','0'),
('593','4214','0','0','0','0','0','0','0','0','0','0','0','0','0','0'),
('594','4214','1','1000','1000','1000','1000','1000','10000','1','6003003','10','0','0','0','0'),
('595','4214','2','1500','1500','1500','1500','1500','10000','1','6003003','20','0','0','0','0'),
('596','4214','3','2500','2500','2500','2500','2500','10000','1','6003003','30','0','0','0','0'),
('597','4214','4','3000','3000','3000','3000','3000','10000','1','6003003','50','0','0','0','0'),
('598','4214','5','4000','4000','4000','4000','4000','10000','1','6003003','50','0','0','0','0'),
('599','4214','6','5000','5000','5000','5000','5000','10000','1','6003003','50','0','0','0','0'),
('600','4214','7','5500','5500','5500','5500','5500','10000','1','6003003','50','0','0','0','0'),
('601','4234','0','0','0','0','0','0','0','0','0','0','0','0','0','0'),
('602','4234','1','1000','1000','1000','1000','1000','10000','1','6003003','10','0','0','0','0'),
('603','4234','2','1500','1500','1500','1500','1500','10000','1','6003003','20','0','0','0','0'),
('604','4234','3','2500','2500','2500','2500','2500','10000','1','6003003','30','0','0','0','0'),
('605','4234','4','3000','3000','3000','3000','3000','10000','1','6003003','50','0','0','0','0'),
('606','4234','5','4000','4000','4000','4000','4000','10000','1','6003003','50','0','0','0','0'),
('607','4234','6','5000','5000','5000','5000','5000','10000','1','6003003','50','0','0','0','0'),
('608','4234','7','5500','5500','5500','5500','5500','10000','1','6003003','50','0','0','0','0');

insert into skill_type(`id`,`name`,`skillmain_id`,`level`,`type`,`skill0_type`,`skill0_unicity`,`next_type`,`cd`,`affect_faction`,`target_rule`,`combos`,`cost_type`,`cost_data`,`use_time`,`count_type`,`count_data`,`status`,`status_start`,`special_effects`,`hp_cost`,`xp_cost`,`xp_revert`,`level_up`,`gold_require`,`item_require1`,`item_require1_num`,`item_require2`,`item_require2_num`,`item_require3`,`item_require3_num`,`item_require4`,`item_require4_num`,`level_require`,`qte`) values
('4791','','479','1','91','317','0','0','0','0','0','','0','0','0','0','0','','0','4791','0','0','0','0','0','0','0','0','0','0','0','0','0','0','0'),
('4792','','479','2','91','317','0','0','0','0','0','','0','0','0','0','0','','0','4792','0','0','0','0','0','0','0','0','0','0','0','0','0','0','0'),
('4793','','479','3','91','317','0','0','0','0','0','','0','0','0','0','0','','0','4793','0','0','0','0','0','0','0','0','0','0','0','0','0','0','0'),
('4801','','480','1','91','318','0','0','0','0','0','','0','0','0','0','0','','0','4801','0','0','0','0','0','0','0','0','0','0','0','0','0','0','0'),
('4802','','480','2','91','318','0','0','0','0','0','','0','0','0','0','0','','0','4802','0','0','0','0','0','0','0','0','0','0','0','0','0','0','0'),
('4803','','480','3','91','318','0','0','0','0','0','','0','0','0','0','0','','0','4803','0','0','0','0','0','0','0','0','0','0','0','0','0','0','0'),
('4811','','481','1','91','319','0','0','0','0','0','','0','0','0','0','0','','0','4811','0','0','0','0','0','0','0','0','0','0','0','0','0','0','0'),
('4812','','481','2','91','319','0','0','0','0','0','','0','0','0','0','0','','0','4812','0','0','0','0','0','0','0','0','0','0','0','0','0','0','0'),
('4813','','481','3','91','319','0','0','0','0','0','','0','0','0','0','0','','0','4813','0','0','0','0','0','0','0','0','0','0','0','0','0','0','0'),
('4831','','483','1','91','320','0','0','0','0','0','','0','0','0','0','0','','0','4831','0','0','0','0','0','0','0','0','0','0','0','0','0','0','0'),
('4832','','483','2','91','320','0','0','0','0','0','','0','0','0','0','0','','0','4832','0','0','0','0','0','0','0','0','0','0','0','0','0','0','0'),
('4833','','483','3','91','320','0','0','0','0','0','','0','0','0','0','0','','0','4833','0','0','0','0','0','0','0','0','0','0','0','0','0','0','0');

insert into special_effect(`id`,`name`,`percent`,`position`,`isalive`,`listen_actor`,`trigger_type`,`trigger_arg1`,`trigger_arg2`,`trigger_arg3`,`trigger_arg4`,`respond_actor`,`respond_type`,`respond_arg1`,`respond_arg2`,`respond_arg3`,`respond_arg4`) values
('4641','','10000','0','1','10','2','1','0','0','0','10','148','4000','0','0',''),
('4642','','10000','0','1','10','2','1','0','0','0','10','148','6000','0','0',''),
('4643','','10000','0','1','10','2','1','0','0','0','10','148','8000','0','0',''),
('4691','','5000','0','1','10','40','70','0','0','0','10','99','469101','469102','0',''),
('4692','','7500','0','1','10','40','70','0','0','0','10','99','469201','469202','0',''),
('4693','','10000','0','1','10','40','70','0','0','0','10','99','469301','469302','0',''),
('4701','','10000','0','1','10','44','1','0','0','0','10','21','410401','1','0',''),
('4702','','10000','0','1','10','44','1','0','0','0','10','21','410402','1','0',''),
('4703','','10000','0','1','10','44','1','0','0','0','10','21','410403','1','0',''),
('4721','','10000','0','1','10','11','72','1','1000','0','10','11','32','0','1500',''),
('4722','','10000','0','1','10','11','72','1','1000','0','10','11','32','0','2200',''),
('4723','','10000','0','1','10','11','72','1','1000','0','10','11','32','0','3000',''),
('4771','','4000','1','1','30','39','80','0','0','0','30','39','10000','0','0',''),
('4772','','6000','1','1','30','39','80','0','0','0','30','39','10000','0','0',''),
('4773','','8000','1','1','30','39','80','0','0','0','30','39','10000','0','0',''),
('10491','','10000','1','1','10','1','0','0','0','0','10','99','1049101','0','0',''),
('10691','','7000','0','0','20','21','2013','0','0','0','10','160','1069102','0','0',''),
('10692','','7000','0','0','20','21','2013','0','0','0','10','160','1069202','0','0',''),
('10693','','7000','0','0','20','21','2013','0','0','0','10','160','1069302','0','0',''),
('11191','','10000','0','1','10','1','0','0','0','0','10','99','1119101','1119102','0',''),
('11192','','10000','0','1','10','1','0','0','0','0','10','99','1119201','1119202','0',''),
('11193','','10000','0','1','10','1','0','0','0','0','10','99','1119301','1119302','0',''),
('40191','','10000','0','0','10','40','0','0','0','0','10','99','4019101','4019102','4019103',''),
('40192','','10000','0','0','10','40','0','0','0','0','10','99','4019101','4019102','4019201',''),
('40193','','10000','0','0','10','40','0','0','0','0','10','99','4019301','4019102','4019301',''),
('469101','','10000','0','1','10','1','0','0','0','0','10','11','73','5','500',''),
('469102','','10000','0','1','10','1','0','0','0','0','10','11','72','0','150',''),
('469201','','10000','0','1','10','1','0','0','0','0','10','11','73','5','500',''),
('469202','','10000','0','1','10','1','0','0','0','0','10','11','72','0','150',''),
('469301','','10000','0','1','10','1','0','0','0','0','10','11','73','5','500',''),
('469302','','10000','0','1','10','1','0','0','0','0','10','11','72','0','150',''),
('1049101','','10000','1','1','30','44','80','0','0','0','10','99','1049102','0','0',''),
('1049102','','10000','0','0','10','1','0','0','0','0','11','21','100901','1','0',''),
('1049201','','10000','0','0','10','1','0','0','0','0','10','115','100902','100901','0',''),
('1049202','','10000','1','1','30','44','80','0','0','0','10','99','1049203','0','0',''),
('1049301','','10000','0','0','10','1','0','0','0','0','10','115','100903','100901','0',''),
('1049302','','10000','1','1','30','44','80','0','0','0','10','99','1049303','0','0',''),
('1069202','','10000','0','0','10','1','0','0','0','0','10','11','73','5','150',''),
('1069302','','10000','0','0','10','1','0','0','0','0','10','11','73','5','200',''),
('3019101','','10000','0','1','10','11','73','2','10000','0','10','11','13','0','1500',''),
('3019102','','10000','0','1','10','11','73','2','5000','0','10','11','13','0','2500',''),
('3019103','','10000','0','1','10','11','73','2','2000','0','10','11','13','0','3500',''),
('3019201','','10000','0','1','10','11','73','2','10000','0','10','11','13','0','2200',''),
('3019202','','10000','0','1','10','11','73','2','5000','0','10','11','13','0','3200',''),
('3019203','','10000','0','1','10','11','73','2','2000','0','10','11','13','0','4200',''),
('3019301','','10000','0','1','10','11','73','2','10000','0','10','11','13','0','3000',''),
('3019302','','10000','0','1','10','11','73','2','5000','0','10','11','13','0','4000',''),
('3019303','','10000','0','1','10','11','73','2','2000','0','10','11','13','0','5000',''),
('4019101','','10000','0','0','10','21','2009','0','0','0','10','115','200903','200901','0',''),
('4019102','','10000','0','0','10','21','2009','0','0','0','10','115','200903','200902','0',''),
('4019201','','7500','0','0','20','24','1024','1','1','0','10','99','4019104','0','0',''),
('4019301','','10000','0','0','10','21','2009','0','0','0','10','99','4019104','0','0',''),
('4791','','10000','1','1','10','112','0','0','0','0','10','11','72','0','80',''),
('4792','','10000','1','1','10','112','0','0','0','0','10','11','72','0','120',''),
('4793','','10000','1','1','10','112','0','0','0','0','10','11','72','0','160',''),
('4801','','10000','0','1','10','40','0','0','0','0','10','99','480101','480102','0',''),
('4802','','10000','0','1','10','40','0','0','0','0','10','99','480201','480202','0',''),
('4803','','10000','0','1','10','40','0','0','0','0','10','99','480301','480302','0',''),
('4811','','5000','1','1','20','125','0','0','0','0','10','40','4','6','3000',''),
('4812','','7500','1','1','20','125','0','0','0','0','10','40','4','6','3000',''),
('4813','','10000','1','1','20','125','0','0','0','0','10','40','4','6','3000',''),
('4831','','10000','0','1','10','12','50','0','0','0','10','11','72','0','500',''),
('4832','','10000','0','1','10','12','50','0','0','0','10','11','72','0','750',''),
('4833','','10000','0','1','10','12','50','0','0','0','10','11','72','0','1000',''),
('480101','','10000','0','1','10','1','0','0','0','0','10','11','13','0','1000',''),
('480102','','10000','0','1','10','204','0','2','0','0','10','155','1','500','0',''),
('480201','','10000','0','1','10','1','0','0','0','0','10','11','13','0','1500',''),
('480202','','10000','0','1','10','204','0','2','0','0','10','155','1','500','0',''),
('480301','','10000','0','1','10','1','0','0','0','0','10','11','13','0','2000',''),
('480302','','10000','0','1','10','204','0','2','0','0','10','155','1','500','0',''),
('1049203','','10000','0','0','10','1','0','0','0','0','11','21','100901','1','0',''),
('1049303','','10000','0','0','10','1','0','0','0','0','11','21','100901','1','0',''),
('1119101','','10000','1','1','10','71','0','0','0','0','10','99','16','5','2000',''),
('1119102','','10000','1','1','10','42','24','1','1','0','10','158','74','3000','0',''),
('1119201','','10000','1','1','10','71','0','0','0','0','10','99','16','5','2500',''),
('1119202','','10000','1','1','10','42','24','1','1','0','10','158','74','4500','0',''),
('1119301','','10000','1','1','10','71','0','0','0','0','10','99','16','5','3000',''),
('1119302','','10000','1','1','10','42','24','1','1','0','10','158','74','6000','0',''),
('4019103','','10000','0','0','10','44','0','0','0','0','10','99','4019104','0','0',''),
('4019104','','5000','0','0','20','24','1024','1','1','0','10','21','200903','1','0','');

insert into `status` (`id`,`name`,`type_id`,`affect_faction`,`target_rule`,`duration`,`end_condition`,`end_data`,`trigger_interval`,`trigger_percent`,`ishelpful`,`override_id`,`max_superposition`,`clear`,`special_effects`,`parm1`,`parm2`,`parm3`,`attr_exp1`,`attr_class1`,`attr_value1`,`attr_exp2`,`attr_class2`,`attr_value2`,`attr_exp3`,`attr_class3`,`attr_value3`) values
('104811','思念之风','1048','1','0','0','0','0','0','10000','0','','6','0','','0','0','0','0','12','600','0','0','0','0','0','0'),
('410401','重击增幅','4104','1','0','0','11','1','0','10000','0','','1','0','','0','0','0','0','31','5000','0','0','0','0','0','0'),
('410402','重击增幅','4104','1','0','0','11','1','0','10000','0','','1','0','','0','0','0','0','31','7500','0','0','0','0','0','0'),
('410403','重击增幅','4104','1','0','0','11','1','0','10000','0','','1','0','','0','0','0','0','31','10000','0','0','0','0','0','0');
