###################################################
#20190730[终焉誓约][任务脚本]奥兹家族任务设计---第三天(倪祖伟)
#by:倪祖伟
#date:2019-07-30
#论坛链接:http://forum.nderp.99.com/Forum/TopicList-341536.aspx
###################################################
#注释部分
#DELETE FROM `task_index` WHERE `taskid`>=70264 AND `taskid`<=70271;
#DELETE FROM `task_index` WHERE `taskid` in (70336,70337,70431,70432);
#DELETE FROM `gen_event` WHERE `id` in (1000232,1000233,20010285);
#DELETE FROM `gen_event` WHERE `id` >= 3148001 and `id` <= 3148022;
#DELETE FROM `npc_group` WHERE `id` in (20992,30676,30680,30681,30682,30683,30706,60459,60460,60461,60462,60463);
#DELETE FROM `npc_group` WHERE `id` >=60473 and `id` <=60481;
#DELETE FROM `game_map` WHERE `id` = 3148;
#DELETE FROM `valve` WHERE `id` = 1122;
#DELETE FROM `monster` WHERE `id` >= 1001281 and `id` <= 1001282;
#DELETE FROM `attribute` WHERE `id` >= 1001281 and `id` <= 1001282;
#DELETE FROM `monster_group` WHERE `id` >= 200823 and `id` <= 200824;
#DELETE FROM `award_acquire` WHERE `award_id` = 1000970;
#打开注释部分

###################################################
INSERT INTO `task_index` (`taskid`, `data_index`, `mask_index`) VALUES 
(70264, 22, 47),
(70265, 22, 48),
(70266, 22, 49),
(70267, 22, 50),
(70268, 22, 51),
(70269, 22, 53),
(70270, 22, 54),
(70271, 22, 55),
(70336, 23, 25),
(70337, 23, 26),
(70431, 24, 6),
(70432, 24, 7);

INSERT INTO `npc_group` (`id`, `name`, `req_level`) VALUES 
(20992, '泰雷', 1),
(30676, '奥兹家族第三日陷阱', 1),
(30680, '奥兹家族副本陷阱', 1),
(30681, '奥兹家族副本陷阱', 1),
(30682, '奥兹家族副本陷阱', 1),
(30683, '奥兹家族副本陷阱', 1),
(30706, '奥兹家族第三日陷阱', 1),
(60459, '奥兹家族副本法阵', 1),
(60460, '奥兹家族副本法阵', 1),
(60461, '奥兹家族副本法阵', 1),
(60462, '奥兹家族副本法阵', 1),
(60463, '奥兹家族副本法阵', 1),
(60473, '采集物', 1),
(60474, '采集物', 1),
(60475, '采集物', 1),
(60476, '采集物', 1),
(60477, '采集物', 1),
(60478, '采集物', 1),
(60479, '采集物', 1),
(60480, '采集物', 1),
(60481, '采集物', 1);

insert into monster(`id`,`name`,`attr_type`,`type`,`sex`,`family`,`profession`,`level`,`attr_id`,`special_effects`,`own_skills`,`skill_que`,`skill_vis`,`skill_loop_que`,`skill_que_vis`,`action_id`) values
('1001281','受惊的僵尸','101','0','1','3','2','0','1001281','','1004501;1004502','0,1,1;1,0,1,0;0,1','0','1,0,1,0,1;0,1,0;1,0,1','0','0'),
('1001282','受惊的僵尸','101','0','1','3','2','0','1001282','','1004501;1004502','0,1,1;1,0,1,0;0,1','0','1,0,1,0,1;0,1,0;1,0,1','0','0');

insert into attribute(`id`,`life`,`phy_atk`,`mgc_atk`,`phy_def`,`mgc_def`,`life_add`,`phy_atk_add`,`mgc_atk_add`,`phy_def_add`,`mgc_def_add`,`hit_rate`,`dodge_rate`,`critical_rate`,`critical_dmg`,`critical_def`,`parry_rate`,`parry_def`,`hitbreak_rate`,`hitback_xp`,`dmg_add`,`dmg_cut`,`ice_atk`,`fire_atk`,`dark_atk`,`light_atk`,`ice_def`,`fire_def`,`light_def`,`dark_def`) values
('1001281','10000','1000','1000','400','400','0','0','0','0','0','10000','0','1000','5000','0','500','2000','0','0','0','0','0','0','0','0','0','0','0','0'),
('1001282','10000','1000','1000','400','400','0','0','0','0','0','10000','0','1000','5000','0','500','2000','0','0','0','0','0','0','0','0','0','0','0','0');


insert into monster_group(`id`,`name`,`fight`,`multi_boss`,`monster`,`money`,`user_exp`,`hero_exp`,`exp_ball`,`reward_id`,`action_id`,`max_battle_time`,`battle_check`,`attack_status_id`,`fight_type`) values
('200823','','0','0','1001281','0','0','0','0','0','0','600000','0','0','0'),
('200824','','0','0','1001282','0','0','0','0','0','0','600000','0','0','0');

insert into gen_event(`id`,`name`,`mapid`,`event_type`,`event_id`,`path_id`,`flag`,`intask`,`story_id`,`life_time`,`level_id`,`battle_scene`,`position`,`rotation_y`,`scale`) values
('1000232','','1000','1','30676','0','1','0','0','0','0','0','18.226,22.631,116.1','0','1'),
('1000233','','1000','1','20992','0','1','0','0','0','0','0','-122.29,32.39,64.51','33.34','1'),
('3148001','','3148','1','60459','0','1','0','0','0','0','0','22.49,1.643,-22.01','0','1'),
('3148002','','3148','1','60460','0','1','0','0','0','0','0','21.93,1.643,-26.18','0','1'),
('3148003','','3148','1','60461','0','1','0','0','0','0','0','26.62,1.643,-21.36','0','1'),
('3148004','','3148','1','60462','0','1','0','0','0','0','0','25.36,1.643,-27.95','0','1'),
('3148005','','3148','1','60463','0','1','0','0','0','0','0','28.42,1.643,-25.13','0','1'),
('3148006','','3148','1','30680','0','1','0','0','0','0','0','6.550,0.112,-5.3821','-44','1'),
('3148007','','3148','1','30681','0','1','0','0','0','0','0','25.01,1.643,-24.628','0','1'),
('3148008','','3148','1','30682','0','1','0','0','0','0','0','-21.1,2.544,12.1719','46.11','1'),
('3148009','','3148','1','30683','0','1','0','0','0','0','0','35.50,2.537,-35.154','45','1'),
('3148010','','3148','4','1122','0','1','0','0','0','0','0','17.38,1.65,-16.6901','-44','1'),
('3148011','','3148','1','60473','0','1','0','0','0','0','0','35.51,1.87,-31.7371','0','1'),
('3148012','','3148','1','60474','0','1','0','0','0','0','0','32.48,1.64,-21.4097','0','1'),
('3148013','','3148','1','60475','0','1','0','0','0','0','0','13.55,1.643,-23.190','0','1'),
('3148014','','3148','1','60476','0','1','0','0','0','0','0','-6.98,0.066,10.1491','0','1'),
('3148015','','3148','1','60477','0','1','0','0','0','0','0','-11.8,0.066,0.17103','0','1'),
('3148016','','3148','1','60478','0','1','0','0','0','0','0','-24.2,2.931,24.5601','0','1'),
('3148017','','3148','1','60479','0','1','0','0','0','0','0','-40.9,2.527,20.9101','0','1'),
('3148018','','3148','1','60480','0','1','0','0','0','0','0','-2.30,0.066,13.6131','0','1'),
('3148019','','3148','1','60481','0','1','0','0','0','0','0','-36.3,2.527,16.9801','0','1'),
('3148020','','3148','2','200823','1','1','1','0','0','0','59','','0','1'),
('3148021','','3148','2','200824','2','1','1','0','0','0','59','','0','1'),
('3148022','','3148','1','30706','0','1','0','0','0','0','0','17.03,1.644,-15.571','45','1'),
('20010285','','2001','1','30706','0','1','0','0','0','0','0','-97.34,2.18,22.18','0','1');

INSERT INTO `game_map` (`id`, `name`, `group`, `type`, `map_attr`, `map_times`, `team_max`, `team_min`, `fire`, `money`, `user_exp`, `hero_exp`, `exp_ball`, `reward_id`, `time`) VALUES 
(3148, '奥兹家族-地下研究室', 1, 3, 0, 1, 0, 0, 0, 0, 0, 0, 0, 0, 2400);

INSERT INTO `valve` (`id`, `valve_status`, `type`, `data1`, `data2`) VALUES 
(1122, 0, 3, 0, 0);

INSERT INTO `award_acquire` (`award_id`, `award_group`, `award_type`, `award_type_id`, `item_num`, `max_get_rate`, `min_get_rate`) VALUES 
(1000970, 1, 1, 3060120, 2, 10000, 0),
(1000970, 1, 1, 3060030, 1, 10000, 0);
