###################################################
#20190912[终焉誓约][任务脚本]【普通副本】【神迹实验室】调整(倪祖伟)
#by:倪祖伟
#date:2019-09-12
#论坛链接:http://forum.nderp.99.com/Forum/TopicList-341031.aspx
###################################################
#注释部分
DELETE FROM `award_acquire` WHERE `award_id`=1000835;
DELETE FROM `attribute` WHERE `id`>=1001199 AND `id`<=1001201;
#打开注释部分
DELETE FROM `monster` WHERE `id`>=1001199 AND `id`<=1001201;
DELETE FROM `monster_group` WHERE `id`>=200731 AND `id`<=200735;
###################################################
UPDATE `game_map` SET `type`=7, `reward_id`=1000835, `need_ap`=25, `auto`=1 WHERE `id`=3146;

INSERT INTO `award_acquire` (`award_id`, `award_group`, `award_type`, `award_type_id`, `item_num`, `max_get_rate`, `min_get_rate`) VALUES
(1000835,1,1,2011043,1,1000,0),
(1000835,1,1,2012043,1,2000,1000),
(1000835,1,1,2053043,1,3000,2000),
(1000835,1,1,2054043,1,4000,3000),
(1000835,3,1,4,25000,10000,0),
(1000835,3,1,8,25000,10000,0),
(1000835,3,1,3,4000,10000,0),
(1000835,3,1,5,240,10000,0),
(1000835,4,1,3060030,1,750,0),
(1000835,4,1,3030013,1,1000,750);


insert into attribute(`id`,`life`,`phy_atk`,`mgc_atk`,`phy_def`,`mgc_def`,`life_add`,`phy_atk_add`,`mgc_atk_add`,`phy_def_add`,`mgc_def_add`,`hit_rate`,`dodge_rate`,`critical_rate`,`critical_dmg`,`critical_def`,`parry_rate`,`parry_def`,`hitbreak_rate`,`hitback_xp`,`dmg_add`,`dmg_cut`,`ice_atk`,`fire_atk`,`dark_atk`,`light_atk`,`ice_def`,`fire_def`,`light_def`,`dark_def`) values
('1001199','151335','4248','4248','1699','1699','0','0','0','0','0','10000','500','1000','5000','0','0','3000','0','0','0','0','0','0','0','0','0','0','0','0'),
('1001200','118958','4174','4174','1669','1669','0','0','0','0','0','10000','500','1000','5000','0','0','3000','0','0','0','0','0','0','0','0','0','0','0','0'),
('1001201','151335','4248','4248','1699','1699','0','0','0','0','0','10000','0','1000','5000','0','0','3000','0','0','0','0','0','0','0','0','0','0','0','0');

insert into monster(`id`,`name`,`attr_type`,`type`,`sex`,`family`,`profession`,`level`,`attr_id`,`special_effects`,`own_skills`,`skill_que`,`skill_vis`,`skill_loop_que`,`skill_que_vis`,`action_id`) values
('1001199','超体智能1号','0','1','1','7','1','48','1001199','1021','1001601;1001602;1001603','0,1,2','0','0,1,0,2;0,1,2','0','0'),
('1001200','伊甸傀从','0','0','1','6','2','48','1001200','1031','1005801;1005802','0,0,1','0','0,0,1','0','0'),
('1001201','疯狂博士','0','2','1','4','1','49','1001201','1021','1001601;1001602;1001603','0,1,2','0','0,1,0,2;0,1,2','0','0');

insert into monster_group(`id`,`name`,`fight`,`multi_boss`,`monster`,`money`,`user_exp`,`hero_exp`,`exp_ball`,`reward_id`,`action_id`,`max_battle_time`,`battle_check`,`attack_status_id`,`fight_type`) values
('200731','超体智能1号','0','0','1001199','0','0','0','0','0','0','600000','0','1','0'),
('200732','伊甸傀从','0','0','1001200','0','0','0','0','0','0','600000','0','1','0'),
('200733','伊甸傀从','0','0','1001199','0','0','0','0','0','0','600000','0','1','0'),
('200734','伊甸傀从','0','0','1001200','0','0','0','0','0','0','600000','0','1','0'),
('200735','疯狂博士','0','0','1001201','0','0','0','0','0','0','600000','0','1','0');
