###################################################
#20200227[终焉誓约][任务脚本]】【多人副本】【黑龙战舰】制作(倪祖伟)
#by:倪祖伟
#date:2020-02-27
#论坛链接:http://forum.nderp.99.com/Forum/TopicList-360071.aspx
###################################################
#注释部分
delete from copymap_condition where id =3158;
delete from game_map where id =3158;
delete from monster where id >=1001673 and id <=1001680;
delete from attribute where id >=1001673 and id <=1001680;
delete from monster_group where id >=200830 and id <=200840;
delete from gen_event where id >=3158001 and id <=3158022;
delete from award_acquire where award_id >=1001040 and award_id <=1001043;
delete from npc_group where id in (40358,40359,40360,70051,21196,21197,21198);
delete from valve where id in (1139,1140);
#打开注释部分

###################################################
INSERT INTO `game_map` (`id`, `name`, `group`, `type`, `map_attr`, `map_times`, `team_max`, `team_min`, `fire`, `money`, `user_exp`, `hero_exp`, `exp_ball`, `reward_id`, `time`, `need_ap`, `auto`) VALUES 
(3158, '黑龙战舰', 1, 4, 0, 5, 3, 1, 1, 0, 0, 0, 0, 0, 3600, 0, 0);

INSERT INTO `copymap_condition` (`id`, `map_id`, `type`, `start_time`, `end_time`, `condition1_type`, `condition1_num`, `condition2_type`, `condition2_num`, `condition3_type`, `condition3_num`) VALUES 
(3158, 3158, 1, 120000, 235959, 1, 55, 0, 0, 0, 0);

insert into monster(`id`,`name`,`attr_type`,`type`,`sex`,`family`,`profession`,`level`,`attr_id`,`special_effects`,`own_skills`,`skill_que`,`skill_vis`,`skill_loop_que`,`skill_que_vis`,`action_id`) values
('1001673','黑龙战盾·投影','0','0','1','4','1','1','1001673','','5201501;5201502','0,0,1','0','0,0,1','0','0'),
('1001674','黑龙重剑·投影','0','0','1','4','1','1','1001674','','5202001;5202002','0,0,1,1;0,0','0','1,0,0,1;0,0,1,1;0,0','0','0'),
('1001675','摩尼耶·投影','0','1','1','4','1','1','1001675','','5201301;5201302;5201303','1,1,2;0,0,1','0','0,1,2;0,1,2,2;0,0,1;0,0,1','0','0'),
('1001676','深海巨鳍·投影','0','0','1','6','1','1','1001676','','5201801;5201802;5201803','0,2;2,0,1,0','0','0,2;2,1,1,1,0;0,0,1','0','0'),
('1001677','重卫机甲·特一型','0','1','1','4','1','1','1001677','','5202301;5202302;5202303','0,1,0,2;1,0,1','0','0,1,0,2;0,1,0;0,1,2;0,1,0','0','0'),
('1001678','重卫机甲·特二型','0','1','1','4','1','1','1001678','','5202401;5202402;5202403','1,0;0,1,0,2','0','0,1,0,2;0,1,0;0,1,2;0,1,0','0','0'),
('1001679','亚玻伦·投影','0','2','1','6','2','1','1001679','','5202201;5202202;5202203;5202204','0,1,2,3;1,0,2','0','0,2,1,3;0,1,2;0,1,1;1,2,3;1,0,2,1','0','0'),
('1001680','亚兹莫·投影','0','2','2','6','1','1','1001680','','900401;900402;900403;900404','0,1,3;1,0,1,2','0','0,2,3;0,1,2;0,1,1;1,2,3;1,0,2,1','0','0');

insert into monster_group(`id`,`name`,`fight`,`multi_boss`,`monster`,`money`,`user_exp`,`hero_exp`,`hero_impression`,`exp_ball`,`reward_id`,`action_id`,`max_battle_time`,`battle_check`,`attack_status_id`,`fight_type`) values
('200830','黑龙战盾·投影','1','0','1001673','0','0','0','5','0','0','0','600000','1','0','0'),
('200831','黑龙战盾·投影','1','0','1001673','0','0','0','5','0','0','0','600000','1','0','0'),
('200832','黑龙重剑·投影','1','0','1001674','0','0','0','5','0','0','0','600000','1','0','0'),
('200833','黑龙重剑·投影','1','0','1001674','0','0','0','5','0','0','0','600000','1','0','0'),
('200834','摩尼耶·投影','1','1','1001675','0','0','0','5','0','0','0','600000','0','0','0'),
('200835','深海巨鳍·投影','1','0','1001676','0','0','0','5','0','0','0','600000','1','0','0'),
('200836','深海巨鳍·投影','1','0','1001676','0','0','0','5','0','0','0','600000','1','0','0'),
('200837','重卫机甲·特一型','1','0','1001677','0','0','0','5','0','0','0','600000','0','0','0'),
('200838','重卫机甲·特二型','1','0','1001678','0','0','0','5','0','0','0','600000','0','0','0'),
('200839','亚玻伦·投影','1','1','1001679','0','0','0','5','0','0','0','600000','0','0','0'),
('200840','亚兹莫·投影','1','1','1001680','0','0','0','10','0','0','0','600000','0','0','0');

insert into gen_event(`id`,`name`,`mapid`,`event_type`,`event_id`,`path_id`,`flag`,`intask`,`story_id`,`life_time`,`level_id`,`battle_scene`,`position`,`rotation_y`,`scale`) values
('3158001','','3158','2','200830','1','0','0','0','0','0','74','','0','1'),
('3158002','','3158','2','200831','2','0','0','0','0','0','74','','0','1'),
('3158003','','3158','2','200832','3','0','0','0','0','0','74','','0','1'),
('3158004','','3158','2','200833','4','0','0','0','0','0','74','','0','1'),
('3158005','','3158','2','200834','5','0','1','0','0','0','74','','0','1'),
('3158006','','3158','2','200835','6','0','0','0','0','0','74','','0','1'),
('3158007','','3158','2','200836','7','0','0','0','0','0','74','','0','1'),
('3158008','','3158','2','200837','8','0','0','0','0','0','74','','0','1'),
('3158009','','3158','2','200838','9','0','0','0','0','0','74','','0','1'),
('3158010','','3158','2','200839','10','0','1','0','0','0','74','','0','1'),
('3158011','','3158','2','200840','11','0','1','0','0','0','74','','0','1'),
('3158012','','3158','1','40358','0','1','0','0','0','0','0','-29.17,13.022,7.427','180','1'),
('3158013','','3158','1','40359','0','1','0','0','0','0','0','-47.14,13.022,7.427','180','1'),
('3158014','','3158','1','40360','0','1','0','0','0','0','0','-106.6,18.285,0.101','90','1'),
('3158015','篝火','3158','1','70051','0','1','0','0','0','0','0','-112.8,21.990,-0.1','0','1'),
('3158016','摩尼耶·投影','3158','1','21196','0','1','0','0','0','0','0','-55.95,13.022,0.02','90','1'),
('3158017','亚玻伦·投影','3158','1','21197','0','1','0','0','0','0','0','-103.8,18.298,0.02','90','1'),
('3158018','亚兹莫·投影','3158','1','21198','0','1','0','0','0','0','0','-112.8,21.990,-0.1','90','1'),
('3158019','空气墙','3158','4','1139','0','1','0','0','0','0','0','-61.67,13.03,0.001','90','1'),
('3158020','空气墙','3158','4','1139','0','1','0','0','0','0','0','-103.2,22.01,10.82','90','1'),
('3158021','空气墙','3158','4','1139','0','1','0','0','0','0','0','-103.3.22.01.-11.1','90','1'),
('3158022','结界','3158','4','1140','0','1','0','0','0','0','0','-106.6,18.285,0.101','0','1');


insert into attribute(`id`,`life`,`phy_atk`,`mgc_atk`,`phy_def`,`mgc_def`,`life_add`,`phy_atk_add`,`mgc_atk_add`,`phy_def_add`,`mgc_def_add`,`hit_rate`,`dodge_rate`,`critical_rate`,`critical_dmg`,`critical_def`,`parry_rate`,`parry_def`,`hitbreak_rate`,`hitback_xp`,`dmg_add`,`dmg_cut`,`ice_atk`,`fire_atk`,`dark_atk`,`light_atk`,`ice_def`,`fire_def`,`light_def`,`dark_def`) values
('1001673','10000','1000','1000','400','400','0','0','0','0','0','10000','0','1000','5000','0','500','2000','0','0','0','0','0','0','0','0','0','0','0','0'),
('1001674','10000','1000','1000','400','400','0','0','0','0','0','10000','0','1000','5000','0','500','2000','0','0','0','0','0','0','0','0','0','0','0','0'),
('1001675','10000','1000','1000','400','400','0','0','0','0','0','10000','0','1000','5000','0','500','2000','0','0','0','0','0','0','0','0','0','0','0','0'),
('1001676','10000','1000','1000','400','400','0','0','0','0','0','10000','0','1000','5000','0','500','2000','0','0','0','0','0','0','0','0','0','0','0','0'),
('1001677','10000','1000','1000','400','400','0','0','0','0','0','10000','0','1000','5000','0','500','2000','0','0','0','0','0','0','0','0','0','0','0','0'),
('1001678','10000','1000','1000','400','400','0','0','0','0','0','10000','0','1000','5000','0','500','2000','0','0','0','0','0','0','0','0','0','0','0','0'),
('1001679','10000','1000','1000','400','400','0','0','0','0','0','10000','0','1000','5000','0','500','2000','0','0','0','0','0','0','0','0','0','0','0','0'),
('1001680','10000','1000','1000','400','400','0','0','0','0','0','10000','0','1000','5000','0','500','2000','0','0','0','0','0','0','0','0','0','0','0','0');

INSERT INTO `npc_group` (`id`, `name`, `req_level`) VALUES 
(40358, '纳雅货箱', 1),
(40359, '纳雅货箱', 1),
(40360, '战舰秘宝箱', 1),
(70051, '篝火', 1),
(21196, '摩尼耶·投影', 1),
(21197, '亚玻伦·投影', 1),
(21198, '亚兹莫·投影', 1);

INSERT INTO `award_acquire` (`award_id`, `award_group`, `award_type`, `award_type_id`, `item_num`, `max_get_rate`, `min_get_rate`) VALUES 
(1001040, 1, 1, 1, 10, 10000, 0),
(1001041, 1, 1, 1, 10, 10000, 0),
(1001042, 1, 1, 1, 10, 10000, 0),
(1001043, 1, 1, 1, 1000, 10000, 0);

INSERT INTO `valve` (`id`, `valve_status`, `type`, `data1`, `data2`) VALUES 
(1139, 0, 1, 0, 0),
(1140, 0, 1, 0, 0);
