###################################################
#20190514[终焉誓约][任务脚本]【多人副本】第三片区多人副本制(黄业勤)
#by:黄业勤
#date:2019-05-14
#ERP论坛：http://forum.nderp.99.com/Forum/TopicList-329389.aspx
###################################################
#注释部分
#delete from copymap_condition where id =3118;
#delete from game_map where id =3118;
#delete from attribute where id in (1000891,1000892,1000893,1000894,1000895,1000896,1000897,1000898,1000899,1000900,1001202);
#delete from gen_event where id >= 3118001 and id <= 3118028;
#delete from itemtype where id >= 7000346 and id <= 7000349;
#delete from monster where id in (1000891,1000892,1000893,1000894,1000895,1000896,1000897,1000898,1000899,1000900,1001202);
#delete from monster_group where id in (200579,200580,200581,200582,200583,200584,200585,200586,200587,200588,200736);
#delete from npc_group where id in (20861,20862,20863,20864,20865,20866,20867,20868,20869,20870,20871,20872,20873,20969,20970,40253,40254,40255,40256,60369,60370,60371,60372,60373,60374,70038);
#delete from award_acquire where award_id in (1000495,1000496,1000497,1000500);
#打开注释部分

###################################################
INSERT INTO `copymap_condition` (`id`, `map_id`, `type`, `start_time`, `end_time`, `condition1_type`, `condition1_num`, `condition2_type`, `condition2_num`, `condition3_type`, `condition3_num`) VALUES 
(3118, 3118, 1, 180000, 220000, 1, 55, 0, 0, 0, 0);

INSERT INTO `game_map` (`id`, `name`, `group`, `type`, `map_attr`, `map_times`, `team_max`, `team_min`, `fire`, `money`, `user_exp`, `hero_exp`, `exp_ball`, `reward_id`, `time`) VALUES 
(3118, '遗忘空海（组队）', 1, 4, 0, 5, 3, 2, 1, 0, 0, 0, 0, 1000500, 3600);

insert into attribute(`id`,`life`,`phy_atk`,`mgc_atk`,`phy_def`,`mgc_def`,`life_add`,`phy_atk_add`,`mgc_atk_add`,`phy_def_add`,`mgc_def_add`,`hit_rate`,`dodge_rate`,`critical_rate`,`critical_dmg`,`critical_def`,`parry_rate`,`parry_def`,`hitbreak_rate`,`hitback_xp`,`dmg_add`,`dmg_cut`,`ice_atk`,`fire_atk`,`dark_atk`,`light_atk`,`ice_def`,`fire_def`,`light_def`,`dark_def`) values
('1000891','10000','1000','1000','400','400','0','0','0','0','0','10000','0','1000','5000','0','500','2000','0','0','0','0','0','0','0','0','0','0','0','0'),
('1000892','10000','1000','1000','400','400','0','0','0','0','0','10000','0','1000','5000','0','500','2000','0','0','0','0','0','0','0','0','0','0','0','0'),
('1000893','10000','1000','1000','400','400','0','0','0','0','0','10000','0','1000','5000','0','500','2000','0','0','0','0','0','0','0','0','0','0','0','0'),
('1000894','10000','1000','1000','400','400','0','0','0','0','0','10000','0','1000','5000','0','500','2000','0','0','0','0','0','0','0','0','0','0','0','0'),
('1000895','10000','1000','1000','400','400','0','0','0','0','0','10000','0','1000','5000','0','500','2000','0','0','0','0','0','0','0','0','0','0','0','0'),
('1000896','10000','1000','1000','400','400','0','0','0','0','0','10000','0','1000','5000','0','500','2000','0','0','0','0','0','0','0','0','0','0','0','0'),
('1000897','10000','1000','1000','400','400','0','0','0','0','0','10000','0','1000','5000','0','500','2000','0','0','0','0','0','0','0','0','0','0','0','0'),
('1000898','10000','1000','1000','400','400','0','0','0','0','0','10000','0','1000','5000','0','500','2000','0','0','0','0','0','0','0','0','0','0','0','0'),
('1000899','10000','1000','1000','400','400','0','0','0','0','0','10000','0','1000','5000','0','500','2000','0','0','0','0','0','0','0','0','0','0','0','0'),
('1000900','10000','1000','1000','400','400','0','0','0','0','0','10000','0','1000','5000','0','500','2000','0','0','0','0','0','0','0','0','0','0','0','0'),
('1001202','10000','1000','1000','400','400','0','0','0','0','0','10000','0','1000','5000','0','500','2000','0','0','0','0','0','0','0','0','0','0','0','0');


insert into gen_event(`id`,`name`,`mapid`,`event_type`,`event_id`,`path_id`,`flag`,`intask`,`story_id`,`life_time`,`level_id`,`battle_scene`,`position`,`rotation_y`,`scale`) values
('3118001','摩尼耶','3118','2','200579','1','0','0','0','0','0','66','','0','1'),
('3118002','黑龙舰兵','3118','2','200580','2','0','0','0','0','0','66','','0','1'),
('3118003','合成怪','3118','2','200581','3','0','0','0','0','0','66','','0','1'),
('3118004','海魔','3118','2','200582','4','0','0','0','0','0','66','','0','1'),
('3118005','黑龙战士','3118','2','200583','5','0','0','0','0','0','66','','0','1'),
('3118006','扬博士','3118','2','200584','6','0','0','0','0','0','66','','0','1'),
('3118007','四蹄神','3118','2','200585','7','0','1','0','0','0','66','','0','1'),
('3118008','尼格斯','3118','2','200586','8','0','1','0','0','0','66','','0','1'),
('3118009','机械石像','3118','2','200587','9','0','1','0','0','0','66','','0','1'),
('3118010','愤怒','3118','2','200588','10','0','1','0','0','0','66','','0','1'),
('3118011','篝火','3118','1','70038','0','1','0','0','0','0','0','0.02,18.49,0.15','0','1'),
('3118012','四蹄神','3118','1','20861','0','0','0','0','0','0','0','13.86,13.10,32.19','198.45','1'),
('3118013','尼格斯','3118','1','20862','0','0','0','0','0','0','0','-31.42,13.10,-13.44','58.47','1'),
('3118014','机械石像','3118','1','20863','0','0','0','0','0','0','0','23.98,13.10,-23.94','312.39','1'),
('3118015','愤怒','3118','1','20864','0','1','0','0','0','0','0','0.02,18.49,0.15','140','1'),
('3118016','实验仪器箱','3118','1','40253','0','1','0','0','0','0','0','-66.41,15.59,4.94','49.09','1'),
('3118017','实验仪器箱','3118','1','40254','0','1','0','0','0','0','0','-4.01,15.58,67.22','184.09','1'),
('3118018','实验仪器箱','3118','1','40255','0','1','0','0','0','0','0','5.84,15.59,-58.23','49.09','1'),
('3118019','实验仪器箱','3118','1','40256','0','1','0','0','0','0','0','54.56,15.57,31.61','319.09','1'),
('3118020','四蹄神尸体','3118','1','20865','0','1','0','0','0','0','0','-31.42,13.10,-13.44','58.47','1'),
('3118021','尼格斯尸体','3118','1','20866','0','1','0','0','0','0','0','13.86,13.10,32.19','198.45','1'),
('3118022','机械石像尸体','3118','1','20867','0','1','0','0','0','0','0','23.98,13.10,-23.94','312.39','1'),
('3118023','亚兹莫','3118','2','200736','10','0','1','0','0','0','66','','0','1'),
('3118024','实验仪器箱','3118','1','40253','0','1','0','0','0','0','0','-4.01,15.58,67.22','184.09','1'),
('3118025','实验仪器箱','3118','1','40253','0','1','0','0','0','0','0','5.84,15.59,-58.23','49.09','1'),
('3118026','实验仪器箱','3118','1','40253','0','1','0','0','0','0','0','54.56,15.57,31.61','319.09','1'),
#亚兹莫  可以对话
('3118027','亚兹莫','3118','1','20969','0','1','0','0','0','0','0','0.02,18.49,0.15','140','1'),
#亚兹莫  不能对话
('3118028','亚兹莫','3118','1','20970','0','1','0','0','0','0','0','0.02,18.49,0.15','140','1');


insert into itemtype(`id`,`name`,`sort`,`amount_limit`,`flag`,`price`,`awardid`,`actionid`) values
('7000346','仪器箱钥匙','8','9999','2','0','0','0'),
('7000347','绝缘防护服','8','9999','10','0','0','0'),
('7000348','核磁治疗仪','8','9999','10','0','0','0'),
('7000349','高斯重装','8','9999','10','0','0','0');


insert into monster(`id`,`name`,`attr_type`,`type`,`sex`,`family`,`profession`,`level`,`attr_id`,`special_effects`,`own_skills`,`skill_que`,`skill_vis`,`skill_loop_que`,`skill_que_vis`,`action_id`) values
('1000891','摩尼耶','0','1','1','4','1','0','52013','','5200301;5200302','1,0,0,1;0,1,1','0','0,1,1;1,0,0,1','0','0'),
('1000892','黑龙舰兵','0','0','1','4','1','0','52015','','5200201;5200202','0,0,1','0','0,0,1','0','0'),
('1000893','合成怪','0','0','1','5','1','0','52014','','1000801;1000802','0,0,1;0,0,1','0','0,0,1;0,0,1','0','0'),
('1000894','海魔','0','1','1','6','1','0','9001029','1111','1001201;1001202;1001203','2,0,1,0;0,1,2','0','2,0,1,0;0,1,2','0','0'),
('1000895','黑龙战士','0','1','1','4','1','0','52003','','5200301;5200302','1,0,0,1;0,1,1','0','0,1,1;1,0,0,1','0','0'),
('1000896','扬博士','0','0','1','4','2','1','10058','1031','1005801;1005802','0,0,1','0','0,0,1','0','0'),
('1000897','四蹄神','0','2','1','6','1','0','52010','1141','5201001;5201002;5201003','2,0,1,2','0','2,1,0,2;0,1,2','0','0'),
('1000898','尼格斯','0','2','1','6','2','1','9001','','900101;900102;900103;900104','2,1,3;0,1,1','0','0,1,2;0,2,1,3;0,1,1','0','0'),
('1000899','机械石像','0','2','1','6','2','1','9002','','900201;900202;900203;900204','0,1,2,3;1,0,2,1','0','0,2,1,3;0,1,2;0,1,1;1,2,3;1,0,2,1','0','0'),
('1000900','愤怒','0','2','1','6','2','1','1000900','','900001;900002;900003;900004','2,1,3;0,1,1','0','0,1,2;0,2,1,3;0,1,1','0','0'),
('1001202','亚兹莫','0','2','2','6','1','1','1001202','','900401;900402;900403;900404','0,1,3;1,0,1,2','0','0,2,3;0,1,2;0,1,1;1,2,3;1,0,2,1','0','0');


insert into monster_group(`id`,`name`,`fight`,`multi_boss`,`monster`,`money`,`user_exp`,`hero_exp`,`exp_ball`,`reward_id`,`action_id`,`max_battle_time`,`battle_check`,`attack_status_id`,`fight_type`) values
('200579','摩尼耶','0','0','1000891','0','0','0','0','1000495','0','600000','0','0','0'),
('200580','黑龙舰兵','0','0','1000892','0','0','0','0','1000495','0','600000','0','0','0'),
('200581','合成怪','0','0','1000893','0','0','0','0','1000495','0','600000','0','0','0'),
('200582','海魔','0','0','1000894','0','0','0','0','1000495','0','600000','0','0','0'),
('200583','黑龙战士','0','0','1000895','0','0','0','0','1000495','0','600000','0','0','0'),
('200584','扬博士','0','0','1000896','0','0','0','0','1000495','0','600000','0','0','0'),
('200585','四蹄神','0','0','1000897','0','0','0','0','0','0','600000','0','0','0'),
('200586','尼格斯','0','0','1000898','0','0','0','0','0','0','600000','0','0','0'),
('200587','机械石像','0','0','1000899','0','0','0','0','0','0','600000','0','0','0'),
('200588','愤怒','0','1','1000900','0','0','0','0','0','0','600000','0','0','0'),
('200736','亚兹莫','0','1','1001202','0','0','0','0','0','0','600000','0','0','0');


insert into npc_group(`id`,`name`,`req_level`) values
('20861','亚兹莫','1'),
('20862','尼格斯','1'),
('20863','黑魂机翼艾斯','1'),
('20864','苍穹之主克鲁','1'),
('20865','亚兹莫','1'),
('20866','尼格斯','1'),
('20867','黑魂机翼艾斯','1'),
('40253','实验仪器箱','1'),
('40254','实验仪器箱','1'),
('40255','实验仪器箱','1'),
('40256','实验仪器箱','1'),
('70038','篝火','1'),
('20969','亚兹莫','1'),
('20970','亚兹莫','1');



INSERT INTO `award_acquire` (`award_id`, `award_group`, `award_type`, `award_type_id`, `item_num`, `max_get_rate`, `min_get_rate`) VALUES
#奖励小怪掉落
(1000495,1,1,7000346,1,10000,0),
#奖励箱子1  魔法容器
(1000496,1,1,7000347,1,10000,0),
#奖励箱子2 10钻
(1000497,1,1,1,10,10000,0),
#奖励副本通关
(1000500,1,1,1,1000,10000,0);

【终焉誓约】ERP317175【终焉誓约】【好感度任务】【兰奇-友好】任务制作--调整2版
（制作中）
http://forum.nderp.99.com/Forum/TopicList-358472.aspx
【终焉誓约】TQD96206_7【终焉誓约】限时活动—可通用的物品兑换弹窗功能_V1.00-SQL数据（已完成）
http://forum.nderp.99.com/Forum/TopicList-364219.aspx
【终焉誓约】ERP322363【终焉誓约】【自律联盟】自律联盟前置任务第一阶段制作（已提交）
http://forum.nderp.99.com/Forum/TopicList-364499.aspx
【终焉誓约】ERP322363【终焉誓约】【自律联盟】自律联盟前置任务第一阶段修改（已提交）
http://forum.nderp.99.com/Forum/TopicList-364499.aspx
【终焉誓约】配置六翼天神的对话半身像资源-SQL数据（已提交）
http://forum.nderp.99.com/Forum/TopicList-364908.aspx
【终焉誓约】战队等级 奖励体力与体力上限 修改（已提交）
http://forum.nderp.99.com/Forum/TopicList-365428.aspx
验收结果：
符合计划任务排期表，任务按期完成更新。




【终焉誓约】ERP317175【终焉誓约】【好感度任务】【兰奇-友好】任务制作--调整2版(已提交)
http://forum.nderp.99.com/Forum/TopicList-358472.aspx
【终焉誓约】ERP325088【终焉誓约】先导半身像调整（已提交）
http://forum.nderp.99.com/Forum/TopicList-366535.aspx
【终焉誓约】任务-TQD96206_7【终焉誓约】限时活动—可通用的物品兑换弹窗功能_V1.00-SQL数据（已完成）
http://forum.nderp.99.com/Forum/TopicList-364219.aspx
【终焉誓约】任务-TQD73632_13【终焉誓约】英雄启源--第3阶天赋装备属性加成_V1.00-SQL数据（已完成）
http://forum.nderp.99.com/Forum/TopicList-364948.aspx
【终焉誓约】任务-ERP318360【终焉誓约】【多人副本】【黑龙战舰】制作--调整1版（已完成）
http://forum.nderp.99.com/Forum/TopicList-360071.aspx
