###################################################
#20190813[终焉誓约][任务脚本]【怪盗副本】【哥布林巢穴】制作(倪祖伟)
#by:倪祖伟
#date:2019-08-13
#论坛链接:http://forum.nderp.99.com/Forum/TopicList-343299.aspx
###################################################
#注释部分
#DELETE FROM `game_map` WHERE `id`=3150;
#DELETE FROM `monster_group` WHERE `id`>=200759 AND `id`<=200766;
#DELETE FROM `monster` WHERE `id`>=1001231 AND `id`<=1001233;
#DELETE FROM `attribute` WHERE `id`>=1001231 AND `id`<=1001233;
#DELETE FROM `gen_event` WHERE `id`>=3150001 AND `id`<=3150025;
#DELETE FROM `npc_group` WHERE `id` in (40329,40330,40331,40340,40341,40342,40343,40344,40345,40346,40347);
#DELETE FROM `valve` WHERE `id`= 1128;
#打开注释部分

###################################################
INSERT INTO `game_map` (`id`, `name`, `group`, `type`, `map_attr`, `map_times`, `team_max`, `team_min`, `fire`, `money`, `user_exp`, `hero_exp`, `exp_ball`, `reward_id`, `time`) VALUES 
(3150, '哥布林巢穴', 1, 3, 0, 57, 0, 0, 0, 0, 0, 0, 0, 0, 2400);

insert into monster_group(`id`,`name`,`fight`,`multi_boss`,`monster`,`money`,`user_exp`,`hero_exp`,`exp_ball`,`reward_id`,`action_id`,`max_battle_time`,`battle_check`,`attack_status_id`,`fight_type`) values
('200759','邪恶的哥布林','0','0','1001231','0','0','0','0','0','0','600000','0','1','0'),
('200760','邪恶的哥布林','0','0','1001231','0','0','0','0','0','0','600000','0','1','0'),
('200761','贪婪的哥布林','0','0','1001232','0','0','0','0','0','0','600000','0','1','0'),
('200762','邪恶的哥布林','0','0','1001231','0','0','0','0','0','0','600000','0','1','0'),
('200763','邪恶的哥布林','0','0','1001231','0','0','0','0','0','0','600000','0','1','0'),
('200764','贪婪的哥布林','0','0','1001232','0','0','0','0','0','0','600000','0','1','0'),
('200765','贪婪的哥布林','0','0','1001232','0','0','0','0','0','0','600000','0','1','0'),
('200766','秘法魔箱','0','0','1001233','0','0','0','0','0','0','600000','0','1','0');

insert into monster(`id`,`name`,`attr_type`,`type`,`sex`,`family`,`profession`,`level`,`attr_id`,`special_effects`,`own_skills`,`skill_que`,`skill_vis`,`skill_loop_que`,`skill_que_vis`,`action_id`) values
('1001231','邪恶的哥布林','0','0','1','5','1','0','1001231','','1000701;1000702;1000703','1,0,1;0,2,1','0','1,0,1,0,1;0,1,0;0,1,2;1,0,1;2,0,1;1,0,1','0','0'),
('1001232','贪婪的哥布林','0','0','1','5','1','0','1001232','','1000501;1000502;1000503','0,2,1;1,0,1','0','0,1,0;0,1,2;1,0,1,0,1;1,0,1;2,0,1;1,0,1','0','0'),
('1001233','秘法魔箱','0','0','1','6','1','0','1001233','','1000901;1000902','0,0,1','0','0,0,1;0,1,1;0,0,1','0','0');

insert into attribute(`id`,`life`,`phy_atk`,`mgc_atk`,`phy_def`,`mgc_def`,`life_add`,`phy_atk_add`,`mgc_atk_add`,`phy_def_add`,`mgc_def_add`,`hit_rate`,`dodge_rate`,`critical_rate`,`critical_dmg`,`critical_def`,`parry_rate`,`parry_def`,`hitbreak_rate`,`hitback_xp`,`dmg_add`,`dmg_cut`,`ice_atk`,`fire_atk`,`dark_atk`,`light_atk`,`ice_def`,`fire_def`,`light_def`,`dark_def`) values
('1001231','9500','2300','2300','900','900','0','0','0','0','0','10000','0','1000','5000','0','3000','1000','0','0','0','0','0','0','0','0','0','0','0','0'),
('1001232','10000','1000','1000','400','400','0','0','0','0','0','10000','0','1000','5000','0','500','2000','0','0','0','0','0','0','0','0','0','0','0','0'),
('1001233','10000','1000','1000','400','400','0','0','0','0','0','10000','0','1000','5000','0','500','2000','0','0','0','0','0','0','0','0','0','0','0','0');

insert into gen_event(`id`,`name`,`mapid`,`event_type`,`event_id`,`path_id`,`flag`,`intask`,`story_id`,`life_time`,`level_id`,`battle_scene`,`position`,`rotation_y`,`scale`) values
('3150001','','3150','2','200759','1','1','0','0','0','0','53','','0','1'),
('3150002','','3150','2','200760','2','1','0','0','0','0','53','','0','1'),
('3150003','','3150','2','200761','3','1','0','0','0','0','53','','0','1'),
('3150004','','3150','2','200762','4','1','0','0','0','0','53','','0','1'),
('3150005','','3150','2','200763','6','1','0','0','0','0','53','','0','1'),
('3150006','','3150','2','200764','5','1','0','0','0','0','53','','0','1'),
('3150007','','3150','2','200765','7','1','0','0','0','0','53','','0','1'),
('3150008','秘法魔箱','3150','2','200766','8','1','0','0','0','0','53','','0','1'),
('3150009','秘法魔箱','3150','2','200766','9','1','0','0','0','0','53','','0','1'),
('3150010','秘法魔箱','3150','2','200766','10','1','0','0','0','0','53','','0','1'),
('3150011','秘法魔箱','3150','2','200766','11','1','0','0','0','0','53','','0','1'),
('3150012','秘法魔箱','3150','2','200766','12','1','0','0','0','0','53','','0','1'),
('3150013','秘法魔箱','3150','2','200766','13','1','0','0','0','0','53','','0','1'),
('3150014','尤金妮娅的宝箱','3150','1','40329','0','1','0','0','0','0','0','-48.908,0.03,29.013','180.08','1'),
('3150015','尤金妮娅的宝箱','3150','1','40330','0','1','0','0','0','0','0','-59.174,0.03,25.334','148.31','1'),
('3150016','尤金妮娅的宝箱','3150','1','40331','0','1','0','0','0','0','0','-70.974,0.41,10.286','-41.81','1'),
('3150017','尤金妮娅的宝箱','3150','1','40340','0','1','0','0','0','0','0','-85.184,0.03,11.261','77.017','1'),
('3150018','尤金妮娅的宝箱','3150','1','40341','0','1','0','0','0','0','0','-49.602,0.03,40.601','-131.1','1'),
('3150019','尤金妮娅的宝箱','3150','1','40342','0','1','0','0','0','0','0','-65.883,0.03,47.021','146.31','1'),
('3150020','尤金妮娅的宝箱','3150','1','40343','0','1','0','0','0','0','0','','0','1'),
('3150021','尤金妮娅的宝箱','3150','1','40344','0','1','0','0','0','0','0','','0','1'),
('3150022','尤金妮娅的宝箱','3150','1','40345','0','1','0','0','0','0','0','','0','1'),
('3150023','尤金妮娅的宝箱','3150','1','40346','0','1','0','0','0','0','0','','0','1'),
('3150024','尤金妮娅的宝箱','3150','1','40347','0','1','0','0','0','0','0','','0','1'),
('3150025','空气墙','3150','4','1128','0','1','0','0','0','0','0','-37.30,0.03,15.635','-57.945','1');


INSERT INTO `npc_group` (`id`, `name`, `req_level`) VALUES 
(40329, '尤金妮娅的宝箱', 1),
(40330, '尤金妮娅的宝箱', 1),
(40331, '尤金妮娅的宝箱', 1),
(40340, '尤金妮娅的宝箱', 1),
(40341, '尤金妮娅的宝箱', 1),
(40342, '尤金妮娅的宝箱', 1),
(40343, '尤金妮娅的宝箱', 1),
(40344, '尤金妮娅的宝箱', 1),
(40345, '尤金妮娅的宝箱', 1),
(40346, '尤金妮娅的宝箱', 1),
(40347, '尤金妮娅的宝箱', 1);

INSERT INTO `valve` (`id`, `valve_status`, `type`, `data1`, `data2`) VALUES 
(1128, 0, 3, 0, 0);
