,optional,optional,optional,optional,repeated,optional,optional,optional,optional,optional,optional,optional,optional,optional,optional,optional
,uint32,string,uint32,uint32,uint32,uint32,uint32,uint32,uint32,uint32,uint32,uint32,uint32,uint32,uint32,uint32
,id,name,fight,multi_boss,monster,money,user_exp,hero_exp,hero_impression,exp_ball,reward_id,action_id,max_battle_time,battle_check,attack_status_id,fight_type
备注,ID,备注,战力,多人boss,怪物id,掉落金币,战队经验,英雄经验,英雄好感度,经验球经验,奖励id,事件id,战斗限时,战斗检测,偷袭状态,战斗力压制算法类型
玫瑰团追随者,200061,玫瑰团追随者,1,0,1001041,0,0,0,5,0,1000829,0,600000,0,1,0
玫瑰团流浪者,200062,玫瑰团雇佣兵,1,0,1001042;1000999,0,0,0,5,0,1000830,0,600000,0,1,0
黑色蔷薇费玛,200067,黑色蔷薇费玛,1,0,1001044,0,0,0,5,0,1000831,0,600000,0,0,0
强盗贝拉,200068,强盗贝拉,1,0,1001045,0,0,0,5,0,1000011,0,600000,0,0,0
,200072,熔岩丧尸,0,0,1000079,5000,0,0,5,0,0,0,600000,0,1,0
,200074,不死丧尸,0,0,1000078,5000,0,0,5,0,0,0,600000,0,0,0
,200075,扭曲丧尸,0,0,1000080,5000,0,0,5,0,0,0,600000,0,0,0
,200076,禁卫督军莱克,2373,0,1000081,10000,0,0,5,0,0,0,600000,0,0,3
,200082,武装哥布林,1,0,1000289,5000,0,0,5,0,0,0,600000,0,1,0
,200090,食人魔佣兵,0,0,1000292,3000,0,0,5,0,0,0,600000,0,1,0
战魂之灵·冰,200101,幻阵之魂·冰,0,0,1001065,0,0,0,5,0,0,0,600000,1,0,0
战魂之灵·火,200102,幻阵之魂·火,0,0,1001064,0,0,0,5,0,0,0,600000,1,0,0
战魂之灵·光,200103,幻阵之魂·光,0,0,1001066,0,0,0,5,0,0,0,600000,1,0,0
战魂之灵·暗,200104,幻阵之魂·暗,0,0,1001067,0,0,0,5,0,0,0,600000,1,0,0
诺尔,200105,诺尔,2660,0,1001068,10000,0,0,5,0,0,0,600000,0,0,3
贪婪,200106,贪婪,200000,0,1001069,5000,0,0,5,0,0,0,600000,0,0,0
哀嚎神殿副本怪C,200109,亡魂死徒,0,0,1001061;1001061,5000,0,0,5,0,0,0,600000,0,1,0
哀嚎神殿副本怪D,200110,亡魂死徒,0,0,1001061;1001061;1001062,5000,0,0,5,0,0,0,600000,0,1,0
哀嚎神殿副本怪F,200112,亡魂死士,0,0,1001062;1001062,5000,0,0,5,0,0,0,600000,0,1,0
哀嚎神殿副本怪I,200115,亡魂死徒,0,0,1001061;1001061;1001062,5000,0,0,5,0,0,0,600000,0,1,0
哀嚎神殿副本怪J,200116,黑骑士迪亚,2660,0,1001070;1001061;1001061,5000,0,0,5,0,0,0,600000,0,1,3
哀嚎神殿副本怪L,200118,狮心魔骑贝恩,2660,0,1001063;1001061;1001061,5000,0,0,5,0,0,0,600000,0,1,3
,200121,巨刃鹿角兽,0,0,1001051,5000,0,0,5,0,0,0,600000,0,1,0
,200122,巨刃鹿角兽,0,0,1001051,5000,0,0,5,0,0,0,600000,0,1,0
,200124,巨刃鹿角兽,0,0,1001053,5000,0,0,5,0,0,0,600000,0,0,0
,200125,食魂鹿角兽,0,0,1001055,5000,0,0,5,0,0,0,600000,0,0,0
,200128,嗜血死神萨米尔,3116,0,1001056,10000,0,0,5,0,0,0,600000,0,0,3
,200133,吞骨沙虫,0,0,1000144,5000,0,0,5,0,0,0,600000,0,1,0
,200134,沙河虫,0,0,1000143,5000,0,0,5,0,0,0,600000,0,1,0
,200135,毒尾蝎,3116,0,1000145,5000,0,0,5,0,0,0,600000,0,1,3
,200136,吞骨沙虫,0,0,1000144,5000,0,0,5,0,0,0,600000,0,1,0
,200137,沙原魔蝎斯科恩,3274,0,1000146,10000,0,0,5,0,0,0,600000,0,1,3
,200151,白眼独狼,1,0,1000293,5000,0,0,5,0,0,0,600000,0,1,0
,200152,隐雾狐,1,0,1000294,5000,0,0,5,0,0,0,600000,0,1,0
,200153,霜晶巨熊,1,0,1000297,5000,0,0,5,0,0,0,600000,0,1,0
,200156,碎魂狼王乌迪尔,1,0,1000296,10000,0,0,5,0,0,0,600000,0,0,0
左相府卫兵,200160,左相府卫兵,5000,0,1000121,0,0,0,5,0,0,0,600000,0,0,0
,200161,巨刃鹿角兽,1,0,1000128;1000128;1000128,0,0,0,5,0,1000023,0,600000,0,1,0
,200162,巨刃鹿角兽,1,0,1000129;1000480;1000480,0,0,0,5,0,1000023,0,600000,0,1,0
,200163,食魂鹿角兽,1,0,1000130;1000480;1000480,0,0,0,5,0,1000024,0,600000,0,1,0
鹿角兽队长,200164,鹿角男爵尤克,1,0,1000131;1000480;1000480,0,0,0,5,0,0,0,600000,0,1,0
亡魂死徒,200165,亡魂死徒,1,0,1000132,0,0,0,5,0,1000023,0,600000,0,1,0
亡魂死士,200166,亡魂死士,1,0,1000133,0,0,0,5,0,1000023,0,600000,0,1,0
黑骑士佩兰,200167,黑骑士佩兰,1,0,1000134,0,0,0,5,0,1000024,0,600000,0,1,0
狮心魔骑巴兹,200168,狮心魔骑巴兹,1,0,1000135,0,0,0,5,0,0,0,600000,0,1,0
野蛮孤狼,200169,野蛮孤狼,1,0,1000136,0,0,0,5,0,1000023,0,600000,0,1,0
碎魂狼王乌迪尔,200170,狼爵士普洛,1,0,1000137,0,0,0,5,0,1000024,0,600000,0,1,0
草原蝎子,200171,魔尾蝎,1,0,1000138,0,0,0,5,0,1000023,0,600000,0,1,0
蝎怪,200172,魔蝎王艾德,1,0,1000139,0,0,0,5,0,0,0,600000,0,1,0
贪婪,200173,贪婪,1,1,1000140,0,0,0,10,0,0,0,600000,0,1,0
,200176,地下矿工,0,0,1000147;1000148,5000,0,0,5,0,0,0,600000,0,0,0
,200177,地下矿工,0,0,1000147;1000148,5000,0,0,5,0,0,0,600000,0,0,0
,200178,地下矿工,0,0,1000147;1000148,5000,0,0,5,0,0,0,600000,0,0,0
,200179,矮巨人钢锤,3767,0,1000149,5000,0,0,5,0,0,0,600000,0,1,3
,200182,檐鬼,3938,0,1000151,10000,0,0,5,0,0,0,600000,0,0,3
巫傀,200188,巫傀,0,0,1000153,5000,0,0,5,0,0,0,600000,0,0,0
巫傀,200189,巫傀,0,0,1000153,5000,0,0,5,0,0,0,600000,0,0,0
巫傀,200190,巫傀,0,0,1000153,5000,0,0,5,0,0,0,600000,0,0,0
,200191,女巫菲梅,3116,0,1000154,0,0,0,5,0,1000087,0,600000,0,0,0
,200197,食魂鹿角兽,0,0,1000170,0,0,0,5,0,0,0,600000,0,1,0
,200198,巨刃鹿角兽,0,0,1000171,0,0,0,5,0,0,0,600000,0,0,0
,200199,巨刃鹿角兽,0,0,1000172,0,0,0,5,0,0,0,600000,0,1,0
,200200,巨刃鹿角兽,0,0,1000173,0,0,0,5,0,0,0,600000,0,1,0
,200201,鹿角兽领主,0,0,1000174,0,0,0,5,0,0,0,600000,0,1,0
,200202,叛军统领,0,0,1000175,0,0,0,5,0,1000030,0,600000,0,1,0
,200203,叛军守卫,0,0,1000176,5000,0,0,5,0,0,0,600000,0,0,0
,200204,默希娅,3767,0,1000177,10000,0,0,5,0,0,0,600000,1,0,3
,200205,不死丧尸,0,0,1000178,0,0,0,5,0,0,0,600000,0,0,0
,200206,熔岩丧尸,0,0,1000179,0,0,0,5,0,0,0,600000,0,0,0
,200207,变异丧尸,40000,0,1000180,0,0,0,5,0,0,0,600000,0,0,0
,200208,丧尸傀儡师,0,0,1000181,0,0,0,5,0,0,0,600000,0,0,0
,200209,叛军统领,0,0,1000175,0,0,0,5,0,1000030,0,600000,1,1,0
,200210,叛军统领,0,0,1000175,0,0,0,5,0,1000030,0,600000,1,1,0
,200211,叛军守卫,0,0,1000176,5000,0,0,5,0,0,0,600000,0,0,0
,200213,亡魂死士,0,0,1000182;1000182,0,0,0,5,0,0,0,600000,0,1,0
,200214,绝望之魂,0,0,1000183,0,0,0,5,0,0,0,600000,0,0,0
,200217,黑骑战魂,0,0,1000184,0,0,0,5,0,0,0,600000,0,0,0
,200219,暗渊法师,0,0,1000185,0,0,0,5,0,0,0,600000,0,0,0
,200226,贪婪的哥布林,1,0,1000193,0,0,0,5,0,0,0,600000,0,1,0
,200227,贪婪的哥布林,1,0,1000193,0,0,0,5,0,0,0,600000,0,1,0
,200228,贪婪的哥布林,1,0,1000193,0,0,0,5,0,0,0,600000,0,1,0
,200229,食人魔佣兵,0,0,1000195,0,0,0,5,0,0,0,600000,0,1,0
,200230,哥布林哈克,40000,0,1000196,0,0,0,5,0,0,0,600000,0,0,0
,200232,野蛮孤狼,40000,0,1000198,0,0,0,5,0,0,0,600000,0,1,0
,200233,残暴孤熊,1,0,1000199,0,0,0,5,0,0,0,600000,0,1,0
,200234,白眼独狼,1,0,1000200,0,0,0,5,0,0,0,600000,0,0,0
,200235,冰霜巨熊,1,0,1000201,0,0,0,5,0,0,0,600000,0,1,0
,200236,摄魂狼王,1,0,1000202,0,0,0,5,0,0,0,600000,0,0,0
,200237,叛军统领,0,0,1000232,0,0,0,5,0,0,0,600000,0,0,0
,200238,叛军统领,0,0,1000232,0,0,0,5,0,0,0,600000,0,0,0
,200239,叛军守卫,0,0,1000233,0,0,0,5,0,0,0,600000,0,1,0
,200241,叛军女王,0,0,1001173,0,0,0,5,0,0,0,600000,0,0,0
,200242,毒尾蝎,0,0,1000236,0,0,0,5,0,0,0,600000,0,1,0
,200243,毒尾蝎,0,0,1000236,0,0,0,5,0,0,0,600000,0,1,0
,200244,毒尾蝎,0,0,1000236,0,0,0,5,0,0,0,600000,0,1,0
,200245,毒尾蝎,0,0,1000236,0,0,0,5,0,0,0,600000,0,1,0
,200246,沙海蝎主,0,0,1000237,0,0,0,5,0,0,0,600000,0,1,0
,200247,地下矿工,0,0,1000238,0,0,0,5,0,0,0,600000,0,0,0
,200248,矮巨人钢锤,0,0,1000239,0,0,0,5,0,0,0,600000,0,0,0
,200249,矿洞领主,0,0,1000240,0,0,0,5,0,0,0,600000,0,0,0
,200250,地下矿工,0,0,1000238,0,0,0,5,0,0,0,600000,0,1,0
受惊的僵尸(潜伏),200251,扭曲不死者,0,0,1000247;1000957,5000,0,0,5,0,0,0,600000,0,1,0
僵尸妈妈(潜伏),200252,糜烂不死者,4111,0,1000248,5000,0,0,5,0,0,0,600000,0,1,3
A型感染者(潜伏),200253,腐灼不死者,4111,0,1000249,5000,0,0,5,0,0,0,600000,0,1,3
魅魔,200254,魅魔修狄斯,4287,0,1000250,10000,0,0,5,0,0,0,600000,0,0,3
僵尸妈妈(巡逻),200256,糜烂不死者,4111,0,1000252,5000,0,0,5,0,0,0,600000,0,1,3
A型感染者(巡逻),200257,腐灼不死者,4111,0,1000253,5000,0,0,5,0,0,0,600000,0,1,3
,200259,巫傀,0,0,9000161,0,0,0,5,0,0,0,600000,0,0,0
,200260,巫傀,0,0,9000161,0,0,0,5,0,0,0,600000,0,0,0
,200261,巫傀,0,0,9000161,0,0,0,5,0,0,0,600000,0,0,0
,200262,末日女巫,0,0,9000162,0,0,0,5,0,0,0,600000,0,0,0
魅魔,200263,魅魔修狄斯,4830,0,1000258,10000,0,0,5,0,0,0,600000,0,0,3
精灵战士,200264,精灵族剑士,0,0,1000256,5000,0,0,5,0,0,0,600000,0,1,0
精灵弓箭手,200265,精灵族射手,0,0,1000257,5000,0,0,5,0,0,0,600000,0,1,0
恶魔修帝,200266,石像鬼塔比瑟,4830,0,1000259,10000,0,0,5,0,0,0,600000,0,0,3
绿林花妖,200267,荆棘花妖,0,0,1000255,5000,0,0,5,0,0,0,600000,0,1,0
双枪毒蝎,200268,双枪毒蝎,0,0,1000271,5000,0,0,5,0,0,0,600000,0,0,0
蜘蛛女王,200271,蜘蛛女王艾达,5015,0,1000260,10000,0,0,5,0,0,0,600000,0,0,3
,200272,腐灼不死者,0,0,1000264,0,0,0,5,0,0,0,600000,0,0,0
,200273,扭曲不死者,0,0,1000265,0,0,0,5,0,0,0,600000,0,0,0
,200274,腐烂不死者,0,0,1000266,0,0,0,5,0,0,0,600000,0,0,0
,200275,躁郁不死者,0,0,1000267;1000267,0,0,0,5,0,0,0,600000,0,0,0
,200276,魅惑巫妖,0,0,1000268,0,0,0,5,0,0,0,600000,0,0,0
精灵族剑士,200280,精灵族剑士,0,0,1000273,0,0,0,5,0,0,0,600000,0,0,0
精灵族射手,200281,精灵族射手,0,0,1000274,0,0,0,5,0,0,0,600000,0,0,0
荆棘花妖,200283,荆棘花妖,0,0,1000272,0,0,0,5,0,0,0,600000,0,0,0
暗幕蛛王,200285,暗幕蛛王,0,0,1000278,0,0,0,5,0,0,0,600000,0,0,0
,200286,邪冥领主弗德,1,0,1000298,0,0,0,5,0,0,0,600000,0,1,0
,200287,苍蓝领主拉弥娅,1,0,1000299,0,0,0,5,0,0,0,600000,0,1,0
,200288,石像领主厄迦,1,0,1000300,0,0,0,5,0,0,0,600000,0,1,0
,200289,亡魂死徒,1,0,1000301;1000301,0,0,0,5,0,0,0,600000,0,1,0
,200290,巨刃鹿角兽,1,0,1000302,0,0,0,5,0,0,0,600000,0,1,0
,200291,亡魂死士,1,0,1000303,0,0,0,5,0,0,0,600000,0,1,0
,200292,巨刃鹿角兽,1,0,1000304,0,0,0,5,0,0,0,600000,0,1,0
,200293,深渊毒角兽,1,0,1000305,0,0,0,5,0,0,0,600000,0,1,0
,200294,亡魂死徒,1,0,1000306,0,0,0,5,0,0,0,600000,0,1,0
,200295,亡魂死士,1,0,1000307,0,0,0,5,0,0,0,600000,0,1,0
,200296,暗黑骑士,1,0,1000308,0,0,0,5,0,0,0,600000,0,1,0
,200297,巨刃鹿角兽,1,0,1000309,0,0,0,5,0,0,0,600000,0,1,0
,200298,巨刃鹿角兽,1,0,1000310,0,0,0,5,0,0,0,600000,0,1,0
,200299,阔斧鹿角兽,1,0,1000311,0,0,0,5,0,0,0,600000,0,1,0
,200300,食魂鹿角兽,1,0,1000312,0,0,0,5,0,0,0,600000,0,1,0
,200301,魔影骑兵,1,0,1000313,0,0,0,5,0,0,0,600000,0,1,0
,200302,嗜血死神萨米尔,1,1,1000314,0,0,0,10,0,0,0,600000,0,1,0
,200303,失心丧尸,100000,0,1000315,0,0,0,5,0,0,0,600000,0,0,0
,200304,矮巨人钢锤,100000,0,1000316,0,0,0,5,0,0,0,600000,0,0,0
,200305,蚀魔狐,0,0,1000317;1000729,8000,0,0,5,0,0,0,600000,0,1,0
,200306,褐尾蝎,0,0,1000318,8000,0,0,5,0,0,0,600000,0,0,0
,200307,褐尾蝎,0,0,1000319,8000,0,0,5,0,0,0,600000,0,0,0
,200308,蓝铠骨魔,0,0,1000320;1000730,8000,0,0,5,0,0,0,600000,0,1,0
,200309,枭鹰领主夏妮,5782,0,1000321,8000,0,0,5,0,0,0,600000,0,0,3
,200310,枭鹰领主夏妮,0,0,1000322,50000,0,0,5,0,0,0,600000,0,0,0
,200311,枭鹰族猎手,5587,0,9000213,50000,0,0,5,0,0,0,600000,0,0,3
,200312,蚀魔狐,0,0,9000214;9000410,8000,0,0,5,0,0,0,600000,0,1,0
,200313,蓝铠骨魔,0,0,9000215;9000411,8000,0,0,5,0,0,0,600000,0,1,0
,200323,蚀魔狐,0,0,9000214;9000410,8000,0,0,5,0,0,0,600000,0,1,0
,200324,蓝铠骨魔,0,0,9000215;9000411,8000,0,0,5,0,0,0,600000,0,1,0
,200325,宝箱怪,40000,0,1000374,0,0,0,5,0,0,0,600000,0,0,0
,200326,伊甸傀从,0,0,1000834,8000,0,0,5,0,0,0,600000,0,0,0
,200327,伊甸傀从,0,0,9000276,8000,0,0,5,0,0,0,600000,0,1,0
,200328,伊甸傀从,0,0,9000276,8000,0,0,5,0,0,0,600000,0,1,0
,200329,贝希摩斯1号,5979,0,9000277,8000,0,0,5,0,0,0,600000,0,0,3
,200330,希波,5979,0,9000278,50000,0,0,5,0,0,0,600000,0,0,3
,200331,哈扎克,0,0,1000481,0,0,0,5,0,0,0,600000,0,1,0
,200332,哈扎克,0,0,1000482,0,0,0,5,0,0,0,600000,0,1,0
,200333,哈扎克,0,0,1000483,0,0,0,5,0,0,0,600000,0,1,0
,200352,海蓝蛮狐,0,0,1000510;1000831,0,0,0,5,0,1000474,0,600000,0,1,0
,200353,深海巨鳍,0,0,1000511;1000832,0,0,0,5,0,1000475,0,600000,0,0,0
,200354,海蓝蛮狐,0,0,1000512;1000833,0,0,0,5,0,1000476,0,600000,0,1,0
,200355,扬博士,8747,0,1000513,0,0,0,5,0,1000477,0,600000,0,0,3
,200356,默希娅,8747,0,1000514,0,0,0,5,0,1000478,0,600000,0,0,3
,200357,不死丧尸,0,0,1000523,0,0,0,5,0,0,0,600000,0,1,0
,200358,熔岩丧尸,0,0,1000524,0,0,0,5,0,0,0,600000,0,1,0
,200359,糜烂丧尸,0,0,1000525,0,0,0,5,0,0,0,600000,0,1,0
绿野剑士,200360,绿野剑士,18000,0,1000526,0,0,0,5,0,0,0,600000,0,0,0
锤子团佣兵,200361,锤子团佣兵,18000,0,1000527,0,0,0,5,0,0,0,600000,0,0,0
锤子团统领,200362,锤子团统领,20000,0,1000528,0,0,0,5,0,0,0,600000,0,0,0
巫傀,200363,巫傀,18000,0,1000529,0,0,0,5,0,0,0,600000,0,0,0
荒原女巫,200364,荒原女巫,20000,0,1000530,0,0,0,5,0,0,0,600000,0,0,0
矮巨人铁锤,200365,矮巨人铁锤,18000,0,1000531,0,0,0,5,0,0,0,600000,0,0,0
矮巨人酋长,200366,矮巨人酋长,20000,0,1000532,0,0,0,5,0,0,0,600000,0,0,0
绿野射手,200367,绿野射手,18000,0,1000533,0,0,0,5,0,0,0,600000,0,0,0
藤蔓花妖,200368,藤蔓花妖,18000,0,1000534,0,0,0,5,0,0,0,600000,0,0,0
黄金圣骑,200369,黄金圣骑,21000,0,1000535,0,0,0,5,0,0,0,600000,0,0,0
噬灵邪法师,200370,噬灵邪法师,21000,0,1000536,0,0,0,5,0,0,0,600000,0,0,0
蜘蛛女王艾达,200371,蜘蛛女王艾达,23000,1,1000537,0,0,0,10,0,0,0,600000,0,0,0
,200374,迷失的灵魂,0,0,1000542;1000543,0,0,0,5,0,0,0,600000,0,1,0
,200375,迷失的灵魂,0,0,1000542;1000543,0,0,0,5,0,0,0,600000,0,1,0
,200376,迷失的灵魂,0,0,1000544,0,0,0,5,0,0,0,600000,0,0,0
,200377,冒险者,0,0,1000545;1000546,0,0,0,5,0,0,0,600000,0,0,0
,200378,冒险者,0,0,1000547,0,0,0,5,0,0,0,600000,0,0,0
,200382,男爵仆从,0,0,1000552,0,0,0,5,0,0,0,600000,0,0,0
冰霜战魂,200383,冰霜战魂,0,0,1000553,0,0,0,5,0,0,0,600000,0,0,0
火焰战魂,200384,火焰战魂,0,0,1000554,0,0,0,5,0,0,0,600000,0,0,0
光耀战魂,200385,光耀战魂,0,0,1000555,0,0,0,5,0,0,0,600000,0,0,0
幽暗战魂,200386,幽暗战魂,0,0,1000556,0,0,0,5,0,0,0,600000,0,0,0
,200388,男爵仆从,0,0,1000552,0,0,0,5,0,0,0,600000,0,0,0
,200391,猩红魔箱,999999,0,1000557,0,0,0,5,0,0,0,600000,0,0,0
,200399,黑龙战盾,0,0,1000592;1000592,8000,0,0,5,0,0,0,600000,0,1,0
,200400,黑翼骑士长,0,0,1000593;1000592,8000,0,0,5,0,0,0,600000,0,1,0
,200401,摩尼耶,6785,0,1000594,20000,0,0,5,0,0,0,600000,0,0,3
,200402,尼格斯,6785,0,1000595,50000,0,0,5,0,0,0,600000,0,0,3
,200406,黑龙战盾,0,0,1000599;1000599,8000,0,0,5,0,0,0,600000,0,1,0
,200407,黑龙重剑,0,0,1000600;1000599,8000,0,0,5,0,0,0,600000,0,0,0
,200408,黑龙战盾,0,0,1000599;1000599,8000,0,0,5,0,0,0,600000,0,1,0
,200409,黑翼骑士长约伯,5204,0,1000601,50000,0,0,5,0,0,0,600000,0,0,3
,200410,黑龙重剑,0,0,1000603;1000602,8000,0,0,5,0,0,0,600000,0,1,0
,200411,黑龙战盾,0,0,1000602;1000602,8000,0,0,5,0,0,0,600000,0,1,0
,200412,摩尼耶,6991,0,1000604,20000,0,0,5,0,0,0,600000,0,0,3
,200413,机翼钢魂亚玻伦,6991,0,1000605,0,0,0,5,0,1000467,0,600000,0,0,3
,200414,黑龙战盾,0,0,1000602;1000602,8000,0,0,5,0,0,0,600000,0,1,0
,200415,黑龙重剑,0,0,1000603;1000602,8000,0,0,5,0,0,0,600000,0,1,0
,200416,亚兹莫,0,0,1000606,50000,0,0,5,0,0,0,600000,0,0,0
,200417,黑龙战盾,0,0,1000602;1000602,8000,0,0,5,0,0,0,600000,0,1,0
,200421,咬人怪箱,200000,0,1000734,5000,0,0,5,0,0,0,600000,0,0,0
,200422,飞天魔箱帕琪,500000,0,1000735,0,0,0,5,0,1000376,0,600000,0,0,0
,200423,伊甸傀从,5979,0,1000736,0,0,0,5,0,1000480,0,600000,0,1,3
,200424,矮巨人钢盔,200000,0,1000737,0,0,0,5,0,0,0,600000,0,1,0
,200436,蜗居鱼妖帕普,0,0,1000748,0,0,0,5,0,1000473,0,600000,0,0,0
,200439,利齿魔箱,500000,0,1000751,10000,0,0,5,0,0,0,600000,0,0,0
,200440,利齿魔箱,500000,0,1000752,10000,0,0,5,0,0,0,600000,0,0,0
,200457,浮士德72,0,0,1000760,0,0,0,5,0,0,0,600000,0,0,0
,200458,枭鹰队长奥卡妮,6991,0,1000607,0,0,0,5,0,0,0,600000,0,0,3
,200459,,12504,0,1000761,0,0,0,5,0,0,0,600000,0,0,0
,200460,,11180,0,1000762,0,0,0,5,0,0,0,600000,0,0,0
,200461,,11180,0,1000763,0,0,0,5,0,0,0,600000,0,0,0
,200462,,11180,0,1000764,0,0,0,5,0,0,0,600000,0,0,0
,200463,,11180,0,1000765,0,0,0,10,0,0,0,600000,0,0,0
,200466,,7074,0,1000768,0,0,0,5,0,0,0,600000,0,0,0
,200467,,6067,0,1000769,0,0,0,5,0,0,0,600000,0,0,0
,200468,,6067,0,1000770,0,0,0,10,0,0,0,600000,0,0,0
,200491,,7607,0,1000812,0,0,0,5,0,0,0,600000,0,0,0
,200492,,7607,0,1000813,0,0,0,5,0,0,0,600000,0,0,0
,200493,,7607,0,1000814;1001632,0,0,0,10,0,0,0,600000,0,0,0
,200499,,14604,0,1000821,0,0,0,5,0,0,0,600000,0,0,0
,200500,,13189,0,1000822,0,0,0,5,0,0,0,600000,0,0,0
,200501,,13189,0,1000823,0,0,0,5,0,0,0,600000,0,0,0
,200502,,13189,0,1000824,0,0,0,5,0,0,0,600000,0,0,0
,200503,,13189,0,1000825,0,0,0,10,0,0,0,600000,0,0,0
,200504,,16075,0,1000826,0,0,0,5,0,0,0,600000,0,0,0
,200505,,14604,0,1000827,0,0,0,5,0,0,0,600000,0,0,0
,200506,,14604,0,1000828,0,0,0,5,0,0,0,600000,0,0,0
,200507,,14604,0,1000829,0,0,0,5,0,0,0,600000,0,0,0
,200508,,14604,0,1000830,0,0,0,10,0,0,0,600000,0,0,0
,200509,,23296,0,1000836,0,0,0,5,0,0,0,600000,0,0,0
,200510,,21615,0,1000837,0,0,0,5,0,0,0,600000,0,0,0
,200511,,21615,0,1000838,0,0,0,5,0,0,0,600000,0,0,0
,200512,,21615,0,1000839,0,0,0,5,0,0,0,600000,0,0,0
,200513,,21615,0,1000840;1001771,0,0,0,10,0,0,0,600000,0,0,0
,200514,,17598,0,1000841,0,0,0,5,0,0,0,600000,0,0,0
,200515,,16075,0,1000842,0,0,0,5,0,0,0,600000,0,0,0
,200516,,16075,0,1000843,0,0,0,5,0,0,0,600000,0,0,0
,200517,,16075,0,1000844,0,0,0,5,0,0,0,600000,0,0,0
,200518,,16075,0,1000845,0,0,0,10,0,0,0,600000,0,0,0
,200519,,22451,0,1000846,0,0,0,5,0,0,0,600000,0,0,0
,200520,,20790,0,1000847,0,0,0,5,0,0,0,600000,0,0,0
,200521,,20790,0,1000848,0,0,0,5,0,0,0,600000,0,0,0
,200522,,20790,0,1000849,0,0,0,5,0,0,0,600000,0,0,0
,200523,,20790,0,1000850,0,0,0,10,0,0,0,600000,0,0,0
,200524,,27655,0,1000851,0,0,0,5,0,0,0,600000,0,0,0
,200525,,25887,0,1000852,0,0,0,5,0,0,0,600000,0,0,0
,200526,,25887,0,1000853,0,0,0,5,0,0,0,600000,0,0,0
,200527,,25887,0,1000854,0,0,0,5,0,0,0,600000,0,0,0
,200528,,25887,0,1000855,0,0,0,10,0,0,0,600000,0,0,0
,200529,,26767,0,1000856,0,0,0,5,0,0,0,600000,0,0,0
,200530,,25015,0,1000857,0,0,0,5,0,0,0,600000,0,0,0
,200531,,25015,0,1000858,0,0,0,5,0,0,0,600000,0,0,0
,200532,,25015,0,1000859,0,0,0,5,0,0,0,600000,0,0,0
,200533,,25015,0,1000860,0,0,0,10,0,0,0,600000,0,0,0
,200534,,25015,0,1000861,0,0,0,5,0,0,0,600000,0,0,0
,200535,,23296,0,1000862,0,0,0,5,0,0,0,600000,0,0,0
,200536,,23296,0,1000863,0,0,0,5,0,0,0,600000,0,0,0
,200537,,23296,0,1000864,0,0,0,5,0,0,0,600000,0,0,0
,200538,,23296,0,1000865,0,0,0,10,0,0,0,600000,0,0,0
,200539,,28551,0,1000866,0,0,0,5,0,0,0,600000,0,0,0
,200540,,26767,0,1000867,0,0,0,5,0,0,0,600000,0,0,0
,200541,,26767,0,1000868,0,0,0,5,0,0,0,600000,0,0,0
,200542,,26767,0,1000869,0,0,0,5,0,0,0,600000,0,0,0
,200543,,26767,0,1000870,0,0,0,10,0,0,0,600000,0,0,0
,200544,,25887,0,1000959,0,0,0,5,0,0,0,600000,0,0,0
,200545,,24151,0,1000960,0,0,0,5,0,0,0,600000,0,0,0
,200546,,24151,0,1000961,0,0,0,5,0,0,0,600000,0,0,0
,200547,,24151,0,1000962,0,0,0,5,0,0,0,600000,0,0,0
,200548,,24151,0,1000963;1001772,0,0,0,10,0,0,0,600000,0,0,0
,200549,,19171,0,1000964,0,0,0,5,0,0,0,600000,0,0,0
,200550,,17598,0,1000965,0,0,0,5,0,0,0,600000,0,0,0
,200551,,17598,0,1000966,0,0,0,5,0,0,0,600000,0,0,0
,200552,,17598,0,1000967,0,0,0,5,0,0,0,600000,0,0,0
,200553,,17598,0,1000968,0,0,0,10,0,0,0,600000,0,0,0
,200554,,30361,0,1000974,0,0,0,5,0,0,0,600000,0,0,0
,200555,,28551,0,1000975,0,0,0,5,0,0,0,600000,0,0,0
,200556,,28551,0,1000976,0,0,0,5,0,0,0,600000,0,0,0
,200557,,28551,0,1000977,0,0,0,5,0,0,0,600000,0,0,0
,200558,,28551,0,1000978,0,0,0,10,0,0,0,600000,0,0,0
,200559,,24151,0,1000969,0,0,0,5,0,0,0,600000,0,0,0
,200560,,22451,0,1000970,0,0,0,5,0,0,0,600000,0,0,0
,200561,,22451,0,1000971,0,0,0,5,0,0,0,600000,0,0,0
,200562,,22451,0,1000972,0,0,0,5,0,0,0,600000,0,0,0
,200563,,22451,0,1000973,0,0,0,10,0,0,0,600000,0,0,0
,200564,,31276,0,1000979,0,0,0,5,0,0,0,600000,0,0,0
,200565,,29453,0,1000980,0,0,0,5,0,0,0,600000,0,0,0
,200566,,29453,0,1000981,0,0,0,5,0,0,0,600000,0,0,0
,200567,,29453,0,1000982,0,0,0,5,0,0,0,600000,0,0,0
,200568,,29453,0,1000983,0,0,0,10,0,0,0,600000,0,0,0
,200569,,20790,0,1000871,0,0,0,5,0,0,0,600000,0,0,0
,200570,,19171,0,1000872,0,0,0,5,0,0,0,600000,0,0,0
,200571,,19171,0,1000873,0,0,0,5,0,0,0,600000,0,0,0
,200572,,19171,0,1000874,0,0,0,5,0,0,0,600000,0,0,0
,200573,,19171,0,1000875;1001770,0,0,0,10,0,0,0,600000,0,0,0
,200574,,29453,0,1000876,0,0,0,5,0,0,0,600000,0,0,0
,200575,,27655,0,1000877,0,0,0,5,0,0,0,600000,0,0,0
,200576,,27655,0,1000878,0,0,0,5,0,0,0,600000,0,0,0
,200577,,27655,0,1000879,0,0,0,5,0,0,0,600000,0,0,0
,200578,,27655,0,1000880,0,0,0,10,0,0,0,600000,0,0,0
,200617,主宰的魔族亡者,0,0,1000922,0,0,0,5,0,0,0,600000,0,0,0
,200618,湮灭的魔族亡者,0,0,1000923,0,0,0,5,0,0,0,600000,0,0,0
,200619,觉醒的魔族亡者,0,0,1000924,0,0,0,5,0,0,0,600000,0,0,0
,200620,破败的魔族亡者,0,0,1000925,0,0,0,5,0,0,0,600000,0,0,0
,200621,堕落的冒险者,0,0,1000926,0,0,0,5,0,0,0,600000,0,0,0
,200622,鹿角兽巡逻兵,0,0,1000927,0,0,0,5,0,0,0,600000,0,0,0
,200623,鹿角兽指挥官,0,0,1000930,0,0,0,5,0,0,0,600000,0,0,0
,200625,鹿角兽巡逻兵,0,0,1000928,0,0,0,5,0,0,0,600000,0,0,0
,200626,鹿角兽巡逻兵,0,0,1000927,0,0,0,5,0,0,0,600000,0,0,0
,200627,鹿角兽指挥官,0,0,1000929,0,0,0,5,0,0,0,600000,0,0,0
,200628,鹿角兽巡逻兵,0,0,1000927,0,0,0,5,0,0,0,600000,0,0,0
,200629,鹿角兽巡逻兵,0,0,1000928,0,0,0,5,0,0,0,600000,0,0,0
,200630,荒漠盗匪,0,0,1000933,0,0,0,5,0,0,0,600000,0,0,0
,200631,瘟疫感染者,0,0,1000931,0,0,0,5,0,0,0,600000,0,0,0
,200632,盗匪头领,0,0,1000932,0,0,0,5,0,0,0,600000,0,0,0
,200633,瘟疫感染者,0,0,1000931,0,0,0,5,0,0,0,600000,0,0,0
,200634,盗匪头领,0,0,1000932,0,0,0,5,0,0,0,600000,0,0,0
,200635,瘟疫感染者,0,0,1000931,0,0,0,5,0,0,0,600000,0,0,0
,200636,盗匪头领,0,0,1000932,0,0,0,5,0,0,0,600000,0,0,0
,200637,蓝鳞鱼妖,0,0,1000935,0,0,0,5,0,0,0,600000,0,1,0
,200638,蓝鳞鱼妖,0,0,1000935,0,0,0,5,0,0,0,600000,0,1,0
,200639,狂魔兽,0,0,1000934,0,0,0,5,0,0,0,600000,0,0,0
,200640,狂魔兽,0,0,1000934,0,0,0,5,0,0,0,600000,0,0,0
,200642,深蓝海怪,0,0,1000936,0,0,0,5,0,0,0,600000,0,1,0
,200643,哥布林刺客,0,0,1000937,0,0,0,5,0,0,0,600000,0,0,0
,200644,哥布林战士,0,0,1000938,0,0,0,5,0,0,0,600000,0,0,0
,200645,哥布林哨兵,0,0,1000939,0,0,0,5,0,0,0,600000,0,0,0
,200646,狂化哥布林,0,0,1000940,0,0,0,5,0,0,0,600000,0,0,0
,200647,严谨的黑铠战卫,0,0,1000954,0,0,0,5,0,0,0,600000,0,0,0
,200648,执着的黑铠战卫,0,0,1000955,0,0,0,5,0,0,0,600000,0,0,0
,200654,红爪毒蝎,0,0,1000945,0,0,0,5,0,0,0,600000,0,0,0
,200655,鬼眼蜂,0,0,1000946,0,0,0,5,0,0,0,600000,0,0,0
,200656,红爪毒蝎,0,0,1000947,0,0,0,5,0,0,0,600000,0,0,0
,200658,红爪毒蝎,0,0,1000949,0,0,0,5,0,0,0,600000,0,0,0
,200659,红爪毒蝎,0,0,1000950,0,0,0,5,0,0,0,600000,0,0,0
,200660,红爪毒蝎,0,0,1000951,0,0,0,5,0,0,0,600000,0,0,0
,200661,红爪毒蝎,0,0,1000952,0,0,0,5,0,0,0,600000,0,0,0
,200662,密森蜂王,0,0,1000953,0,0,0,5,0,0,0,600000,0,0,0
,200663,严谨的黑铠战卫,0,0,1000954,0,0,0,5,0,0,0,600000,0,0,0
,200664,执着的黑铠战卫,0,0,1000955,0,0,0,5,0,0,0,600000,0,0,0
,200665,严谨的黑铠战卫,0,0,1000954,0,0,0,5,0,0,0,600000,0,0,0
,200666,执着的黑铠战卫,0,0,1000955,0,0,0,5,0,0,0,600000,0,0,0
,200667,盗贼团射手,0,0,1000984,0,0,0,5,0,0,0,600000,0,0,0
,200668,盗贼团射手,0,0,1000985,0,0,0,5,0,0,0,600000,0,0,0
,200669,盗贼团先锋,0,0,1000986,0,0,0,5,0,0,0,600000,0,0,0
,200670,盗贼团先锋,0,0,1000987,0,0,0,5,0,0,0,600000,0,0,0
,200671,盗贼团队长,0,0,1000988,0,0,0,5,0,0,0,600000,0,0,0
,200672,盗贼团射手,0,0,1000989,0,0,0,5,0,0,0,600000,0,0,0
,200673,盗贼团首领,0,0,1000990,0,0,0,5,0,0,0,600000,0,0,0
,200674,盗贼团先锋,0,0,1000991,0,0,0,5,0,0,0,600000,0,0,0
,200675,狂妄的恶狼盗匪,1,0,1000992,0,0,0,5,0,0,0,600000,0,1,0
,200676,勤恳的萤熊佣兵,1,0,1000993,0,0,0,5,0,0,0,600000,0,1,0
,200677,贪婪的恶狼盗匪,1,0,1000994,0,0,0,5,0,0,0,600000,0,0,0
,200679,勤恳的萤熊佣兵,1,0,1000996,0,0,0,5,0,0,0,600000,0,1,0
,200680,狂妄的恶狼盗匪,1,0,1000997,0,0,0,5,0,0,0,600000,0,1,0
,200681,勤恳的萤熊佣兵,1,0,1000998,0,0,0,5,0,0,0,600000,0,1,0
,200682,异化强化体,1,0,1001131,0,0,0,5,0,0,0,600000,0,1,0
,200683,异化强化体,1,0,1001132,0,0,0,5,0,0,0,600000,0,1,0
,200684,堕魔法师,1,0,1001133,0,0,0,5,0,0,0,600000,0,0,0
,200685,狂化者布拉依,1,0,1001134,0,0,0,5,0,0,0,600000,0,1,0
,200686,失落改造人,1,0,1001135,0,0,0,5,0,0,0,600000,0,1,0
,200687,失落改造人,1,0,1001136,0,0,0,5,0,0,0,600000,0,1,0
,200688,左相府守卫,5000,0,1001171,0,0,0,5,0,0,0,600000,0,1,0
,200689,禁卫首领,5000,0,1001172,0,0,0,5,0,0,0,600000,0,0,0
,200691,蓝铠骨魔,0,0,1001175,0,0,0,5,0,0,0,600000,0,0,0
,200692,枭鹰之主,0,0,1001176,0,0,0,5,0,0,0,600000,0,0,0
,200693,黑龙战盾,0,0,1001177,0,0,0,5,0,0,0,600000,0,1,0
,200694,黑龙重剑,0,0,1001178,0,0,0,5,0,0,0,600000,0,1,0
,200695,黑翼骑士长,0,0,1001179,0,0,0,5,0,0,0,600000,0,0,0
,200696,机翼钢魂,0,0,1001180,0,0,0,5,0,0,0,600000,0,0,0
,200699,黑龙首席舰长,0,0,1001181,0,0,0,5,0,0,0,600000,0,0,0
,200701,杀人蝎,0,0,1001182,0,0,0,5,0,0,0,600000,0,1,0
,200702,蚀魔狐,0,0,1001183,0,0,0,5,0,0,0,600000,0,1,0
,200703,蓝铠骨魔,0,0,1001184,0,0,0,5,0,0,0,600000,0,0,0
,200704,枭鹰领主,0,0,1001185,0,0,0,5,0,0,0,600000,0,0,0
,200705,黑龙战盾,0,0,1001186,0,0,0,5,0,0,0,600000,0,0,0
,200706,黑龙重剑,0,0,1001187,0,0,0,5,0,0,0,600000,0,1,0
,200707,黑龙战盾,0,0,1001186,0,0,0,5,0,0,0,600000,0,0,0
,200708,黑龙战盾,0,0,1001186,0,0,0,5,0,0,0,600000,0,1,0
,200709,黑龙骑士长,0,0,1001188,0,0,0,5,0,0,0,600000,0,0,0
,200712,海蓝蛮狐,0,0,1001191,0,0,0,5,0,0,0,600000,0,0,0
,200713,默希娅·纸,0,0,1001192,0,0,0,5,0,0,0,600000,0,0,0
,200714,深海巨鳍,0,0,1001193,0,0,0,5,0,0,0,600000,0,0,0
,200715,扬博士克隆体,0,0,1001194,0,0,0,5,0,0,0,600000,0,0,0
,200716,矮巨人钢锤,0,0,1000239,0,0,0,5,0,0,0,600000,0,0,0
,200717,黑龙战盾,0,0,1001195;1001195,0,0,0,5,0,0,0,600000,0,1,0
,200718,黑龙重剑,0,0,1001196;1001195,0,0,0,5,0,0,0,600000,0,1,0
,200719,黑翼骑士长,0,0,1001197,0,0,0,5,0,0,0,600000,0,1,0
,200721,黑龙舰长,0,0,1001198,0,0,0,5,0,0,0,600000,0,1,0
,200722,左相府守卫,5000,0,1001171,0,0,0,5,0,0,0,600000,0,1,0
,200723,左相府守卫,5000,0,1001171,0,0,0,5,0,0,0,600000,0,1,0
,200724,左相府守卫,5000,0,1001171,0,0,0,5,0,0,0,600000,0,1,0
,200725,左相府禁卫,5000,0,1000956,0,0,0,5,0,0,0,600000,0,0,0
,200726,蚀魔狐,0,0,1001174,0,0,0,5,0,0,0,600000,0,0,0
,200727,蓝铠骨魔,0,0,1001175,0,0,0,5,0,0,0,600000,0,0,0
,200731,超体智能1号,0,0,1001199,0,0,0,5,0,0,0,600000,0,1,0
,200732,伊甸傀从,0,0,1001200,0,0,0,5,0,0,0,600000,0,1,0
,200733,伊甸傀从,0,0,1001199,0,0,0,5,0,0,0,600000,0,1,0
,200734,伊甸傀从,0,0,1001200,0,0,0,5,0,0,0,600000,0,1,0
,200735,疯狂博士,0,0,1001201,0,0,0,5,0,0,0,600000,0,1,0
,200737,禁卫军奥格,0,0,1001203,0,0,0,5,0,0,0,600000,0,0,0
,200738,哥布林盗贼,0,0,1001204,0,0,0,5,0,0,0,600000,0,0,0
,200739,怪盗尤妮娅,0,0,1001205,0,0,0,5,0,0,0,600000,0,0,0
,200740,欧斯家族守卫,1,0,9000665,0,0,0,5,0,0,0,600000,0,0,0
,200741,左相府守卫,0,0,1001218,0,0,0,5,0,0,0,600000,0,0,0
,200742,左相府卫队长,0,0,1001219,0,0,0,5,0,0,0,600000,0,0,0
,200743,左相府卫队长,0,0,1001220,0,0,0,5,0,0,0,600000,0,0,0
,200744,左相府守卫,0,0,1001221,0,0,0,5,0,0,0,600000,0,0,0
,200745,左相府卫队长,0,0,1001222,0,0,0,5,0,0,0,600000,0,0,0
,200746,左相府守卫,0,0,1001223,0,0,0,5,0,0,0,600000,0,0,0
,200747,左相府卫队长,0,0,1001224,0,0,0,5,0,0,0,600000,0,0,0
,200748,整蛊魔箱,0,0,1001225,0,0,0,5,0,0,0,600000,0,0,0
,200749,整蛊魔箱,0,0,1001226,0,0,0,5,0,0,0,600000,0,0,0
,200750,整蛊魔箱,0,0,1001227,0,0,0,5,0,0,0,600000,0,0,0
,200751,整蛊魔箱,0,0,1001228,0,0,0,5,0,0,0,600000,0,0,0
,200752,整蛊魔箱,0,0,1001229,0,0,0,5,0,0,0,600000,0,0,0
,200753,整蛊魔箱,0,0,1001230,0,0,0,5,0,0,0,600000,0,0,0
,200754,禁卫军伯尼,0,0,1001234,0,0,0,5,0,0,0,600000,0,0,0
,200755,禁卫军布莱克,0,0,1001235,0,0,0,5,0,0,0,600000,0,0,0
,200756,禁卫军波文,0,0,1001236,0,0,0,5,0,0,0,600000,0,0,0
,200757,禁卫军凯里,0,0,1001237,0,0,0,5,0,0,0,600000,0,0,0
,200759,邪恶的哥布林,0,0,1001231,0,0,0,5,0,0,0,600000,0,1,0
,200760,邪恶的哥布林,0,0,1001231,0,0,0,5,0,0,0,600000,0,1,0
,200761,贪婪的哥布林,0,0,1001232,0,0,0,5,0,0,0,600000,0,1,0
,200762,邪恶的哥布林,0,0,1001231,0,0,0,5,0,0,0,600000,0,1,0
,200763,邪恶的哥布林,0,0,1001231,0,0,0,5,0,0,0,600000,0,1,0
,200764,贪婪的哥布林,0,0,1001232,0,0,0,5,0,0,0,600000,0,1,0
,200765,贪婪的哥布林,0,0,1001232,0,0,0,5,0,0,0,600000,0,1,0
,200766,秘法魔箱,0,0,1001233,0,0,0,5,0,0,0,600000,0,1,0
,200767,沉默战魂,0,0,1001239,0,0,0,5,0,0,0,600000,0,1,0
,200768,瘟疫感染者,0,0,1001240,0,0,0,5,0,0,0,600000,0,0,0
,200769,不死战魂,0,0,1001241,0,0,0,5,0,0,0,600000,0,1,0
,200770,扭曲战魂,0,0,1001242,0,0,0,5,0,0,0,600000,0,1,0
,200771,失控魔箱,0,0,1001243,0,0,0,5,0,0,0,600000,0,0,0
,200772,黯月贪狼,0,0,1001244,0,0,0,5,0,0,0,600000,0,0,0
,200773,黯月践踏者,0,0,1001245,0,0,0,5,0,0,0,600000,0,0,0
,200774,黯月邪法师,0,0,1001246,0,0,0,5,0,0,0,600000,0,0,0
,200777,,8728,0,1001254,0,0,0,5,0,0,0,600000,0,0,0
,200778,,6561,0,1001255,0,0,0,5,0,0,0,600000,0,0,0
,200779,,10542,0,1001249,0,0,0,5,0,0,0,600000,0,0,0
,200780,,9315,0,1001251,0,0,0,5,0,0,0,600000,0,0,0
,200781,,9315,0,1001252,0,0,0,5,0,0,0,600000,0,0,0
,200782,,9315,0,1001253,0,0,0,5,0,0,0,600000,0,0,0
,200783,,9315,0,1001250,0,0,0,10,0,0,0,600000,0,0,0
,200784,沉默战魂,0,0,1001239,0,0,0,5,0,0,0,600000,0,1,0
,200785,,0,0,1001256,0,0,0,5,0,0,0,600000,1,0,0
,200786,,0,0,1001256,0,0,0,5,0,0,0,600000,1,0,0
,200787,,0,0,1001256,0,0,0,5,0,0,0,600000,1,0,0
,200788,,0,0,1001257,0,0,0,5,0,0,0,600000,1,0,0
,200789,,0,0,1001257,0,0,0,5,0,0,0,600000,1,0,0
,200790,,0,0,1001257,0,0,0,5,0,0,0,600000,1,0,0
,200791,,0,0,1001256,0,0,0,5,0,0,0,600000,1,0,0
,200792,,0,0,1001256,0,0,0,5,0,0,0,600000,1,0,0
,200793,,0,0,1001257,0,0,0,5,0,0,0,600000,1,0,0
,200794,,0,0,1001256,0,0,0,5,0,0,0,600000,1,0,0
,200795,,0,0,1001256,0,0,0,5,0,0,0,600000,1,0,0
,200796,,0,0,1001256,0,0,0,5,0,0,0,600000,1,0,0
,200797,,0,0,1001257,0,0,0,5,0,0,0,600000,1,0,0
,200798,,0,0,1001257,0,0,0,5,0,0,0,600000,1,0,0
,200799,,0,0,1001257,0,0,0,5,0,0,0,600000,1,0,0
,200800,,0,0,1001258,0,0,0,5,0,0,0,600000,0,0,0
,200801,,0,0,1001259,0,0,0,5,0,0,0,600000,0,0,0
,200802,,0,0,1001260,0,0,0,5,0,0,0,600000,0,0,0
,200803,,0,0,1001261,0,0,0,5,0,0,0,600000,0,0,0
,200804,,0,0,1001262,0,0,0,5,0,0,0,600000,0,0,0
,200805,,0,0,1001263,0,0,0,5,0,0,0,600000,0,0,0
,200823,,0,0,1001281,0,0,0,5,0,0,0,600000,0,0,0
,200824,,0,0,1001282,0,0,0,5,0,0,0,600000,0,0,0
,200825,熔岩丧尸,0,0,1000179,0,0,0,5,0,0,0,600000,0,0,0
,200826,克亚猎蜂,0,0,1001672,0,0,0,5,0,0,0,600000,0,1,0
,200827,克亚猎蜂,0,0,1001672,0,0,0,5,0,0,0,600000,0,1,0
,200828,克亚猎蜂,0,0,1001672,0,0,0,5,0,0,0,600000,0,1,0
,200829,克亚猎蜂,0,0,1001672,0,0,0,5,0,0,0,600000,0,1,0
,200830,黑龙战盾,22500,0,1001673,0,0,0,5,0,0,0,600000,0,0,0
,200831,黑龙战盾,22500,0,1001673,0,0,0,5,0,0,0,600000,0,0,0
,200832,黑龙重剑,22500,0,1001674,0,0,0,5,0,0,0,600000,0,0,0
,200833,黑龙重剑,22500,0,1001674,0,0,0,5,0,0,0,600000,0,0,0
,200834,摩尼耶,25000,1,1001675,0,0,0,5,0,0,0,600000,0,0,0
,200835,深海巨鳍,22500,0,1001676,0,0,0,5,0,0,0,600000,0,0,0
,200836,深海巨鳍,22500,0,1001676,0,0,0,5,0,0,0,600000,0,0,0
,200837,重卫机甲·特一型,25000,0,1001677,0,0,0,5,0,0,0,600000,1,0,0
,200838,重卫机甲·特二型,25000,0,1001678,0,0,0,5,0,0,0,600000,1,0,0
,200839,亚玻伦,25000,1,1001679,0,0,0,5,0,0,0,600000,0,0,0
,200840,亚兹莫,25000,1,1001680,0,0,0,10,0,0,0,600000,0,0,0
,200842,猩红祭司,0,0,1001683,0,0,0,5,0,0,0,600000,0,0,0
,200843,邪腐法师,0,0,1001684,0,0,0,5,0,0,0,600000,0,0,0
,200844,荆棘女巫,0,0,1001685,0,0,0,5,0,0,0,600000,0,0,0
,200845,阴戾法师,0,0,1001686,0,0,0,5,0,0,0,600000,0,0,0
,200846,迷魅女巫,0,0,1001687,0,0,0,5,0,0,0,600000,0,0,0
,200847,诡奇石魔,0,0,1001688,0,0,0,5,0,0,0,600000,0,0,0
,200848,狞恶将领,0,0,1001689,0,0,0,5,0,1001048,0,600000,0,0,0
,200860,,32196,0,1001701,0,0,0,5,0,0,0,600000,0,0,0
,200861,,30361,0,1001702,0,0,0,5,0,0,0,600000,0,0,0
,200862,,30361,0,1001703,0,0,0,5,0,0,0,600000,0,0,0
,200863,,30361,0,1001704,0,0,0,5,0,0,0,600000,0,0,0
,200864,,30361,0,1001705,0,0,0,10,0,0,0,600000,0,0,0
,200865,,33121,0,1001706,0,0,0,5,0,0,0,600000,0,0,0
,200866,,31276,0,1001707,0,0,0,5,0,0,0,600000,0,0,0
,200867,,31276,0,1001708,0,0,0,5,0,0,0,600000,0,0,0
,200868,,31276,0,1001709,0,0,0,5,0,0,0,600000,0,0,0
,200869,,31276,0,1001710,0,0,0,10,0,0,0,600000,0,0,0
,200870,,34051,0,1001711,0,0,0,5,0,0,0,600000,0,0,0
,200871,,32196,0,1001712,0,0,0,5,0,0,0,600000,0,0,0
,200872,,32196,0,1001713,0,0,0,5,0,0,0,600000,0,0,0
,200873,,32196,0,1001714,0,0,0,5,0,0,0,600000,0,0,0
,200874,,32196,0,1001715,0,0,0,10,0,0,0,600000,0,0,0
,200875,,34985,0,1001716,0,0,0,5,0,0,0,600000,0,0,0
,200876,,33121,0,1001717,0,0,0,5,0,0,0,600000,0,0,0
,200877,,33121,0,1001718,0,0,0,5,0,0,0,600000,0,0,0
,200878,,33121,0,1001719,0,0,0,5,0,0,0,600000,0,0,0
,200879,,33121,0,1001720,0,0,0,10,0,0,0,600000,0,0,0
,200880,,35923,0,1001721,0,0,0,5,0,0,0,600000,0,0,0
,200881,,34051,0,1001722,0,0,0,5,0,0,0,600000,0,0,0
,200882,,34051,0,1001723,0,0,0,5,0,0,0,600000,0,0,0
,200883,,34051,0,1001724,0,0,0,5,0,0,0,600000,0,0,0
,200884,,34051,0,1001725,0,0,0,10,0,0,0,600000,0,0,0
,200885,,36865,0,1001726,0,0,0,5,0,0,0,600000,0,0,0
,200886,,34985,0,1001727,0,0,0,5,0,0,0,600000,0,0,0
,200887,,34985,0,1001728,0,0,0,5,0,0,0,600000,0,0,0
,200888,,34985,0,1001729,0,0,0,5,0,0,0,600000,0,0,0
,200889,,34985,0,1001730;1001773,0,0,0,10,0,0,0,600000,0,0,0
,200890,,37810,0,1001731,0,0,0,5,0,0,0,600000,0,0,0
,200891,,35923,0,1001732,0,0,0,5,0,0,0,600000,0,0,0
,200892,,35923,0,1001733,0,0,0,5,0,0,0,600000,0,0,0
,200893,,35923,0,1001734,0,0,0,5,0,0,0,600000,0,0,0
,200894,,35923,0,1001735;1001774,0,0,0,10,0,0,0,600000,0,0,0
,200895,,38757,0,1001736,0,0,0,5,0,0,0,600000,0,0,0
,200896,,36865,0,1001737,0,0,0,5,0,0,0,600000,0,0,0
,200897,,36865,0,1001738,0,0,0,5,0,0,0,600000,0,0,0
,200898,,36865,0,1001739,0,0,0,5,0,0,0,600000,0,0,0
,200899,,36865,0,1001740,0,0,0,10,0,0,0,600000,0,0,0
,200900,,39706,0,1001741,0,0,0,5,0,0,0,600000,0,0,0
,200901,,37810,0,1001742,0,0,0,5,0,0,0,600000,0,0,0
,200902,,37810,0,1001743,0,0,0,5,0,0,0,600000,0,0,0
,200903,,37810,0,1001744,0,0,0,5,0,0,0,600000,0,0,0
,200904,,37810,0,1001745,0,0,0,10,0,0,0,600000,0,0,0
,200905,,40657,0,1001746,0,0,0,5,0,0,0,600000,0,0,0
,200906,,38757,0,1001747,0,0,0,5,0,0,0,600000,0,0,0
,200907,,38757,0,1001748,0,0,0,5,0,0,0,600000,0,0,0
,200908,,38757,0,1001749,0,0,0,5,0,0,0,600000,0,0,0
,200909,,38757,0,1001750,0,0,0,10,0,0,0,600000,0,0,0
,200913,玫瑰团追随者,1,0,1001775,0,0,0,5,0,0,0,600000,0,1,0
丛林开膛手,300021,丛林开膛手,80000,0,1001001,0,0,0,5,0,6000095,0,600000,0,0,0
食人魔·哈蒙,300022,食人酋长布鲁,80000,0,1001002,0,0,0,5,0,6000095,0,600000,0,0,0
尖啸游隼赫达,300025,尖啸游隼赫达,80000,0,1001005,0,0,0,5,0,6000095,0,600000,0,0,0
寄居熊,300026,北境战师贝尔沃,80000,0,1001006,0,0,0,5,0,6000095,0,600000,0,0,0
怒鳍半鱼人,300027,怒鳍半鱼人,80000,0,1001007,0,0,0,5,0,6000095,0,600000,0,0,0
扭曲丧尸,300028,扭曲丧尸,80000,0,1001008,0,0,0,5,0,6000095,0,600000,0,0,0
北方暴君纳森,300029,北方暴君纳森,80000,0,1001009,0,0,0,5,0,6000095,0,600000,0,0,0
恶魔之子巴特莱,300032,恶魔之子巴特莱,80000,0,1001012,0,0,0,5,0,6000095,0,600000,0,0,0
山岩领主蒙多,300043,山岩领主蒙多,80000,0,1001023,0,0,0,5,0,6000095,0,600000,0,0,0
半鱼人,300045,半鱼人,60000,0,1001025,0,0,0,5,0,6000094,0,600000,0,0,0
迷梦蛛王黛娜,300046,迷梦蛛王黛娜,60000,0,1001026,0,0,0,5,0,6000095,0,600000,0,0,0
感染的冒险者,300047,红袭盗匪,60000,0,1001027,0,0,0,5,0,6000094,0,600000,0,0,0
泪目狼人,300048,雪狼刃兵,60000,0,1001028,0,0,0,5,0,6000094,0,600000,0,0,0
神秘兽,300049,角蜥人,60000,0,1001029,0,0,0,5,0,0,0,600000,0,0,0
绿林花妖,300051,血藤卡莎莉,80000,0,1001031,0,0,0,5,0,6000095,0,600000,0,0,0
妖媚舞姬凯琳,300073,妖媚舞姬凯琳,60000,0,1001097,0,0,0,5,0,6000095,0,600000,0,0,0
暮夜蜂王伊娃,300074,暮夜蜂王伊娃,60000,0,1001098,0,0,0,5,0,6000095,0,600000,0,0,0
劫掠军骑长约克,300075,劫掠军骑长约克,60000,0,1001099,0,0,0,5,0,6000095,0,600000,0,0,0
邪灵法师艾德,300076,邪灵法师艾德,60000,0,1000100,0,0,0,5,0,6000095,0,600000,0,0,0
赤角狂兽卡拉,300078,赤角狂兽卡拉,60000,0,1000102,0,0,0,5,0,6000095,0,600000,0,0,0
,300096,丛林开膛手,0,0,1000156,0,0,0,5,0,0,0,600000,0,0,0
,300097,鹿角兽,0,0,1000157,0,0,0,5,0,0,0,600000,0,0,0
,300098,森林熊,3767,0,1000158,0,0,0,5,0,0,0,600000,0,0,3
,300099,加希诺,0,0,1000159;9000148,0,0,0,5,0,0,0,600000,0,0,0
,300100,枯叶蜂王,0,0,1000160,0,0,0,5,0,0,0,600000,0,0,0
,300101,玫瑰团流浪者,1,0,1000166,0,0,0,5,0,0,0,600000,0,0,0
,300102,玫瑰团追随者,1,0,1000167,0,0,0,5,0,0,0,600000,0,0,0
,300103,玫瑰小头目,1,0,1000168,0,0,0,5,0,0,0,600000,0,0,0
,300104,血色蔷薇,1,0,1000169,0,0,0,5,0,0,0,600000,0,0,0
,300105,地穴石魔波特,80000,0,1000203,0,0,0,5,0,6000095,0,600000,0,0,0
部落精英战士,300106,巨斧屠夫曼达,80000,0,1000204,0,0,0,5,0,6000095,0,600000,0,0,0
,300107,岩窟食人魔布尔,80000,0,1000205,0,0,0,5,0,6000095,0,600000,0,0,0
要塞守卫官,300108,锤卫先锋马哈德,80000,0,1000206,0,0,0,5,0,6000095,0,600000,0,0,0
锤子团首领,300109,锤卫战将贾布尔,80000,0,1000207,0,0,0,5,0,6000095,0,600000,0,0,0
沙漠巨人,300110,灰岩巨灵托卜,80000,0,1000208,0,0,0,5,0,6000095,0,600000,0,0,0
枯叶蜂蜂王,300111,血叶蜂后菲莉恩,80000,0,1000209,0,0,0,5,0,6000095,0,600000,0,0,0
黑色荆棘,300112,黑荆棘伊瓦莉娅,80000,0,1000210,0,0,0,5,0,6000095,0,600000,0,0,0
暗黑战魂,300113,游魂狂战奥克兰,80000,0,1000211,0,0,0,5,0,6000095,0,600000,0,0,0
嗜血战魂,300114,游魂战将古拉特,80000,0,1000212,0,0,0,5,0,6000095,0,600000,0,0,0
部落战士,300115,丛林偷猎者,60000,0,1000213,0,0,0,5,0,6000094,0,600000,0,0,0
女巫仆从,300117,妖灵女仆,60000,0,1000215,0,0,0,5,0,6000094,0,600000,0,0,0
卡司族阿噗,300118,灰狐族卫,60000,0,1000216,0,0,0,5,0,6000094,0,600000,0,0,0
草原蝎子,300119,毒尾蝎,60000,0,1000217,0,0,0,5,0,6000094,0,600000,0,0,0
,300120,暗鸦领主艾因,60000,0,1000218,0,0,0,5,0,6000095,0,600000,0,0,0
,300121,月冥女巫菲丽丝,0,0,1000219,0,0,0,5,0,6000095,0,600000,0,0,0
萤火熊,300122,蓝晶熊,60000,0,1000220,0,0,0,5,0,6000094,0,600000,0,0,0
,300123,鬼魅魔蛛贝斯,60000,0,1000221,0,0,0,5,0,6000095,0,600000,0,0,0
受惊的僵尸,300124,诡焰尸人,60000,0,1000222,0,0,0,5,0,6000094,0,600000,0,0,0
僵尸妈妈,300125,幽刃丧尸,60000,0,1000223,0,0,0,5,0,6000094,0,600000,0,0,0
,300126,狂暴战熊安迪,60000,0,1000224,0,0,0,5,0,6000095,0,600000,0,0,0
,300127,矮巨人王黎恩特,80000,0,1000225,0,0,0,5,0,6000095,0,600000,0,0,0
,300128,矿卫矮巨人,60000,0,1000226,0,0,0,5,0,6000094,0,600000,0,0,0
魔导箱守卫萨泽,300130,魔导箱守卫萨泽,100000,0,1000228,0,0,0,5,0,0,0,600000,0,0,0
魔导箱守卫波尔,300131,魔导箱守卫波尔,105000,0,1000229,0,0,0,5,0,0,0,600000,0,0,0
魔导箱守卫普坦,300132,魔导箱守卫普坦,140000,0,1000230,0,0,0,5,0,0,0,600000,0,0,0
魔导箱守卫伊登,300133,魔导箱守卫伊登,100000,0,1000261,0,0,0,5,0,0,0,600000,0,0,0
魔导箱守卫哈伦,300134,魔导箱守卫哈伦,105000,0,1000262,0,0,0,5,0,0,0,600000,0,0,0
魔导箱守卫科克,300135,魔导箱守卫科克,140000,0,1000263,0,0,0,5,0,0,0,600000,0,0,0
,300137,黑荆棘伊瓦莉娅,80000,0,1000279,0,0,0,5,0,6000095,0,600000,0,0,0
,300138,血叶蜂后菲莉恩,80000,0,1000280,0,0,0,5,0,6000095,0,600000,0,0,0
,300139,死灵法师桑德士,80000,0,1000281,0,0,0,5,0,6000095,0,600000,0,0,0
,300140,巨斧屠夫曼达,80000,0,1000282,0,0,0,5,0,6000095,0,600000,0,0,0
,300141,恐惧战魂阿尔奇,80000,0,1000283,0,0,0,5,0,6000095,0,600000,0,0,0
,300142,刃牙姬希莉恩,80000,0,1000284,0,0,0,5,0,6000095,0,600000,0,0,0
,300143,宿命穿刺者艾斯,60000,0,1000285,0,0,0,5,0,6000095,0,600000,0,0,0
,300144,瘟疫传播者柏格,60000,0,1000286,0,0,0,5,0,6000095,0,600000,0,0,0
,300145,游魂先锋军,60000,0,1000287,0,0,0,5,0,6000094,0,600000,0,0,0
,300147,游魂狂战奥克兰,80000,0,1000368,0,0,0,5,0,6000095,0,600000,0,0,0
,300148,野蛮孤狼,60000,0,1000369,0,0,0,5,0,6000094,0,600000,0,0,0
,300149,枭鹰族长雷娜,0,0,1000566,0,0,0,5,0,6000095,0,600000,0,0,0
,300150,岩壁巨人哈默,0,0,1000567,0,0,0,5,0,6000095,0,600000,0,0,0
,300151,暗夜曼陀罗梅纳,0,0,1000568,0,0,0,5,0,6000095,0,600000,0,0,0
,300153,森林暴君亨克,0,0,1000570,0,0,0,5,0,6000095,0,600000,0,0,0
,300154,海啸鳍盔,0,0,1000571,0,0,0,5,0,6000095,0,600000,0,0,0
,300155,炎息半鱼人,0,0,1000572,0,0,0,5,0,6000095,0,600000,0,0,0
,300156,绯红玫瑰芙罗瓦,0,0,1000573,0,0,0,5,0,6000095,0,600000,0,0,0
,300157,森林战熊加洛,0,0,1000574,0,0,0,5,0,6000095,0,600000,0,0,0
,300158,黑龙翼队长埃尔南,0,0,1000575,0,0,0,5,0,6000095,0,600000,0,0,0
,300159,掠夺行刑官苏尼戈,0,0,1000576,0,0,0,5,0,6000095,0,600000,0,0,0
,300160,橙翼蜂王妮科,0,0,1000577,0,0,0,5,0,6000095,0,600000,0,0,0
,300161,荒岩主宰马莱因,0,0,1000578,0,0,0,5,0,6000095,0,600000,0,0,0
,300162,丛林狂剑士,0,0,1000579,0,0,0,5,0,6000094,0,600000,0,0,0
,300163,恶蝠魔箱,0,0,1000580,0,0,0,5,0,6000094,0,600000,0,0,0
,300164,石心怪,0,0,1000581,0,0,0,5,0,6000094,0,600000,0,0,0
,300165,嗜血魔狐,0,0,1000582,0,0,0,5,0,6000094,0,600000,0,0,0
,300166,纹鳞半鱼人,0,0,1000583,0,0,0,5,0,6000094,0,600000,0,0,0
,300167,黑龙翼兵,0,0,1000584,0,0,0,5,0,6000094,0,600000,0,0,0
,300168,掠夺者,0,0,1000585,0,0,0,5,0,6000094,0,600000,0,0,0
,300169,荒野赤狐,0,0,1000586,0,0,0,5,0,6000094,0,600000,0,0,0
,300170,黑背暴熊,0,0,1000587,0,0,0,5,0,6000094,0,600000,0,0,0
,300171,褐尾蝎,0,0,1000588,0,0,0,5,0,6000094,0,600000,0,0,0
,300172,金瞳胡蜂,0,0,1000589,0,0,0,5,0,6000094,0,600000,0,0,0
,300173,禁林弓兵,0,0,1000590,0,0,0,5,0,6000094,0,600000,0,0,0
,300174,夜雾巨人巴伦,0,0,1000591,0,0,0,5,0,6000095,0,600000,0,0,0
,300176,拾荒者,0,0,1000786,0,0,0,5,0,6000180,0,600000,0,0,0
,300177,黑龙先锋兵,0,0,1000787,0,0,0,5,0,6000180,0,600000,0,0,0
,300178,夜栖熊,0,0,1000788,0,0,0,5,0,6000180,0,600000,0,0,0
,300179,赤瞳妖狐,0,0,1000789,0,0,0,5,0,6000180,0,600000,0,0,0
,300180,堕落强盗,0,0,1000790,0,0,0,5,0,6000180,0,600000,0,0,0
,300181,金属战士,0,0,1000791,0,0,0,5,0,6000180,0,600000,0,0,0
,300182,暗影毒蜂卡洛琳,0,0,1000792,0,0,0,5,0,6000181,0,600000,0,0,0
,300183,黑龙统领泰瑞,0,0,1000793,0,0,0,5,0,6000181,0,600000,0,0,0
,300184,金辉战士伊恩,0,0,1000794,0,0,0,5,0,6000181,0,600000,0,0,0
,300185,扬博士·完美生化人,0,0,1000795,0,0,0,5,0,6000181,0,600000,0,0,0
,300186,血曜蝎魔,0,0,1000796,0,0,0,5,0,6000181,0,600000,0,0,0
,300187,食人魔肖恩,0,0,1000797,0,0,0,5,0,6000181,0,600000,0,0,0
,300188,荒野之王奥拉克,0,0,1000798,0,0,0,5,0,6000181,0,600000,0,0,0
,300189,暗影支配者斯兰,0,0,1000799,0,0,0,5,0,6000181,0,600000,0,0,0
,300190,蛮荒猎人卡斯亚,0,0,1000800,0,0,0,5,0,6000181,0,600000,0,0,0
,300191,赤血熊人,0,0,1000801,0,0,0,5,0,6000181,0,600000,0,0,0
,300192,辉红先驱者,0,0,1000802,0,0,0,5,0,6000181,0,600000,0,0,0
,300193,守夜者库兹,0,0,1000803,0,0,0,5,0,6000181,0,600000,0,0,0
,300194,强袭先驱者,0,0,1000804,0,0,0,5,0,6000181,0,600000,0,0,0
,400004,赤瞳战狼,0,0,1000111,500,500,500,5,500,1000001,0,600000,0,1,0
,400005,赤瞳战狼,0,0,1000111,1000,1000,1000,5,1000,1000002,0,600000,0,1,0
,400006,赤瞳战狼,0,0,1000111,200,200,200,5,200,1000003,0,600000,0,1,0
,400007,碎魂狼王,0,0,1000113,0,0,0,5,0,1000001,0,600000,0,0,0
,400008,碎魂狼王,0,0,1000113,0,0,0,5,0,1000002,0,600000,0,0,0
,400009,碎魂狼王,0,0,1000113,0,0,0,5,0,1000003,0,600000,0,0,0
,400015,贪婪,0,0,10031,0,0,0,5,0,0,0,600000,0,0,0
,800000,蝎怪,1,2,1000334,0,0,0,0,0,0,0,300000,0,0,0
,800001,黑暗法师,1,3,1000335,0,0,0,0,0,0,0,300000,0,0,0
,800002,大女巫,1,2,1000336,0,0,0,0,0,0,0,300000,0,0,0
,800003,贪婪,1,3,1000337,0,0,0,0,0,0,0,300000,0,0,0
,800004,黑色荆棘,1,2,1000338,0,0,0,0,0,0,0,300000,0,0,0
,800005,绝世舞姬,1,3,1000339,0,0,0,0,0,0,0,300000,0,0,0
,800006,萨米尔,1,2,1000340,0,0,0,0,0,0,0,300000,0,0,0
,800007,默希娅,1,3,1000341,0,0,0,0,0,0,0,300000,0,0,0
,800008,蝎怪,1,2,1000342,0,0,0,0,0,0,0,300000,0,0,0
,800009,黑暗法师,1,3,1000343,0,0,0,0,0,0,0,300000,0,0,0
,800010,大女巫,1,2,1000344,0,0,0,0,0,0,0,300000,0,0,0
,800011,贪婪,1,3,1000345,0,0,0,0,0,0,0,300000,0,0,0
,800012,黑色荆棘,1,2,1000346,0,0,0,0,0,0,0,300000,0,0,0
,800013,绝世舞姬,1,3,1000347,0,0,0,0,0,0,0,300000,0,0,0
,800014,萨米尔,1,2,1000348,0,0,0,0,0,0,0,300000,0,0,0
,800015,默希娅,1,3,1000349,0,0,0,0,0,0,0,300000,0,0,0
,800016,蝎怪,1,2,1000350,0,0,0,0,0,0,0,300000,0,0,0
,800017,黑暗法师,1,3,1000351,0,0,0,0,0,0,0,300000,0,0,0
,800018,大女巫,1,2,1000352,0,0,0,0,0,0,0,300000,0,0,0
,800019,贪婪,1,3,1000353,0,0,0,0,0,0,0,300000,0,0,0
,800020,黑色荆棘,1,2,1000354,0,0,0,0,0,0,0,300000,0,0,0
,800021,绝世舞姬,1,3,1000355,0,0,0,0,0,0,0,300000,0,0,0
,800022,萨米尔,1,2,1000356,0,0,0,0,0,0,0,300000,0,0,0
,800023,默希娅,1,3,1000357,0,0,0,0,0,0,0,300000,0,0,0
,800031,异雾鬼手,1,0,1000375,0,0,0,5,0,0,0,300000,0,0,0
,800032,烈火斧兽,1,0,1000376,0,0,0,5,0,0,0,300000,0,0,0
,800033,迷梦魔蛛,1,0,1000377,0,0,0,5,0,0,0,300000,0,0,0
,800034,遗忘徘徊者,1,0,1000378,0,0,0,5,0,0,0,300000,0,0,0
,800035,铁斧魔兵,1,0,1000379,0,0,0,5,0,0,0,300000,0,0,0
,800036,深红魔人,1,0,1000380,0,0,0,5,0,0,0,300000,0,0,0
,800037,石窟蝎怪,1,0,1000381,0,0,0,5,0,0,0,300000,0,0,0
,800038,幽藤巫医,1,0,1000382,0,0,0,5,0,0,0,300000,0,0,0
,800039,悲叹巫女,1,0,1000383,0,0,0,5,0,0,0,300000,0,0,0
,800040,鬼面恶魔,1,0,1000384,0,0,0,5,0,0,0,300000,0,0,0
,800041,罪恶之鞭,1,0,1000385,0,0,0,5,0,0,0,300000,0,0,0
,800042,憎恨血刃,1,0,1000386,0,0,0,5,0,0,0,300000,0,0,0
,800043,虚妄鬼手,1,0,1000387,0,0,0,5,0,0,0,300000,0,0,0
,800044,炽炎斧魔,1,0,1000388,0,0,0,5,0,0,0,300000,0,0,0
,800045,烈毒魔蛛,1,0,1000389,0,0,0,5,0,0,0,300000,0,0,0
,800046,邪魇支配者,1,0,1000390,0,0,0,5,0,0,0,300000,0,0,0
,800047,利斧尖兵,1,0,1000391,0,0,0,5,0,0,0,300000,0,0,0
,800048,赤血魔人,1,0,1000392,0,0,0,5,0,0,0,300000,0,0,0
,800049,地穴蝎兽,1,0,1000393,0,0,0,5,0,0,0,300000,0,0,0
,800050,森骨巫医,1,0,1000394,0,0,0,5,0,0,0,300000,0,0,0
,800051,逆潮巫女,1,0,1000395,0,0,0,5,0,0,0,300000,0,0,0
,800052,魔瞳恶魔,1,0,1000396,0,0,0,5,0,0,0,300000,0,0,0
,800053,荆棘之鞭,1,0,1000397,0,0,0,5,0,0,0,300000,0,0,0
,800054,银月逆刃,1,0,1000398,0,0,0,5,0,0,0,300000,0,0,0
,800055,邪纹鬼手达克,1,0,1000399,0,0,0,5,0,0,0,300000,0,0,0
,800056,熔岩巨兽索恩,1,0,1000400,0,0,0,5,0,0,0,300000,0,0,0
,800057,绯影魔蛛瑟西,1,0,1000401,0,0,0,5,0,0,0,300000,0,0,0
,800058,噩梦预言者凯文,1,0,1000402,0,0,0,5,0,0,0,300000,0,0,0
,800059,尖嚎锐斧巴克,1,0,1000403,0,0,0,5,0,0,0,300000,0,0,0
,800060,狂暴魔人贝尔特,1,0,1000404,0,0,0,5,0,0,0,300000,0,0,0
,800061,黯蚀蝎魔索恩斯,1,0,1000405,0,0,0,5,0,0,0,300000,0,0,0
,800062,冥夜巫医艾凛,1,0,1000406,0,0,0,5,0,0,0,300000,0,0,0
,800063,绯红巫女卡珊德,1,0,1000407,0,0,0,5,0,0,0,300000,0,0,0
,800064,恶魔领主克拉斯,1,0,1000408,0,0,0,5,0,0,0,300000,0,0,0
,800065,灵魂鞭挞者埃莉,1,0,1000409,0,0,0,5,0,0,0,300000,0,0,0
,800066,致命利刃希尔琳,1,0,1000410,0,0,0,5,0,0,0,300000,0,0,0
,800067,诡禁魔手之奥顿,1,0,1000411,0,0,0,5,0,0,0,300000,0,0,0
,800068,焚心巨斧之卡尔,1,0,1000412,0,0,0,5,0,0,0,300000,0,0,0
,800069,暗渊蛛姬之达莉,1,0,1000413,0,0,0,5,0,0,0,300000,0,0,0
,800070,堕落法王之帕克,1,0,1000414,0,0,0,5,0,0,0,300000,0,0,0
,800071,荒芜魔斧之伊凡,1,0,1000415,0,0,0,5,0,0,0,300000,0,0,0
,800072,苍澜怒火之德里,1,0,1000416,0,0,0,5,0,0,0,300000,0,0,0
,800073,寂静梦魇之琼斯,1,0,1000417,0,0,0,5,0,0,0,300000,0,0,0
,800074,深渊巫医之加尔,1,0,1000418,0,0,0,5,0,0,0,300000,0,0,0
,800075,薄暮巫女之米格,1,0,1000419,0,0,0,5,0,0,0,300000,0,0,0
,800076,恶魔主宰之伊拉,1,0,1000420,0,0,0,5,0,0,0,300000,0,0,0
,800077,魅影流光之莎朗,1,0,1000421,0,0,0,5,0,0,0,300000,0,0,0
,800078,魔沼咒刃之苏菲,1,0,1000422,0,0,0,5,0,0,0,300000,0,0,0
温丽梦境,800080,巨岩守卫,4581,0,1000425;1000426,0,0,0,5,0,1000227,0,600000,0,0,1
温丽梦境,800081,生命制造者,5012,0,1000427;1000428;1000428,0,0,0,5,0,1000228,0,600000,0,0,1
温丽梦境,800082,爱琪,5459,0,1000429,0,0,0,5,0,1000229,0,600000,0,0,1
温丽梦境,800083,亡魂御侍,6066,0,1000430;1000431,0,0,0,5,0,1000230,0,600000,0,0,1
温丽梦境,800084,暗墓领主,6556,0,1000432,0,0,0,5,0,1000231,0,600000,0,0,1
温丽梦境,800085,暗黑战魂,6987,0,1000433;1000434,0,0,0,5,0,1000232,0,600000,0,0,1
温丽梦境,800086,兰奇,7456,0,1000435,0,0,0,5,0,1000233,0,600000,0,0,1
温丽梦境,800087,狡诈鹰后,7456,0,1000436;1000437,0,0,0,5,0,1000234,0,600000,0,0,1
温丽梦境,800088,远古银铠战士,10361,0,1000438;1000439;1000440,0,0,0,5,0,1000235,0,600000,0,0,1
温丽梦境,800089,黑冥丧尸,10682,0,1000441;1000442,0,0,0,5,0,1000236,0,600000,0,0,1
温丽梦境,800090,命运邪神,11067,0,1000443;1000444,0,0,0,5,0,1000237,0,600000,0,0,1
温丽梦境,800091,堕落石像,11456,0,1000445;1000446;1000447,0,0,0,5,0,1000238,0,600000,0,0,1
温丽梦境,800092,机械恐惧,11932,0,1000448;1000449;1000450,0,0,0,5,0,1000239,0,600000,0,0,1
温丽梦境,800093,米兰达,13841,0,1000451,0,0,0,5,0,1000240,0,600000,0,0,1
温丽梦境,800094,魅魔分身,13841,0,1000452;1000453;1000454,0,0,0,5,0,1000241,0,600000,0,0,1
温丽梦境,800095,哀嚎石像,14217,0,1000455;1000456;1000457,0,0,0,5,0,1000242,0,600000,0,0,1
温丽梦境,800096,荆棘猎手,14596,0,1000458;1000459;1000460,0,0,0,5,0,1000243,0,600000,0,0,1
温丽梦境,800097,异能丧尸,15051,0,1000461;1000462;1000463,0,0,0,5,0,1000244,0,600000,0,0,1
温丽梦境,800098,幽沼御主,18348,0,1000464;1000465,0,0,0,5,0,1000245,0,600000,0,0,1
温丽梦境,800099,武装领主,18529,0,1000466;1000467,0,0,0,5,0,1000246,0,600000,0,0,1
温丽梦境,800100,爱琳娜,18714,0,1000468,0,0,0,5,0,1000247,0,600000,0,0,1
温丽梦境,800101,温丽,18714,0,1000469,0,0,0,5,0,1000248,0,600000,0,0,1
温丽梦境,800102,爱琪,19054,0,1000470,0,0,0,5,0,1000249,0,600000,0,0,1
温丽梦境,800103,西蒙,19391,0,1000471,0,0,0,5,0,1000250,0,600000,0,0,1
温丽梦境,800104,阿德琳,19998,0,1000472,0,0,0,5,0,1000251,0,600000,0,0,1
温丽梦境,800105,爱琳娜,23311,0,1000473,0,0,0,5,0,1000252,0,600000,0,0,1
温丽梦境,800106,夜崎隐,25003,0,1000474,0,0,0,5,0,1000253,0,600000,0,0,1
温丽梦境,800107,乔伊,25353,0,1000475,0,0,0,5,0,1000254,0,600000,0,0,1
温丽梦境,800108,无言守将,25353,0,1000476;1000477,0,0,0,5,0,1000255,0,600000,0,0,1
温丽梦境,800109,荒漠蝎王,25699,0,1000478;1000479,0,0,0,5,0,1000256,0,600000,0,0,1
温丽梦境,800110,愤怒之誓,26046,0,1000610;1000611;1000612,0,0,0,5,0,1000257,0,600000,0,0,1
温丽梦境,800111,冷漠蝎后,26396,0,1000613;1000614,0,0,0,5,0,1000258,0,600000,0,0,1
温丽梦境,800112,追梦少女,27060,0,1000615;1000616,0,0,0,5,0,1000259,0,600000,0,0,1
温丽梦境,800113,虚无梦魔,27571,0,1000617;1000618;1000619,0,0,0,5,0,1000260,0,600000,0,0,1
温丽梦境,800114,葛莱蒂丝,28258,0,1000620,0,0,0,5,0,1000261,0,600000,0,0,1
,800115,游民麦肯,0,0,1000484,0,0,0,5,0,0,0,600000,0,0,0
,800116,斥候狼人,0,0,1000485,0,0,0,5,0,0,0,600000,0,0,0
,800117,沙丘野狐,0,0,1000486,0,0,0,5,0,0,0,600000,0,0,0
,800118,黑斧鹿角兽,0,0,1000487,0,0,0,5,0,0,0,600000,0,0,0
,800119,哥布林流浪汉,0,0,1000488,0,0,0,5,0,0,0,600000,0,0,0
,800120,贪婪哥布林,0,0,1000489,0,0,0,5,0,0,0,600000,0,0,0
,800121,瘟疫机械,0,0,1000490,0,0,0,5,0,0,0,600000,0,0,0
,800122,蓝鳍鱼妖,0,0,1001214,0,0,0,5,0,0,0,600000,0,0,0
,800123,铁骑蛮熊,0,0,1001215,0,0,0,5,0,0,0,600000,0,0,0
,800124,游荡亡灵,1,0,1000558,0,0,0,5,0,0,0,600000,0,1,0
,800125,森林狩猎者,1,0,1000559,1000,0,0,5,0,0,0,600000,0,1,0
,800126,白眼独狼,1,0,1000560,2000,0,0,5,0,0,0,600000,0,1,0
,800128,北方暴君纳森,1,0,1000562,4000,0,0,5,0,0,0,600000,0,1,0
,800129,魔化阿噗哈姆,1,0,1000563,5000,0,0,5,0,0,0,600000,0,1,0
,800130,哈扎克,1,0,1000564,0,0,0,5,0,1000351,0,600000,0,1,0
,800131,侍灵骑士亚斯,1,0,1000565,0,0,0,5,0,1000353,0,600000,0,1,0
,800132,游荡亡灵,1,0,1000558,0,0,0,5,0,0,0,600000,0,1,0
,800133,游荡亡灵,1,0,1000558,0,0,0,5,0,0,0,600000,0,1,0
温丽梦境,800134,敏锐蜂后,28258,0,1000621;1000622,0,0,0,5,0,7000699,0,600000,0,0,1
温丽梦境,800135,密林荆棘,28990,0,1000623;1000624;1000625,0,0,0,5,0,7000700,0,600000,0,0,1
温丽梦境,800136,原野石魂,30535,0,1000626;1000627,0,0,0,5,0,7000701,0,600000,0,0,1
温丽梦境,800137,无限魔导,32192,0,1000628;1000629;1000630,0,0,0,5,0,7000702,0,600000,0,0,1
温丽梦境,800138,神秘庄园主,32691,0,1000631;1000632;1000633,0,0,0,5,0,7000703,0,600000,0,0,1
温丽梦境,800139,幻想者6号,33632,0,1000634;1000635,0,0,0,5,0,7000704,0,600000,0,0,1
温丽梦境,800140,木禅,34342,0,1000636,0,0,0,5,0,7000705,0,600000,0,0,1
温丽梦境,800141,绝望舞姬,34342,0,1000637;1000638;1000639,0,0,0,5,0,7000706,0,600000,0,0,1
温丽梦境,800142,铁律刑官,35058,0,1000640;1000641;1000641,0,0,0,5,0,7000707,0,600000,0,0,1
温丽梦境,800143,恸哭盲女,35821,0,1000642;1000643,0,0,0,5,0,7000708,0,600000,0,0,1
温丽梦境,800144,邪恶使徒,36587,0,1000644;1000645,0,0,0,5,0,7000709,0,600000,0,0,1
温丽梦境,800145,残暴蝎王,38176,0,1000646;1000647,0,0,0,5,0,7000710,0,600000,0,0,1
温丽梦境,800146,禁锢怨魂,38793,0,1000648;1000649,0,0,0,5,0,7000711,0,600000,0,0,1
温丽梦境,800147,爱琳娜,39505,0,1000650,0,0,0,5,0,7000712,0,600000,0,0,1
温丽梦境,800148,异蜂长老,39505,0,1000651;1000652,0,0,0,5,0,7000713,0,600000,0,0,1
温丽梦境,800149,卡诺萨卫兵,43892,0,1000653;1000654;1000655,0,0,0,5,0,7000714,0,600000,0,0,1
温丽梦境,800150,任性法师,44404,0,1000656;1000657,0,0,0,5,0,7000715,0,600000,0,0,1
温丽梦境,800151,剑魂,44903,0,1000658;1000659;1000660,0,0,0,5,0,7000716,0,600000,0,0,1
温丽梦境,800152,赤子之心,45398,0,1000661;1000662;1000663,0,0,0,5,0,7000717,0,600000,0,0,1
温丽梦境,800153,捣蛋机械,46042,0,1000664;1000665;1000666,0,0,0,5,0,7000718,0,600000,0,0,1
温丽梦境,800154,温丽,47088,0,1000667,0,0,0,5,0,7000719,0,600000,0,0,1
温丽梦境,800155,游乐女巫,47088,0,1000668;1000669;1000670,0,0,0,5,0,7000720,0,600000,0,0,1
温丽梦境,800156,飞翼石像,49167,0,1000671;1000672;1000673,0,0,0,5,0,7000721,0,600000,0,0,1
温丽梦境,800157,幽影刺客,49649,0,1000674;1000675;1000676,0,0,0,5,0,7000722,0,600000,0,0,1
温丽梦境,800158,恶魔法师,50213,0,1000677;1000678;1000679,0,0,0,5,0,7000723,0,600000,0,0,1
温丽梦境,800159,火舞女爵,52397,0,1000680;1000681,0,0,0,5,0,7000724,0,600000,0,0,1
温丽梦境,800160,财迷熊,52611,0,1000682;1000683,0,0,0,5,0,7000725,0,600000,0,0,1
温丽梦境,800161,檐鬼,54438,0,1000684,0,0,0,5,0,7000726,0,600000,0,0,1
温丽梦境,800162,困懒石像,54438,0,1000685;1000686,0,0,0,5,0,7000727,0,600000,0,0,1
温丽梦境,800163,权谋之师,54658,0,1000687;1000688,0,0,0,5,0,7000728,0,600000,0,0,1
温丽梦境,800164,怒魂监管者,55219,0,1000689;1000690,0,0,0,5,0,7000729,0,600000,0,0,1
温丽梦境,800165,贪婪博士,56291,0,1000691;1000692,0,0,0,5,0,7000730,0,600000,0,0,1
温丽梦境,800166,暴食棕熊,57756,0,1000693;1000694,0,0,0,5,0,7000731,0,600000,0,0,1
温丽梦境,800167,欲望号3型,58271,0,1000695;1000696,0,0,0,5,0,7000732,0,600000,0,0,1
温丽梦境,800168,西蒙,58966,0,1000697,0,0,0,5,0,7000733,0,600000,0,0,1
温丽梦境,800169,骁勇骑士长,58966,0,1000698;1000699,0,0,0,5,0,7000734,0,600000,0,0,1
温丽梦境,800170,暗潮蝎王,60225,0,1000700;1000701,0,0,0,5,0,7000735,0,600000,0,0,1
温丽梦境,800171,无名剑神,60895,0,1000702;1000703;1000704,0,0,0,5,0,7000736,0,600000,0,0,1
温丽梦境,800172,蝎族守护神,61026,0,1000705;1000706,0,0,0,5,0,7000737,0,600000,0,0,1
温丽梦境,800173,诫律魔使,61157,0,1000707;1000708,0,0,0,5,0,7000738,0,600000,0,0,1
温丽梦境,800174,女王忠仆,61288,0,1000709;1000710;1000711,0,0,0,5,0,7000739,0,600000,0,0,1
温丽梦境,800175,爱琪,61419,0,1000712,0,0,0,5,0,7000740,0,600000,0,0,1
温丽梦境,800176,渴血毒蜂,61419,0,1000713;1000714,0,0,0,5,0,7000741,0,600000,0,0,1
温丽梦境,800177,瘟疫感染者,61550,0,1000715;1000716;1000717,0,0,0,5,0,7000742,0,600000,0,0,1
温丽梦境,800178,魔眼石像,61681,0,1000718;1000719,0,0,0,5,0,7000743,0,600000,0,0,1
温丽梦境,800179,特型情报机,61812,0,1000720;1000721;1000722,0,0,0,5,0,7000744,0,600000,0,0,1
温丽梦境,800180,幽灵骑士,61943,0,1000723;1000724;1000725,0,0,0,5,0,7000745,0,600000,0,0,1
温丽梦境,800181,涡轮机器人,62074,0,1000726;1000727,0,0,0,5,0,7000746,0,600000,0,0,1
温丽梦境,800182,爱琳娜,62205,0,1000728,0,0,0,5,0,7000747,0,600000,0,0,1
,800231,暗律魔导之影,0,0,1001206,0,0,0,5,0,0,0,600000,0,0,0
,800232,蜘蛛女王·幻象体,0,0,1001207,0,0,0,5,0,0,0,600000,0,0,0
,800233,石像鬼塔比瑟,0,0,1001208,0,0,0,5,0,0,0,600000,0,0,0
,800234,贪婪之残欲,0,0,1001209,0,0,0,5,0,0,0,600000,0,0,0
,800235,四蹄神·幻象体,0,0,1001210,0,0,0,5,0,0,0,600000,0,0,0
,800236,绿野巨岩,0,0,1001216,0,0,0,5,0,0,0,600000,0,0,0
,800237,怪盗尤妮娅,0,0,1001217,0,0,0,5,0,0,0,600000,0,0,0
,800239,部落精英战士,1,2,1001283,0,0,0,0,0,0,0,300000,0,0,0
,800240,金钱哥布林,1,2,1001284,0,0,0,0,0,0,0,300000,0,0,0
,800241,阿噗,1,2,1001285,0,0,0,0,0,0,0,300000,0,0,0
,800242,草原蝎子,1,2,1001286,0,0,0,0,0,0,0,300000,0,0,0
,800243,武装熊人战士,1,2,1001287,0,0,0,0,0,0,0,300000,0,0,0
,800244,小石头人,1,2,1001288,0,0,0,0,0,0,0,300000,0,0,0
,800245,大鱼妖,1,2,1001289,0,0,0,0,0,0,0,300000,0,0,0
,800246,狼人战士,1,2,1001290,0,0,0,0,0,0,0,300000,0,0,0
,800247,荒原女巫,1,2,1001291,0,0,0,0,0,0,0,300000,0,0,0
,800248,受惊的僵尸,1,3,1001292,0,0,0,0,0,0,0,300000,0,0,0
,800249,女巫仆从,1,3,1001293,0,0,0,0,0,0,0,300000,0,0,0
,800250,僵尸老婆,1,3,1001294,0,0,0,0,0,0,0,300000,0,0,0
,800251,鹿角兽祭司,1,3,1001295,0,0,0,0,0,0,0,300000,0,0,0
,800252,嗜血战魂,1,3,1001296,0,0,0,0,0,0,0,300000,0,0,0
,800253,黑色荆棘,1,3,1001297,0,0,0,0,0,0,0,300000,0,0,0
,800254,荒原女巫,1,3,1001298,0,0,0,0,0,0,0,300000,0,0,0
,800255,尼格斯,1,3,1001299,0,0,0,0,0,0,0,300000,0,0,0
,800256,暗黑战魂,1,3,1001300,0,0,0,0,0,0,0,300000,0,0,0
,800257,绝世舞姬,1,3,1001301,0,0,0,0,0,0,0,300000,0,0,0
,800258,绿林花妖,1,3,1001302,0,0,0,0,0,0,0,300000,0,0,0
,800259,恶魔修帝,1,3,1001303,0,0,0,0,0,0,0,300000,0,0,0
,800260,白袍法师,1,4,1001304,0,0,0,0,0,0,0,300000,0,0,0
,800261,大女巫,1,4,1001305,0,0,0,0,0,0,0,300000,0,0,0
,800262,默希娅,1,4,1001306,0,0,0,0,0,0,0,300000,0,0,0
,800263,亚兹莫,1,4,1001307,0,0,0,0,0,0,0,300000,0,0,0
,800264,蜘蛛女王,1,4,1001308,0,0,0,0,0,0,0,300000,0,0,0
,800265,愤怒,1,4,1001309,0,0,0,0,0,0,0,300000,0,0,0
,800266,部落精英战士,1,2,1001310,0,0,0,0,0,0,0,300000,0,0,0
,800267,金钱哥布林,1,2,1001311,0,0,0,0,0,0,0,300000,0,0,0
,800268,阿噗,1,2,1001312,0,0,0,0,0,0,0,300000,0,0,0
,800269,草原蝎子,1,2,1001313,0,0,0,0,0,0,0,300000,0,0,0
,800270,武装熊人战士,1,2,1001314,0,0,0,0,0,0,0,300000,0,0,0
,800271,小石头人,1,2,1001315,0,0,0,0,0,0,0,300000,0,0,0
,800272,大鱼妖,1,2,1001316,0,0,0,0,0,0,0,300000,0,0,0
,800273,狼人战士,1,2,1001317,0,0,0,0,0,0,0,300000,0,0,0
,800274,荒原女巫,1,2,1001318,0,0,0,0,0,0,0,300000,0,0,0
,800275,受惊的僵尸,1,3,1001319,0,0,0,0,0,0,0,300000,0,0,0
,800276,女巫仆从,1,3,1001320,0,0,0,0,0,0,0,300000,0,0,0
,800277,僵尸老婆,1,3,1001321,0,0,0,0,0,0,0,300000,0,0,0
,800278,鹿角兽祭司,1,3,1001322,0,0,0,0,0,0,0,300000,0,0,0
,800279,嗜血战魂,1,3,1001323,0,0,0,0,0,0,0,300000,0,0,0
,800280,黑色荆棘,1,3,1001324,0,0,0,0,0,0,0,300000,0,0,0
,800281,荒原女巫,1,3,1001325,0,0,0,0,0,0,0,300000,0,0,0
,800282,尼格斯,1,3,1001326,0,0,0,0,0,0,0,300000,0,0,0
,800283,暗黑战魂,1,3,1001327,0,0,0,0,0,0,0,300000,0,0,0
,800284,绝世舞姬,1,3,1001328,0,0,0,0,0,0,0,300000,0,0,0
,800285,绿林花妖,1,3,1001329,0,0,0,0,0,0,0,300000,0,0,0
,800286,恶魔修帝,1,3,1001330,0,0,0,0,0,0,0,300000,0,0,0
,800287,白袍法师,1,4,1001331,0,0,0,0,0,0,0,300000,0,0,0
,800288,大女巫,1,4,1001332,0,0,0,0,0,0,0,300000,0,0,0
,800289,默希娅,1,4,1001333,0,0,0,0,0,0,0,300000,0,0,0
,800290,亚兹莫,1,4,1001334,0,0,0,0,0,0,0,300000,0,0,0
,800291,蜘蛛女王,1,4,1001335,0,0,0,0,0,0,0,300000,0,0,0
,800292,愤怒,1,4,1001336,0,0,0,0,0,0,0,300000,0,0,0
,800293,部落精英战士,1,2,1001337,0,0,0,0,0,0,0,300000,0,0,0
,800294,金钱哥布林,1,2,1001338,0,0,0,0,0,0,0,300000,0,0,0
,800295,阿噗,1,2,1001339,0,0,0,0,0,0,0,300000,0,0,0
,800296,草原蝎子,1,2,1001340,0,0,0,0,0,0,0,300000,0,0,0
,800297,武装熊人战士,1,2,1001341,0,0,0,0,0,0,0,300000,0,0,0
,800298,小石头人,1,2,1001342,0,0,0,0,0,0,0,300000,0,0,0
,800299,大鱼妖,1,2,1001343,0,0,0,0,0,0,0,300000,0,0,0
,800300,狼人战士,1,2,1001344,0,0,0,0,0,0,0,300000,0,0,0
,800301,荒原女巫,1,2,1001345,0,0,0,0,0,0,0,300000,0,0,0
,800302,受惊的僵尸,1,3,1001346,0,0,0,0,0,0,0,300000,0,0,0
,800303,女巫仆从,1,3,1001347,0,0,0,0,0,0,0,300000,0,0,0
,800304,僵尸老婆,1,3,1001348,0,0,0,0,0,0,0,300000,0,0,0
,800305,鹿角兽祭司,1,3,1001349,0,0,0,0,0,0,0,300000,0,0,0
,800306,嗜血战魂,1,3,1001350,0,0,0,0,0,0,0,300000,0,0,0
,800307,黑色荆棘,1,3,1001351,0,0,0,0,0,0,0,300000,0,0,0
,800308,荒原女巫,1,3,1001352,0,0,0,0,0,0,0,300000,0,0,0
,800309,尼格斯,1,3,1001353,0,0,0,0,0,0,0,300000,0,0,0
,800310,暗黑战魂,1,3,1001354,0,0,0,0,0,0,0,300000,0,0,0
,800311,绝世舞姬,1,3,1001355,0,0,0,0,0,0,0,300000,0,0,0
,800312,绿林花妖,1,3,1001356,0,0,0,0,0,0,0,300000,0,0,0
,800313,恶魔修帝,1,3,1001357,0,0,0,0,0,0,0,300000,0,0,0
,800314,白袍法师,1,4,1001358,0,0,0,0,0,0,0,300000,0,0,0
,800315,大女巫,1,4,1001359,0,0,0,0,0,0,0,300000,0,0,0
,800316,默希娅,1,4,1001360,0,0,0,0,0,0,0,300000,0,0,0
,800317,亚兹莫,1,4,1001361,0,0,0,0,0,0,0,300000,0,0,0
,800318,蜘蛛女王,1,4,1001362,0,0,0,0,0,0,0,300000,0,0,0
,800319,愤怒,1,4,1001363,0,0,0,0,0,0,0,300000,0,0,0
,800320,部落精英战士,1,2,1001364,0,0,0,0,0,0,0,300000,0,0,0
,800321,金钱哥布林,1,2,1001365,0,0,0,0,0,0,0,300000,0,0,0
,800322,阿噗,1,2,1001366,0,0,0,0,0,0,0,300000,0,0,0
,800323,草原蝎子,1,2,1001367,0,0,0,0,0,0,0,300000,0,0,0
,800324,武装熊人战士,1,2,1001368,0,0,0,0,0,0,0,300000,0,0,0
,800325,小石头人,1,2,1001369,0,0,0,0,0,0,0,300000,0,0,0
,800326,大鱼妖,1,2,1001370,0,0,0,0,0,0,0,300000,0,0,0
,800327,狼人战士,1,2,1001371,0,0,0,0,0,0,0,300000,0,0,0
,800328,荒原女巫,1,2,1001372,0,0,0,0,0,0,0,300000,0,0,0
,800329,受惊的僵尸,1,3,1001373,0,0,0,0,0,0,0,300000,0,0,0
,800330,女巫仆从,1,3,1001374,0,0,0,0,0,0,0,300000,0,0,0
,800331,僵尸老婆,1,3,1001375,0,0,0,0,0,0,0,300000,0,0,0
,800332,鹿角兽祭司,1,3,1001376,0,0,0,0,0,0,0,300000,0,0,0
,800333,嗜血战魂,1,3,1001377,0,0,0,0,0,0,0,300000,0,0,0
,800334,黑色荆棘,1,3,1001378,0,0,0,0,0,0,0,300000,0,0,0
,800335,荒原女巫,1,3,1001379,0,0,0,0,0,0,0,300000,0,0,0
,800336,尼格斯,1,3,1001380,0,0,0,0,0,0,0,300000,0,0,0
,800337,暗黑战魂,1,3,1001381,0,0,0,0,0,0,0,300000,0,0,0
,800338,绝世舞姬,1,3,1001382,0,0,0,0,0,0,0,300000,0,0,0
,800339,绿林花妖,1,3,1001383,0,0,0,0,0,0,0,300000,0,0,0
,800340,恶魔修帝,1,3,1001384,0,0,0,0,0,0,0,300000,0,0,0
,800341,白袍法师,1,4,1001385,0,0,0,0,0,0,0,300000,0,0,0
,800342,大女巫,1,4,1001386,0,0,0,0,0,0,0,300000,0,0,0
,800343,默希娅,1,4,1001387,0,0,0,0,0,0,0,300000,0,0,0
,800344,亚兹莫,1,4,1001388,0,0,0,0,0,0,0,300000,0,0,0
,800345,蜘蛛女王,1,4,1001389,0,0,0,0,0,0,0,300000,0,0,0
,800346,愤怒,1,4,1001390,0,0,0,0,0,0,0,300000,0,0,0
,800347,部落精英战士,1,2,1001391,0,0,0,0,0,0,0,300000,0,0,0
,800348,金钱哥布林,1,2,1001392,0,0,0,0,0,0,0,300000,0,0,0
,800349,阿噗,1,2,1001393,0,0,0,0,0,0,0,300000,0,0,0
,800350,草原蝎子,1,2,1001394,0,0,0,0,0,0,0,300000,0,0,0
,800351,武装熊人战士,1,2,1001395,0,0,0,0,0,0,0,300000,0,0,0
,800352,小石头人,1,2,1001396,0,0,0,0,0,0,0,300000,0,0,0
,800353,大鱼妖,1,2,1001397,0,0,0,0,0,0,0,300000,0,0,0
,800354,狼人战士,1,2,1001398,0,0,0,0,0,0,0,300000,0,0,0
,800355,荒原女巫,1,2,1001399,0,0,0,0,0,0,0,300000,0,0,0
,800356,受惊的僵尸,1,3,1001400,0,0,0,0,0,0,0,300000,0,0,0
,800357,女巫仆从,1,3,1001401,0,0,0,0,0,0,0,300000,0,0,0
,800358,僵尸老婆,1,3,1001402,0,0,0,0,0,0,0,300000,0,0,0
,800359,鹿角兽祭司,1,3,1001403,0,0,0,0,0,0,0,300000,0,0,0
,800360,嗜血战魂,1,3,1001404,0,0,0,0,0,0,0,300000,0,0,0
,800361,黑色荆棘,1,3,1001405,0,0,0,0,0,0,0,300000,0,0,0
,800362,荒原女巫,1,3,1001406,0,0,0,0,0,0,0,300000,0,0,0
,800363,尼格斯,1,3,1001407,0,0,0,0,0,0,0,300000,0,0,0
,800364,暗黑战魂,1,3,1001408,0,0,0,0,0,0,0,300000,0,0,0
,800365,绝世舞姬,1,3,1001409,0,0,0,0,0,0,0,300000,0,0,0
,800366,绿林花妖,1,3,1001410,0,0,0,0,0,0,0,300000,0,0,0
,800367,恶魔修帝,1,3,1001411,0,0,0,0,0,0,0,300000,0,0,0
,800368,白袍法师,1,4,1001412,0,0,0,0,0,0,0,300000,0,0,0
,800369,大女巫,1,4,1001413,0,0,0,0,0,0,0,300000,0,0,0
,800370,默希娅,1,4,1001414,0,0,0,0,0,0,0,300000,0,0,0
,800371,亚兹莫,1,4,1001415,0,0,0,0,0,0,0,300000,0,0,0
,800372,蜘蛛女王,1,4,1001416,0,0,0,0,0,0,0,300000,0,0,0
,800373,愤怒,1,4,1001417,0,0,0,0,0,0,0,300000,0,0,0
,800374,部落精英战士,1,2,1001418,0,0,0,0,0,0,0,300000,0,0,0
,800375,金钱哥布林,1,2,1001419,0,0,0,0,0,0,0,300000,0,0,0
,800376,阿噗,1,2,1001420,0,0,0,0,0,0,0,300000,0,0,0
,800377,草原蝎子,1,2,1001421,0,0,0,0,0,0,0,300000,0,0,0
,800378,武装熊人战士,1,2,1001422,0,0,0,0,0,0,0,300000,0,0,0
,800379,小石头人,1,2,1001423,0,0,0,0,0,0,0,300000,0,0,0
,800380,大鱼妖,1,2,1001424,0,0,0,0,0,0,0,300000,0,0,0
,800381,狼人战士,1,2,1001425,0,0,0,0,0,0,0,300000,0,0,0
,800382,荒原女巫,1,2,1001426,0,0,0,0,0,0,0,300000,0,0,0
,800383,受惊的僵尸,1,3,1001427,0,0,0,0,0,0,0,300000,0,0,0
,800384,女巫仆从,1,3,1001428,0,0,0,0,0,0,0,300000,0,0,0
,800385,僵尸老婆,1,3,1001429,0,0,0,0,0,0,0,300000,0,0,0
,800386,鹿角兽祭司,1,3,1001430,0,0,0,0,0,0,0,300000,0,0,0
,800387,嗜血战魂,1,3,1001431,0,0,0,0,0,0,0,300000,0,0,0
,800388,黑色荆棘,1,3,1001432,0,0,0,0,0,0,0,300000,0,0,0
,800389,荒原女巫,1,3,1001433,0,0,0,0,0,0,0,300000,0,0,0
,800390,尼格斯,1,3,1001434,0,0,0,0,0,0,0,300000,0,0,0
,800391,暗黑战魂,1,3,1001435,0,0,0,0,0,0,0,300000,0,0,0
,800392,绝世舞姬,1,3,1001436,0,0,0,0,0,0,0,300000,0,0,0
,800393,绿林花妖,1,3,1001437,0,0,0,0,0,0,0,300000,0,0,0
,800394,恶魔修帝,1,3,1001438,0,0,0,0,0,0,0,300000,0,0,0
,800395,白袍法师,1,4,1001439,0,0,0,0,0,0,0,300000,0,0,0
,800396,大女巫,1,4,1001440,0,0,0,0,0,0,0,300000,0,0,0
,800397,默希娅,1,4,1001441,0,0,0,0,0,0,0,300000,0,0,0
,800398,亚兹莫,1,4,1001442,0,0,0,0,0,0,0,300000,0,0,0
,800399,蜘蛛女王,1,4,1001443,0,0,0,0,0,0,0,300000,0,0,0
,800400,愤怒,1,4,1001444,0,0,0,0,0,0,0,300000,0,0,0
,800401,部落精英战士,1,2,1001445,0,0,0,0,0,0,0,300000,0,0,0
,800402,金钱哥布林,1,2,1001446,0,0,0,0,0,0,0,300000,0,0,0
,800403,阿噗,1,2,1001447,0,0,0,0,0,0,0,300000,0,0,0
,800404,草原蝎子,1,2,1001448,0,0,0,0,0,0,0,300000,0,0,0
,800405,武装熊人战士,1,2,1001449,0,0,0,0,0,0,0,300000,0,0,0
,800406,小石头人,1,2,1001450,0,0,0,0,0,0,0,300000,0,0,0
,800407,大鱼妖,1,2,1001451,0,0,0,0,0,0,0,300000,0,0,0
,800408,狼人战士,1,2,1001452,0,0,0,0,0,0,0,300000,0,0,0
,800409,荒原女巫,1,2,1001453,0,0,0,0,0,0,0,300000,0,0,0
,800410,受惊的僵尸,1,3,1001454,0,0,0,0,0,0,0,300000,0,0,0
,800411,女巫仆从,1,3,1001455,0,0,0,0,0,0,0,300000,0,0,0
,800412,僵尸老婆,1,3,1001456,0,0,0,0,0,0,0,300000,0,0,0
,800413,鹿角兽祭司,1,3,1001457,0,0,0,0,0,0,0,300000,0,0,0
,800414,嗜血战魂,1,3,1001458,0,0,0,0,0,0,0,300000,0,0,0
,800415,黑色荆棘,1,3,1001459,0,0,0,0,0,0,0,300000,0,0,0
,800416,荒原女巫,1,3,1001460,0,0,0,0,0,0,0,300000,0,0,0
,800417,尼格斯,1,3,1001461,0,0,0,0,0,0,0,300000,0,0,0
,800418,暗黑战魂,1,3,1001462,0,0,0,0,0,0,0,300000,0,0,0
,800419,绝世舞姬,1,3,1001463,0,0,0,0,0,0,0,300000,0,0,0
,800420,绿林花妖,1,3,1001464,0,0,0,0,0,0,0,300000,0,0,0
,800421,恶魔修帝,1,3,1001465,0,0,0,0,0,0,0,300000,0,0,0
,800422,白袍法师,1,4,1001466,0,0,0,0,0,0,0,300000,0,0,0
,800423,大女巫,1,4,1001467,0,0,0,0,0,0,0,300000,0,0,0
,800424,默希娅,1,4,1001468,0,0,0,0,0,0,0,300000,0,0,0
,800425,亚兹莫,1,4,1001469,0,0,0,0,0,0,0,300000,0,0,0
,800426,蜘蛛女王,1,4,1001470,0,0,0,0,0,0,0,300000,0,0,0
,800427,愤怒,1,4,1001471,0,0,0,0,0,0,0,300000,0,0,0
,800428,部落精英战士,1,2,1001472,0,0,0,0,0,0,0,300000,0,0,0
,800429,金钱哥布林,1,2,1001473,0,0,0,0,0,0,0,300000,0,0,0
,800430,阿噗,1,2,1001474,0,0,0,0,0,0,0,300000,0,0,0
,800431,草原蝎子,1,2,1001475,0,0,0,0,0,0,0,300000,0,0,0
,800432,武装熊人战士,1,2,1001476,0,0,0,0,0,0,0,300000,0,0,0
,800433,小石头人,1,2,1001477,0,0,0,0,0,0,0,300000,0,0,0
,800434,大鱼妖,1,2,1001478,0,0,0,0,0,0,0,300000,0,0,0
,800435,狼人战士,1,2,1001479,0,0,0,0,0,0,0,300000,0,0,0
,800436,荒原女巫,1,2,1001480,0,0,0,0,0,0,0,300000,0,0,0
,800437,受惊的僵尸,1,3,1001481,0,0,0,0,0,0,0,300000,0,0,0
,800438,女巫仆从,1,3,1001482,0,0,0,0,0,0,0,300000,0,0,0
,800439,僵尸老婆,1,3,1001483,0,0,0,0,0,0,0,300000,0,0,0
,800440,鹿角兽祭司,1,3,1001484,0,0,0,0,0,0,0,300000,0,0,0
,800441,嗜血战魂,1,3,1001485,0,0,0,0,0,0,0,300000,0,0,0
,800442,黑色荆棘,1,3,1001486,0,0,0,0,0,0,0,300000,0,0,0
,800443,荒原女巫,1,3,1001487,0,0,0,0,0,0,0,300000,0,0,0
,800444,尼格斯,1,3,1001488,0,0,0,0,0,0,0,300000,0,0,0
,800445,暗黑战魂,1,3,1001489,0,0,0,0,0,0,0,300000,0,0,0
,800446,绝世舞姬,1,3,1001490,0,0,0,0,0,0,0,300000,0,0,0
,800447,绿林花妖,1,3,1001491,0,0,0,0,0,0,0,300000,0,0,0
,800448,恶魔修帝,1,3,1001492,0,0,0,0,0,0,0,300000,0,0,0
,800449,白袍法师,1,4,1001493,0,0,0,0,0,0,0,300000,0,0,0
,800450,大女巫,1,4,1001494,0,0,0,0,0,0,0,300000,0,0,0
,800451,默希娅,1,4,1001495,0,0,0,0,0,0,0,300000,0,0,0
,800452,亚兹莫,1,4,1001496,0,0,0,0,0,0,0,300000,0,0,0
,800453,蜘蛛女王,1,4,1001497,0,0,0,0,0,0,0,300000,0,0,0
,800454,愤怒,1,4,1001498,0,0,0,0,0,0,0,300000,0,0,0
,800455,部落精英战士,1,2,1001499,0,0,0,0,0,0,0,300000,0,0,0
,800456,金钱哥布林,1,2,1001500,0,0,0,0,0,0,0,300000,0,0,0
,800457,阿噗,1,2,1001501,0,0,0,0,0,0,0,300000,0,0,0
,800458,草原蝎子,1,2,1001502,0,0,0,0,0,0,0,300000,0,0,0
,800459,武装熊人战士,1,2,1001503,0,0,0,0,0,0,0,300000,0,0,0
,800460,小石头人,1,2,1001504,0,0,0,0,0,0,0,300000,0,0,0
,800461,大鱼妖,1,2,1001505,0,0,0,0,0,0,0,300000,0,0,0
,800462,狼人战士,1,2,1001506,0,0,0,0,0,0,0,300000,0,0,0
,800463,荒原女巫,1,2,1001507,0,0,0,0,0,0,0,300000,0,0,0
,800464,受惊的僵尸,1,3,1001508,0,0,0,0,0,0,0,300000,0,0,0
,800465,女巫仆从,1,3,1001509,0,0,0,0,0,0,0,300000,0,0,0
,800466,僵尸老婆,1,3,1001510,0,0,0,0,0,0,0,300000,0,0,0
,800467,鹿角兽祭司,1,3,1001511,0,0,0,0,0,0,0,300000,0,0,0
,800468,嗜血战魂,1,3,1001512,0,0,0,0,0,0,0,300000,0,0,0
,800469,黑色荆棘,1,3,1001513,0,0,0,0,0,0,0,300000,0,0,0
,800470,荒原女巫,1,3,1001514,0,0,0,0,0,0,0,300000,0,0,0
,800471,尼格斯,1,3,1001515,0,0,0,0,0,0,0,300000,0,0,0
,800472,暗黑战魂,1,3,1001516,0,0,0,0,0,0,0,300000,0,0,0
,800473,绝世舞姬,1,3,1001517,0,0,0,0,0,0,0,300000,0,0,0
,800474,绿林花妖,1,3,1001518,0,0,0,0,0,0,0,300000,0,0,0
,800475,恶魔修帝,1,3,1001519,0,0,0,0,0,0,0,300000,0,0,0
,800476,白袍法师,1,4,1001520,0,0,0,0,0,0,0,300000,0,0,0
,800477,大女巫,1,4,1001521,0,0,0,0,0,0,0,300000,0,0,0
,800478,默希娅,1,4,1001522,0,0,0,0,0,0,0,300000,0,0,0
,800479,亚兹莫,1,4,1001523,0,0,0,0,0,0,0,300000,0,0,0
,800480,蜘蛛女王,1,4,1001524,0,0,0,0,0,0,0,300000,0,0,0
,800481,愤怒,1,4,1001525,0,0,0,0,0,0,0,300000,0,0,0
,800482,部落精英战士,1,2,1001526,0,0,0,0,0,0,0,300000,0,0,0
,800483,金钱哥布林,1,2,1001527,0,0,0,0,0,0,0,300000,0,0,0
,800484,阿噗,1,2,1001528,0,0,0,0,0,0,0,300000,0,0,0
,800485,草原蝎子,1,2,1001529,0,0,0,0,0,0,0,300000,0,0,0
,800486,武装熊人战士,1,2,1001530,0,0,0,0,0,0,0,300000,0,0,0
,800487,小石头人,1,2,1001531,0,0,0,0,0,0,0,300000,0,0,0
,800488,大鱼妖,1,2,1001532,0,0,0,0,0,0,0,300000,0,0,0
,800489,狼人战士,1,2,1001533,0,0,0,0,0,0,0,300000,0,0,0
,800490,荒原女巫,1,2,1001534,0,0,0,0,0,0,0,300000,0,0,0
,800491,受惊的僵尸,1,3,1001535,0,0,0,0,0,0,0,300000,0,0,0
,800492,女巫仆从,1,3,1001536,0,0,0,0,0,0,0,300000,0,0,0
,800493,僵尸老婆,1,3,1001537,0,0,0,0,0,0,0,300000,0,0,0
,800494,鹿角兽祭司,1,3,1001538,0,0,0,0,0,0,0,300000,0,0,0
,800495,嗜血战魂,1,3,1001539,0,0,0,0,0,0,0,300000,0,0,0
,800496,黑色荆棘,1,3,1001540,0,0,0,0,0,0,0,300000,0,0,0
,800497,荒原女巫,1,3,1001541,0,0,0,0,0,0,0,300000,0,0,0
,800498,尼格斯,1,3,1001542,0,0,0,0,0,0,0,300000,0,0,0
,800499,暗黑战魂,1,3,1001543,0,0,0,0,0,0,0,300000,0,0,0
,800500,绝世舞姬,1,3,1001544,0,0,0,0,0,0,0,300000,0,0,0
,800501,绿林花妖,1,3,1001545,0,0,0,0,0,0,0,300000,0,0,0
,800502,恶魔修帝,1,3,1001546,0,0,0,0,0,0,0,300000,0,0,0
,800503,白袍法师,1,4,1001547,0,0,0,0,0,0,0,300000,0,0,0
,800504,大女巫,1,4,1001548,0,0,0,0,0,0,0,300000,0,0,0
,800505,默希娅,1,4,1001549,0,0,0,0,0,0,0,300000,0,0,0
,800506,亚兹莫,1,4,1001550,0,0,0,0,0,0,0,300000,0,0,0
,800507,蜘蛛女王,1,4,1001551,0,0,0,0,0,0,0,300000,0,0,0
,800508,愤怒,1,4,1001552,0,0,0,0,0,0,0,300000,0,0,0
,800509,部落精英战士,1,2,1001553,0,0,0,0,0,0,0,300000,0,0,0
,800510,金钱哥布林,1,2,1001554,0,0,0,0,0,0,0,300000,0,0,0
,800511,阿噗,1,2,1001555,0,0,0,0,0,0,0,300000,0,0,0
,800512,草原蝎子,1,2,1001556,0,0,0,0,0,0,0,300000,0,0,0
,800513,武装熊人战士,1,2,1001557,0,0,0,0,0,0,0,300000,0,0,0
,800514,小石头人,1,2,1001558,0,0,0,0,0,0,0,300000,0,0,0
,800515,大鱼妖,1,2,1001559,0,0,0,0,0,0,0,300000,0,0,0
,800516,狼人战士,1,2,1001560,0,0,0,0,0,0,0,300000,0,0,0
,800517,荒原女巫,1,2,1001561,0,0,0,0,0,0,0,300000,0,0,0
,800518,受惊的僵尸,1,3,1001562,0,0,0,0,0,0,0,300000,0,0,0
,800519,女巫仆从,1,3,1001563,0,0,0,0,0,0,0,300000,0,0,0
,800520,僵尸老婆,1,3,1001564,0,0,0,0,0,0,0,300000,0,0,0
,800521,鹿角兽祭司,1,3,1001565,0,0,0,0,0,0,0,300000,0,0,0
,800522,嗜血战魂,1,3,1001566,0,0,0,0,0,0,0,300000,0,0,0
,800523,黑色荆棘,1,3,1001567,0,0,0,0,0,0,0,300000,0,0,0
,800524,荒原女巫,1,3,1001568,0,0,0,0,0,0,0,300000,0,0,0
,800525,尼格斯,1,3,1001569,0,0,0,0,0,0,0,300000,0,0,0
,800526,暗黑战魂,1,3,1001570,0,0,0,0,0,0,0,300000,0,0,0
,800527,绝世舞姬,1,3,1001571,0,0,0,0,0,0,0,300000,0,0,0
,800528,绿林花妖,1,3,1001572,0,0,0,0,0,0,0,300000,0,0,0
,800529,恶魔修帝,1,3,1001573,0,0,0,0,0,0,0,300000,0,0,0
,800530,白袍法师,1,4,1001574,0,0,0,0,0,0,0,300000,0,0,0
,800531,大女巫,1,4,1001575,0,0,0,0,0,0,0,300000,0,0,0
,800532,默希娅,1,4,1001576,0,0,0,0,0,0,0,300000,0,0,0
,800533,亚兹莫,1,4,1001577,0,0,0,0,0,0,0,300000,0,0,0
,800534,蜘蛛女王,1,4,1001578,0,0,0,0,0,0,0,300000,0,0,0
,800535,愤怒,1,4,1001579,0,0,0,0,0,0,0,300000,0,0,0
,800536,部落精英战士,1,2,1001580,0,0,0,0,0,0,0,300000,0,0,0
,800537,金钱哥布林,1,2,1001581,0,0,0,0,0,0,0,300000,0,0,0
,800538,阿噗,1,2,1001582,0,0,0,0,0,0,0,300000,0,0,0
,800539,草原蝎子,1,2,1001583,0,0,0,0,0,0,0,300000,0,0,0
,800540,武装熊人战士,1,2,1001584,0,0,0,0,0,0,0,300000,0,0,0
,800541,小石头人,1,2,1001585,0,0,0,0,0,0,0,300000,0,0,0
,800542,大鱼妖,1,2,1001586,0,0,0,0,0,0,0,300000,0,0,0
,800543,狼人战士,1,2,1001587,0,0,0,0,0,0,0,300000,0,0,0
,800544,荒原女巫,1,2,1001588,0,0,0,0,0,0,0,300000,0,0,0
,800545,受惊的僵尸,1,3,1001589,0,0,0,0,0,0,0,300000,0,0,0
,800546,女巫仆从,1,3,1001590,0,0,0,0,0,0,0,300000,0,0,0
,800547,僵尸老婆,1,3,1001591,0,0,0,0,0,0,0,300000,0,0,0
,800548,鹿角兽祭司,1,3,1001592,0,0,0,0,0,0,0,300000,0,0,0
,800549,嗜血战魂,1,3,1001593,0,0,0,0,0,0,0,300000,0,0,0
,800550,黑色荆棘,1,3,1001594,0,0,0,0,0,0,0,300000,0,0,0
,800551,荒原女巫,1,3,1001595,0,0,0,0,0,0,0,300000,0,0,0
,800552,尼格斯,1,3,1001596,0,0,0,0,0,0,0,300000,0,0,0
,800553,暗黑战魂,1,3,1001597,0,0,0,0,0,0,0,300000,0,0,0
,800554,绝世舞姬,1,3,1001598,0,0,0,0,0,0,0,300000,0,0,0
,800555,绿林花妖,1,3,1001599,0,0,0,0,0,0,0,300000,0,0,0
,800556,恶魔修帝,1,3,1001600,0,0,0,0,0,0,0,300000,0,0,0
,800557,白袍法师,1,4,1001601,0,0,0,0,0,0,0,300000,0,0,0
,800558,大女巫,1,4,1001602,0,0,0,0,0,0,0,300000,0,0,0
,800559,默希娅,1,4,1001603,0,0,0,0,0,0,0,300000,0,0,0
,800560,亚兹莫,1,4,1001604,0,0,0,0,0,0,0,300000,0,0,0
,800561,蜘蛛女王,1,4,1001605,0,0,0,0,0,0,0,300000,0,0,0
,800562,愤怒,1,4,1001606,0,0,0,0,0,0,0,300000,0,0,0
,800564,檐鬼,1,2,1001608,0,0,0,0,0,0,0,300000,0,0,0
,800565,摩尼耶,1,3,1001609,0,0,0,0,0,0,0,300000,0,0,0
,800566,默希娅,1,2,1001610,0,0,0,0,0,0,0,300000,0,0,0
,800567,萨米尔,1,3,1001611,0,0,0,0,0,0,0,300000,0,0,0
,800568,夜崎隐,1,2,1001612,0,0,0,0,0,0,0,300000,0,0,0
,800569,乔伊,1,3,1001613,0,0,0,0,0,0,0,300000,0,0,0
,800570,檐鬼,1,2,1001614,0,0,0,0,0,0,0,300000,0,0,0
,800571,摩尼耶,1,3,1001615,0,0,0,0,0,0,0,300000,0,0,0
,800572,默希娅,1,2,1001616,0,0,0,0,0,0,0,300000,0,0,0
,800573,萨米尔,1,3,1001617,0,0,0,0,0,0,0,300000,0,0,0
,800574,夜崎隐,1,2,1001618,0,0,0,0,0,0,0,300000,0,0,0
,800575,乔伊,1,3,1001619,0,0,0,0,0,0,0,300000,0,0,0
,800576,檐鬼,1,2,1001620,0,0,0,0,0,0,0,300000,0,0,0
,800577,摩尼耶,1,3,1001621,0,0,0,0,0,0,0,300000,0,0,0
,800578,默希娅,1,2,1001622,0,0,0,0,0,0,0,300000,0,0,0
,800579,萨米尔,1,3,1001623,0,0,0,0,0,0,0,300000,0,0,0
,800580,夜崎隐,1,2,1001624,0,0,0,0,0,0,0,300000,0,0,0
,800581,乔伊,1,3,1001625,0,0,0,0,0,0,0,300000,0,0,0
,800582,檐鬼,1,2,1001626,0,0,0,0,0,0,0,300000,0,0,0
,800583,摩尼耶,1,3,1001627,0,0,0,0,0,0,0,300000,0,0,0
,800584,默希娅,1,2,1001628,0,0,0,0,0,0,0,300000,0,0,0
,800585,萨米尔,1,3,1001629,0,0,0,0,0,0,0,300000,0,0,0
,800586,夜崎隐,1,2,1001630,0,0,0,0,0,0,0,300000,0,0,0
,800587,乔伊,1,3,1001631,0,0,0,0,0,0,0,300000,0,0,0
,800588,夜崎隐,90000,0,9000679,0,0,0,5,0,0,0,600000,0,0,0
,800589,金色魅影,0,0,1001682,0,0,0,5,0,0,0,600000,0,0,0
,800594,暴戾狼人,0,4,1001758,0,0,0,5,0,0,0,300000,0,1,0
,800595,暴戾狼人,0,4,1001759,0,0,0,5,0,0,0,300000,0,1,0
,800596,暴戾狼人,0,4,1001760,0,0,0,5,0,0,0,300000,0,1,0
,800597,暴戾狼人,0,4,1001761,0,0,0,5,0,0,0,300000,0,1,0
,800598,暴戾狼人,0,4,1001762,0,0,0,5,0,0,0,300000,0,1,0
,800599,暴戾狼人,0,4,1001763,0,0,0,5,0,0,0,300000,0,1,0
,800600,暴戾狼人,0,4,1001764,0,0,0,5,0,0,0,300000,0,1,0
,800601,暴戾狼人,0,4,1001765,0,0,0,5,0,0,0,300000,0,1,0
,800602,暴戾狼人,0,4,1001766,0,0,0,5,0,0,0,300000,0,1,0
,800603,暴戾狼人,0,4,1001767,0,0,0,5,0,0,0,300000,0,1,0
,800604,暴戾狼人,0,4,1001768,0,0,0,5,0,0,0,300000,0,1,0
,800605,暴戾狼人,0,4,1001769,0,0,0,5,0,0,0,300000,0,1,0
,900001,卫兵,0,0,9000011,0,0,0,5,0,0,0,600000,0,0,0
,900003,温丽,0,0,9000031,0,0,0,5,0,0,0,600000,0,0,0
,900004,盗贼,0,0,9000041,0,0,0,5,0,0,0,600000,0,0,0
,900101,劫匪,0,0,9001011,0,0,0,5,0,0,0,600000,0,0,0
,900102,卫兵,0,0,9001012,0,0,0,5,0,0,0,600000,0,0,0
,900103,哥布林小贼,0,0,9001013,0,0,0,5,0,0,0,600000,0,0,0
,900104,哥布林小怪,0,0,9001014,0,0,0,5,0,0,0,600000,0,0,0
,900105,夜崎隐,0,0,9001015,0,0,0,5,0,0,0,600000,0,0,0
,900106,山岭巨人,0,0,9001016,0,0,0,5,0,0,0,600000,0,0,0
,900111,血魔腐蚀者,1969,0,9000066;9001001;9001001,0,0,0,5,0,0,0,600000,0,0,3
,900136,劫匪,0,0,9000070,0,0,0,5,0,0,0,600000,0,0,0
,900138,卫兵,0,0,9001032,0,0,0,5,0,0,0,600000,0,0,0
半人鱼,900146,蓝色半鱼人,0,0,9001041,0,0,0,5,0,0,0,600000,0,0,0
鹿角兽破坏者,900147,鹿角子爵特鲁,0,0,9001042,0,0,0,5,0,0,0,600000,0,0,0
瑞杰,900148,瑞杰,0,0,9001043,0,0,0,5,0,0,0,600000,0,0,0
哥布林德雷克,900150,哥布林德雷克,2515,0,9000045,0,0,0,5,0,0,0,600000,0,0,3
半鱼人,900151,半鱼人,25000,0,9000056,0,0,0,5,0,0,0,600000,0,0,0
盗贼奸细,900152,盗贼奸细,25000,0,9000057,0,0,0,5,0,0,0,600000,0,0,0
毒刃蜂后,900153,丛林开膛手,25000,0,9000058,0,0,0,5,0,0,0,600000,0,0,0
丛林偷猎者,900154,丛林偷猎者,25000,0,1000091,0,0,0,5,0,0,0,600000,0,0,0
丛林偷猎者,900155,丛林偷猎者,25000,0,1000091,0,0,0,5,0,0,0,600000,0,0,0
丛林偷猎者,900156,丛林偷猎者,25000,0,1000091,0,0,0,5,0,0,0,600000,0,0,0
丛林偷猎者,900157,丛林偷猎者,25000,0,1000091,0,0,0,5,0,0,0,600000,0,0,0
丛林偷猎者,900158,丛林偷猎者,25000,0,1000091,0,0,0,5,0,0,0,600000,0,0,0
铁甲哥布林,900159,哥布林劫匪,25000,0,1000092,0,0,0,5,0,0,0,600000,0,0,0
铁甲哥布林,900160,铁甲哥布林,25000,0,1000092,0,0,0,5,0,0,0,600000,0,0,0
铁甲哥布林,900161,铁甲哥布林,25000,0,1000092,0,0,0,5,0,0,0,600000,0,0,0
铁甲哥布林,900162,铁甲哥布林,25000,0,1000092,0,0,0,5,0,0,0,600000,0,0,0
先驱者1号,900163,先驱者1号,25000,0,1000093,0,0,0,5,0,0,0,600000,0,0,0
,900164,失踪的居民,25000,0,1000094,0,0,0,5,0,0,0,600000,0,0,0
,900166,机械魔偶,25000,0,1000096,0,0,0,5,0,0,0,600000,0,0,0
,900167,没落贵族莱德,25000,0,1000095,0,0,0,5,0,0,0,600000,0,0,0
不死丧尸,900168,异变者,0,0,9000093,0,0,0,5,0,0,0,600000,0,0,0
,900179,狼人基德,25000,0,2001211,0,0,0,5,0,0,0,600000,0,0,0
,900181,黑骑士,25000,0,9000173,0,0,0,5,0,0,0,600000,0,0,0
,900184,铠甲幽灵布劳,0,0,9000062,0,0,0,5,0,0,0,600000,0,0,0
,900185,驭魂法师拜诺,0,0,9000063,0,0,0,5,0,0,0,600000,0,0,0
,900186,弑魂领主索尔,2809,0,9000065,0,0,0,5,0,0,0,600000,0,0,3
,900188,先驱者1号,0,0,9000068;9000077;9000077,0,0,0,5,0,0,0,600000,0,0,0
边陲沙湖,900189,边陲沙狐,0,0,9000071;9000071;9000071,0,0,0,5,0,0,0,600000,0,0,0
魔脊半人鱼,900190,魔脊半人鱼,3274,0,9000072,0,0,0,5,0,0,0,600000,0,0,3
黑蹄鹿角兽,900191,黑蹄鹿角兽,0,0,9000073,0,0,0,5,0,0,0,600000,0,0,0
,900193,怒蝎统领强森,0,0,9000075,0,0,0,5,0,0,0,600000,0,0,0
戈壁火狐,900194,戈壁火狐,0,0,9000078,0,0,0,5,0,0,0,600000,0,0,0
魔化毒角兽,900195,魔化毒角兽,0,0,9000079,0,0,0,5,0,0,0,600000,0,0,0
魅魔,900198,???,3116,0,9000085,0,0,0,5,0,0,0,600000,0,0,3
,900199,不死者安妮特,0,0,9000086,0,0,0,5,0,0,0,600000,0,0,0
,900200,魔脊半鱼人,0,0,9000087,0,0,0,5,0,0,0,600000,0,0,0
,900201,晶石暴熊,0,0,9000088,0,0,0,5,0,0,0,600000,0,0,0
,900202,加林儿子,4111,0,9000089,0,0,0,5,0,0,0,600000,0,0,3
,900203,不死者,0,0,9000090;9000090,0,0,0,5,0,0,0,600000,0,0,0
,900204,晶石暴熊,0,0,9000147,0,0,0,5,0,0,0,600000,0,0,0
,900205,狐克斯,0,0,9000094,0,0,0,5,0,0,0,600000,0,0,0
亡魂死徒,900206,亡魂死徒,0,0,9000095,0,0,0,5,0,0,0,600000,0,0,0
亡魂死士,900207,亡魂死士,10000,0,9000096,0,0,0,5,0,0,0,600000,0,0,0
,900209,黑袍哥布林,0,0,9000098,0,0,0,5,0,0,0,600000,0,0,0
,900210,狡诈的偷猎者,0,0,9000099;9000682,0,0,0,5,0,0,0,600000,0,0,0
玫瑰团追随者,900211,玫瑰团追随者,0,0,9000100,0,0,0,5,0,0,0,600000,0,0,0
玫瑰团流浪者,900212,玫瑰团流浪者,0,0,9000101,0,0,0,5,0,0,0,600000,0,0,0
,900213,野蛮孤狼,0,0,9000102,0,0,0,5,0,0,0,600000,0,1,0
,900214,半鱼人,0,0,9000103,0,0,0,5,0,0,0,600000,0,1,0
,900215,玫瑰团追随者,0,0,9000104,0,0,0,5,0,0,0,600000,0,1,0
,900216,玫瑰团流浪者,0,0,9000105,0,0,0,5,0,0,0,600000,0,1,0
,900218,黑袍哥布林,0,0,9000107,0,0,0,5,0,0,0,600000,0,1,0
,900219,丛林偷猎者,0,0,9000108,0,0,0,5,0,0,0,600000,0,1,0
,900220,滚石怪,0,0,9000109,0,0,0,5,0,0,0,600000,0,1,0
,900222,亡魂死徒,0,0,9000111,0,0,0,5,0,0,0,600000,0,1,0
,900223,亡魂死士,0,0,9000112,0,0,0,5,0,0,0,600000,0,1,0
,900224,白狼领主雷加,0,0,9000113,0,0,0,5,0,0,0,600000,0,1,0
,900225,暗夜蔷薇维拉,0,0,9000114,0,0,0,5,0,0,0,600000,0,1,0
,900226,食人族长阿贝普,0,0,9000115,0,0,0,5,0,0,0,600000,0,1,0
,900227,无魂不死者瑞恩,0,0,9000116,0,0,0,5,0,0,0,600000,0,1,0
,900228,禁卫军长蓝斯,0,0,9000117,0,0,0,5,0,0,0,600000,0,1,0
,900229,鹿角伯爵赛尔,0,0,9000118,0,0,0,5,0,0,0,600000,0,1,0
,900230,永夜鱼龙,0,0,9000119;9000124,0,0,0,5,0,0,0,600000,0,0,0
,900231,白眼独狼,4465,0,9000120,0,0,0,5,0,0,0,600000,0,0,3
,900232,巫袍鹿角兽,0,0,9000121,0,0,0,5,0,0,0,600000,0,0,0
,900233,巫袍鹿角兽,0,0,9000126,0,0,0,5,0,0,0,600000,0,0,0
,900234,石像鬼,4646,0,9000122,0,0,0,5,0,0,0,600000,0,0,3
,900235,荆棘花妖,0,0,9000128;9000123;9000197,0,0,0,5,0,0,0,600000,0,0,0
,900236,强盗贝拉,4830,0,9000125,0,0,0,5,0,0,0,600000,0,0,3
,900237,武装狼人,0,0,9000127;9000129;9000198,0,0,0,5,0,0,0,600000,0,0,0
,900238,暗黑战魂,5015,0,9000199;9000200,0,0,0,5,0,0,0,600000,0,0,3
亡魂首领,900240,暗骑首领,0,0,9000130,0,0,0,5,0,0,0,600000,0,0,0
巨熊首领,900241,巨熊首领,0,0,9000131,0,0,0,5,0,0,0,600000,0,0,0
沙漠巨人,900242,巨人首领,0,0,9000132,0,0,0,5,0,0,0,600000,0,0,0
泰坦之魂,900243,泰坦之魂,3600,0,9000133,0,0,0,5,0,0,0,600000,0,0,3
,900256,加雷昂,0,0,9000148;1000159,0,0,0,5,0,0,0,600000,0,0,0
,900261,巨骨熊,43000,0,9000158,0,0,0,5,0,2000151,0,600000,0,0,0
,900262,魔物,43000,0,9000159,0,0,0,5,0,2000151,0,600000,0,0,0
,900263,异化的改造体,43000,0,9000154,0,0,0,5,0,2000151,0,600000,0,0,0
,900264,黑色荆棘米莱,43000,0,9000155,0,0,0,5,0,2000151,0,600000,0,0,0
,900265,亡魂死徒,43000,0,9000156,0,0,0,5,0,2000151,0,600000,0,0,0
,900266,亡魂死士,43000,0,9000157,0,0,0,5,0,2000151,0,600000,0,0,0
,900267,虎斑蜂,30000,0,1000242,0,0,0,5,0,2000151,0,600000,0,0,0
,900269,哥布林雷夫,30000,0,9000163,0,0,0,5,0,2000151,0,600000,0,0,0
,900270,哥布林斯皮尔,30000,0,9000164,0,0,0,5,0,2000151,0,600000,0,0,0
,900271,先驱者57号,30000,0,9000165,0,0,0,5,0,2000151,0,600000,0,0,0
,900272,异常的大鱼妖,0,0,9000160,0,0,0,5,0,2000151,0,600000,0,0,0
,900273,滚石怪塔基,30000,0,9000166,0,0,0,5,0,2000151,0,600000,0,0,0
,900274,奇怪的生物,1,0,9000167,0,0,0,5,0,0,0,600000,0,0,0
,900275,怨念丧尸,1,0,9000168,1000,0,0,5,0,0,0,600000,0,0,0
,900276,欺诈师,1,0,9000174,0,0,0,5,0,0,0,600000,0,0,0
,900277,神秘怪盗,1,0,9000175,0,0,0,5,0,0,0,600000,0,0,0
,900288,萤火熊,0,0,9000192,0,0,0,5,0,2000151,0,600000,0,0,0
,900289,受惊的僵尸,0,0,9000193,0,0,0,5,0,2000151,0,600000,0,0,0
,900290,混乱魔灵,0,0,9000194,0,0,0,5,0,2000151,0,600000,0,0,0
,900291,偷猎者,0,0,9000195,0,0,0,5,0,2000151,0,600000,0,0,0
戈壁火狐,900292,戈壁火狐,0,0,9000206,0,0,0,5,0,2000151,0,600000,0,0,0
三月边陲巡查,900293,魔斧鹿角兽,0,0,9000207,0,0,0,5,0,2000151,0,600000,0,0,0
三月边陲巡查,900294,鹿角兽队长,0,0,9000208,0,0,0,5,0,2000151,0,600000,0,0,0
三月边陲巡查,900295,墓穴巨人,0,0,9000209,0,0,0,5,0,2000151,0,600000,0,0,0
,900296,宝藏守卫,0,0,9000210,0,0,0,5,0,2000151,0,600000,0,0,0
,900297,被魔化的熊人,0,0,9000211,0,0,0,5,0,2000151,0,600000,0,0,0
,900298,鹿角兽队长,0,0,9000212,0,0,0,5,0,2000151,0,600000,0,0,0
,900299,狐克斯,0,0,9000216,0,0,0,5,0,0,0,600000,0,0,0
,900301,枭鹰斥候,0,0,9000218,0,0,0,5,0,0,0,600000,0,0,0
,900302,橙翼蜂,5204,0,9000219,0,0,0,5,0,0,0,600000,0,0,3
,900303,枭鹰族猎手,0,0,9000220,0,0,0,5,0,0,0,600000,0,0,0
,900304,狐克斯,0,0,9000221,0,0,0,5,0,2000193,0,600000,0,0,0
,900305,鹿角兽,0,0,9000222,0,0,0,5,0,2000193,0,600000,0,0,0
,900307,嗜血战魂,43000,0,9000224,0,0,0,5,0,2000193,0,600000,0,0,0
,900308,巨骨熊,43000,0,9000225,0,0,0,5,0,2000193,0,600000,0,0,0
,900309,宝藏盗贼,0,0,9000226,0,0,0,5,0,2000193,0,600000,0,0,0
,900311,卫兵,800000,0,9000235,0,0,0,5,0,2000193,0,600000,0,0,0
,900312,狼人战士,800000,0,9000236,0,0,0,5,0,2000193,0,600000,0,0,0
,900316,供品窃贼,800000,0,9000231,0,0,0,5,0,2000193,0,600000,0,1,0
,900317,纳雅卫兵,0,0,9000232,0,0,0,5,0,0,0,600000,0,0,0
,900319,先驱者8号,5782,0,9000234,0,0,0,5,0,0,0,600000,0,0,3
白眼独狼,900320,白眼独狼,0,0,9000237,0,0,0,5,0,0,0,600000,0,0,0
碎魂狼王,900321,碎魂狼王乌迪尔,0,0,9000238,0,0,0,5,0,0,0,600000,0,0,0
劫匪哥布林,900322,海盗皮耶罗,0,0,9000239,0,0,0,5,0,0,0,600000,0,0,0
斗篷女盗贼,900323,斗篷女盗贼,0,0,9000240,0,0,0,5,0,0,0,600000,0,0,0
盗贼,900324,盗贼,0,0,9000241,0,0,0,5,0,0,0,600000,0,0,0
黑色荆棘,900325,黑色荆棘,0,0,9000242,0,0,0,5,0,0,0,600000,0,0,0
哈扎克,900326,哈扎克,0,0,9000243,0,0,0,5,0,0,0,600000,0,0,0
劫匪,900327,劫匪,0,0,9000244,0,0,0,5,0,0,0,600000,0,0,0
鹿角兽队长,900328,鹿角兽队长,0,0,9000245,0,0,0,5,0,0,0,600000,0,0,0
,900329,沙漠毒蝎,0,0,9000246,0,0,0,5,0,0,0,600000,0,0,0
,900330,边陲沙狐,0,0,9000247,0,0,0,5,0,0,0,600000,0,0,0
,900331,武装熊人战士,0,0,9000248,0,0,0,5,0,0,0,600000,0,0,0
,900332,边陲武士,0,0,9000249,0,0,0,5,0,0,0,600000,0,0,0
,900335,泪目狼人,0,0,9000252,0,0,0,5,0,0,0,600000,0,0,0
,900336,泪目狼人,0,0,9000253,0,0,0,5,0,0,0,600000,0,0,0
,900337,女巫仆从,0,0,9000254,0,0,0,5,0,0,0,600000,0,0,0
,900338,逃亡的部落战士,0,0,9000255,0,0,0,5,0,0,0,600000,0,0,0
,900341,丧尸法师,40000,0,9000259,0,0,0,5,0,0,0,600000,0,0,0
,900343,森林偷猎者,240000,0,9000260,0,0,0,5,0,0,0,600000,0,0,0
,900344,盗矿人,240000,0,9000261,0,0,0,5,0,0,0,600000,0,0,0
,900345,魔篷女巫,240000,0,9000262,0,0,0,5,0,0,0,600000,0,0,0
,900346,不死丧尸,0,0,9000263,0,0,0,5,0,0,0,600000,0,0,0
,900347,萤火熊,0,0,9000264,0,0,0,5,0,0,0,600000,0,0,0
,900348,萤火熊,0,0,9000265,0,0,0,5,0,0,0,600000,0,0,0
,900349,装甲角巨人,0,0,9000266,0,0,0,5,0,0,0,600000,0,0,0
,900350,蒙面狂徒,0,0,9000267,0,0,0,5,0,0,0,600000,0,0,0
,900351,迷失鹿角兽,0,0,9000268,0,0,0,5,0,0,0,600000,0,0,0
,900352,寄居熊,0,0,9000269,0,0,0,5,0,0,0,600000,0,0,0
,900353,矮巨人指挥官,0,0,9000270,0,0,0,5,0,0,0,600000,0,0,0
,900354,蓝铠骨魔,0,0,9000271,0,0,0,5,0,0,0,600000,0,0,0
,900355,蚀魔兽,0,0,9000272,0,0,0,5,0,0,0,600000,0,0,0
,900356,默希娅,0,0,9000273,0,0,0,5,0,0,0,600000,0,0,0
,900357,默希娅,6178,0,9000274,0,0,0,5,0,0,0,600000,0,0,3
,900359,禁卫军伪装者,0,0,9000279,0,0,0,5,0,0,0,600000,0,0,0
,900360,巨斧吉塔,0,0,9000280,0,0,0,5,0,0,0,600000,0,0,0
,900367,巫傀,0,0,9000285,0,0,0,5,0,2000151,0,600000,0,0,0
,900368,混乱魔灵,0,0,9000287,0,0,0,5,0,2000151,0,600000,0,0,0
,900370,毒蝎怪,0,0,9000289,0,0,0,5,0,0,0,600000,0,0,0
,900373,袭击者,0,0,9000293,0,0,0,5,0,0,0,600000,0,0,0
,900374,先驱者6号,6378,0,9000294,0,0,0,5,0,0,0,600000,0,0,3
,900375,副官列夫,0,0,9000295,0,0,0,5,0,0,0,600000,0,0,0
,900377,永夜魔灵,0,0,9000290,0,0,0,5,0,0,0,600000,0,0,0
,900378,枯叶蜂,0,0,9000297,0,0,0,5,0,0,0,600000,0,0,0
,900379,矮巨人矿工,0,0,9000298,0,0,0,5,0,0,0,600000,0,0,0
,900380,夺命蜂王,0,0,9000299,0,0,0,5,0,0,0,600000,0,0,0
,900381,迷雾魔战士,0,0,9000300,0,0,0,5,0,0,0,600000,0,0,0
,900382,边陲劫掠者,0,0,9000301,0,0,0,5,0,0,0,600000,0,0,0
,900383,枭鹰,0,0,9000302,0,0,0,5,0,0,0,600000,0,0,0
,900384,枭鹰,0,0,9000303,0,0,0,5,0,0,0,600000,0,0,0
,900395,摩尼耶,0,0,9000314,0,0,0,5,0,0,0,600000,0,0,0
,900434,机械实验体B2,0,0,9000399,0,0,0,5,0,0,0,600000,0,0,0
,900435,鬼祟潜伏者,0,0,9000400,0,0,0,5,0,0,0,600000,0,0,0
,900436,纳雅卫队长,0,0,9000401,0,0,0,5,0,0,0,600000,0,0,0
,900441,纳雅卫兵,0,0,9000412,0,0,0,5,0,0,0,600000,0,0,0
,900442,怒戮熊人,0,0,9000413;9000413,0,0,0,5,0,0,0,600000,0,0,0
,900443,偷猎者布德,0,0,9000414;9000415,0,0,0,5,0,0,0,600000,0,0,0
,900444,枭鹰,0,0,9000416,0,0,0,5,0,0,0,600000,0,0,0
,900445,碎岩巨人,0,0,9000417,0,0,0,5,0,0,0,600000,0,0,0
,900446,鱼妖奥布里,0,0,9000424;9000425,0,0,0,5,0,0,0,600000,0,0,0
,900447,异尾渔狐,0,0,9000426;9000426,0,0,0,5,0,0,0,600000,0,0,0
,900448,深海探宝者,0,0,9000427;9000427,0,0,0,5,0,0,0,600000,0,0,0
,900449,深海巨魔雷迪,0,0,9000428,0,0,0,5,0,0,0,600000,0,0,0
,900450,暴虐者,0,0,9000418;9000419,0,0,0,5,0,0,0,600000,0,0,0
,900451,暗影骑士,0,0,9000420;9000421,0,0,0,5,0,0,0,600000,0,0,0
,900452,蛮荒熊人,0,0,9000422,0,0,0,5,0,0,0,600000,0,0,0
,900453,机械怪杰,0,0,9000423,0,0,0,5,0,0,0,600000,0,0,0
,900454,浮士德72,0,0,9000432,0,0,0,5,0,0,0,600000,0,0,0
,900455,机械石像鬼,6785,0,9000433,0,0,0,5,0,0,0,600000,0,0,3
,900456,袭击者,0,0,9000434,0,0,0,5,0,0,0,600000,0,0,0
,900457,摩尼耶,0,0,9000435,0,0,0,5,0,0,0,600000,0,0,0
,900458,枭鹰族使者,1,0,9000436;9000437,0,0,0,5,0,2000151,0,600000,0,1,0
,900459,枯叶蜂蜂王,1,0,9000437;9000436,0,0,0,5,0,2000151,0,600000,0,1,0
,900460,巨石守卫,1,0,9000438,0,0,0,5,0,2000151,0,600000,0,1,0
,900461,宝箱暗灵,1,0,9000439,0,0,0,5,0,2000151,0,600000,0,1,0
,900462,飞翼石像,1,0,9000440,0,0,0,5,0,2000151,0,600000,0,1,0
,900463,愤怒,6991,0,9000443,0,0,0,5,0,0,0,600000,0,1,3
,900464,克林博士,0,0,9000444,0,0,0,5,0,2000151,0,600000,0,0,0
,900465,纳雅勤卫兵,0,0,9000445;9000445;9000445,0,0,0,5,0,2000151,0,600000,0,0,0
,900466,纳雅勤卫队长,0,0,9000446,0,0,0,5,0,2000151,0,600000,0,0,0
,900467,掠夺者,0,0,9000447,0,0,0,5,0,2000151,0,600000,0,0,0
,900468,神秘掠夺者,0,0,9000448,0,0,0,5,0,2000151,0,600000,0,0,0
,900469,沙海苍鹰伊妮,4000,0,9000451,0,0,0,5,0,0,0,600000,0,0,2
,900470,暗夜魔导师特里,4500,0,9000452;9000453,0,0,0,5,0,2000389,0,600000,0,0,2
,900471,审判侍从伊戈尔,5000,0,9000454,0,0,0,5,0,2000390,0,600000,0,0,2
,900472,锋锐刺刃丹尼尔,5500,0,9000455;9000456;9000457,0,0,0,5,0,2000391,0,600000,0,0,2
,900473,迷梦蛛王黛娜,6000,0,9000458,0,0,0,5,0,2000392,0,600000,0,0,2
,900474,梦魇女巫薇拉,6500,0,9000459;9000460,0,0,0,5,0,2000393,0,600000,0,0,2
,900475,利斧战魔阿卡萨,7000,0,9000461,0,0,0,5,0,2000394,0,600000,0,0,2
,900476,妖媚舞姬凯琳,7500,0,9000462;9000463;9000464,0,0,0,5,0,2000395,0,600000,0,0,2
,900477,枯骨毒蜂克莱尔,8000,0,9000465;9000466,0,0,0,5,0,2000396,0,600000,0,0,2
,900478,骑士副官索隆,8500,0,9000467;9000468;9000469,0,0,0,5,0,2000397,0,600000,0,0,2
,900479,石翼暴君沃冈,9000,0,9000470;9000471;9000472,0,0,0,5,0,2000398,0,600000,0,0,2
,900480,邪灵法师艾德,9500,0,9000473;9000474,0,0,0,5,0,2000399,0,600000,0,0,2
,900481,丧魂暴君亚尔林,10000,0,9000475;9000476;9000477,0,0,0,5,0,2000400,0,600000,0,0,2
,900482,秘巫使徒洛兰,10500,0,9000478;9000479;9000480,0,0,0,5,0,2000401,0,600000,0,0,2
,900483,恶魔之子巴特莱,11000,0,9000481;9000482,0,0,0,5,0,2000402,0,600000,0,0,2
,900484,熊人首领詹森,11500,0,9000483;9000484;9000485,0,0,0,5,0,2000403,0,600000,0,0,2
,900485,战魂统领马修,12000,0,9000486;9000487,0,0,0,5,0,2000404,0,600000,0,0,2
,900486,赤角狂兽卡拉,12500,0,9000488;9000489;9000490,0,0,0,5,0,2000405,0,600000,0,0,2
,900487,爆炎男爵罗德森,13000,0,9000491,0,0,0,5,0,2000406,0,600000,0,0,2
,900488,砾风游贼班森,13500,0,9000492;9000493;9000494,0,0,0,5,0,2000407,0,600000,0,0,2
,900489,暮夜蜂王伊娃,14000,0,9000495;9000496,0,0,0,5,0,2000408,0,600000,0,0,2
,900490,叛变军团长亨利,14500,0,9000497;9000498,0,0,0,5,0,2000409,0,600000,0,0,2
,900491,尖啸游隼赫达,15000,0,9000499,0,0,0,5,0,2000410,0,600000,0,0,2
,900492,狂乱研究者托斯,15500,0,9000500;9000501,0,0,0,5,0,2000411,0,600000,0,0,2
,900493,暗幕蝎王巴扎,16000,0,9000502,0,0,0,5,0,2000412,0,600000,0,0,2
,900494,狰狞鬼面德尔格,16500,0,9000503;9000504;9000505,0,0,0,5,0,2000413,0,600000,0,0,2
,900495,劫掠军骑长约克,17000,0,9000506;9000507,0,0,0,5,0,2000414,0,600000,0,0,2
,900496,魅魔使徒莉塔,17500,0,9000508,0,0,0,5,0,2000415,0,600000,0,0,2
,900497,铁骑领主劳伦,18000,0,9000509;9000510,0,0,0,5,0,2000416,0,600000,0,0,2
,900498,风啸游隼丽丝,18500,0,9000511;9000512,0,0,0,5,0,2000417,0,600000,0,0,2
,900499,武装劫掠者兰迪,19000,0,9000513;9000514;9000514,0,0,0,5,0,2000418,0,600000,0,0,2
,900500,宿命穿刺者艾斯,19500,0,9000515;9000516,0,0,0,5,0,2000419,0,600000,0,0,2
,900501,荒漠战神肖恩,20000,0,9000517,0,0,0,5,0,2000420,0,600000,0,0,2
,900502,邪恶研究者伊文,20500,0,9000518;9000519;9000520,0,0,0,5,0,2000421,0,600000,0,0,2
,900503,腐蚀毒蜂德琳,21000,0,9000521;9000522,0,0,0,5,0,2000422,0,600000,0,0,2
,900504,暗鸦领主艾因,21500,0,9000523,0,0,0,5,0,2000423,0,600000,0,0,2
,900505,瘟疫传播者柏格,22000,0,9000573;9000524,0,0,0,5,0,2000424,0,600000,0,0,2
,900506,月夜诡蝠桑德拉,22500,0,9000525,0,0,0,5,0,2000425,0,600000,0,0,2
,900507,森林领主托尔斯,23000,0,9000526;9000527,0,0,0,5,0,2000426,0,600000,0,0,2
,900508,雾隐猎手莉莉安,23500,0,9000528;9000529;9000530,0,0,0,5,0,2000427,0,600000,0,0,2
,900509,鬼魅魔蛛贝斯,24000,0,9000531,0,0,0,5,0,2000428,0,600000,0,0,2
,900510,巨熊领主提坦,24500,0,9000532;9000533,0,0,0,5,0,2000429,0,600000,0,0,2
,900511,夜雾巨人巴伦,25000,0,9000534;9000535,0,0,0,5,0,2000430,0,600000,0,0,2
,900512,幻雾狂魔伯尼,25500,0,9000536,0,0,0,5,0,2000431,0,600000,0,0,2
,900513,灾祸舞动者雅丽,26000,0,9000537;9000538;9000539,0,0,0,5,0,2000432,0,600000,0,0,2
,900514,岩窟食人魔布尔,26500,0,9000540,0,0,0,5,0,2000433,0,600000,0,0,2
,900515,飞翼魔鹰黛西,27000,0,9000541,0,0,0,5,0,2000434,0,600000,0,0,2
,900516,狂热复仇者克罗,27500,0,9000542;9000543,0,0,0,5,0,2000435,0,600000,0,0,2
,900517,叶刃毒蜂佩丝,28000,0,9000544;9000545,0,0,0,5,0,2000436,0,600000,0,0,2
,900518,白银惩戒者奥布,28500,0,9000546;9000547;9000548,0,0,0,5,0,2000437,0,600000,0,0,2
,900519,月冥女巫菲丽丝,29000,0,9000549;9000550,0,0,0,5,0,2000438,0,600000,0,0,2
,900520,恐惧战魂阿尔奇,29500,0,9000551;9000552,0,0,0,5,0,2000439,0,600000,0,0,2
,900521,泥沼蝎王班奈特,30000,0,9000553;9000554;9000555,0,0,0,5,0,2000440,0,600000,0,0,2
,900522,熔火战骑凯文,30500,0,9000556,0,0,0,5,0,2000441,0,600000,0,0,2
,900523,地穴石魔波特,31000,0,9000557;9000558;9000559,0,0,0,5,0,2000442,0,600000,0,0,2
,900524,不死追寻者班森,31500,0,9000560;9000561,0,0,0,5,0,2000443,0,600000,0,0,2
,900525,毁灭践踏者巴顿,32000,0,9000562;9000563;9000564,0,0,0,5,0,2000444,0,600000,0,0,2
,900526,苦痛荆棘塞拉,32500,0,9000565;9000566;9000567,0,0,0,5,0,2000445,0,600000,0,0,2
,900527,天灾使魔洛特,33000,0,9000568;9000569,0,0,0,5,0,2000446,0,600000,0,0,2
,900528,狂暴战熊安迪,33500,0,9000570;9000571;9000572,0,0,0,5,0,2000447,0,600000,0,0,2
,900530,锐斧战魔安德鲁,34000,0,9000574;9000575,0,0,0,5,0,2000450,0,600000,0,0,2
,900531,实验合成兽巴德,34500,0,9000576;9000577;9000578,0,0,0,5,0,2000451,0,600000,0,0,2
,900532,林地红魔阿诺德,35000,0,9000579,0,0,0,5,0,2000452,0,600000,0,0,2
,900533,欲望男爵舒克,35500,0,9000580;9000581;9000582,0,0,0,5,0,2000453,0,600000,0,0,2
,900534,荆刺蜂后塞拉,36000,0,9000583;9000584,0,0,0,5,0,2000454,0,600000,0,0,2
,900535,海上掠夺者格纳,36500,0,9000585;9000586,0,0,0,5,0,2000455,0,600000,0,0,2
,900536,钢羽枭鹰伊伦,37000,0,9000587,0,0,0,5,0,2000456,0,600000,0,0,2
,900537,邪能研究者格纳,37500,0,9000588;9000589,0,0,0,5,0,2000457,0,600000,0,0,2
,900538,暮夜魔蝎洛兹,38000,0,9000590,0,0,0,5,0,2000458,0,600000,0,0,2
,900539,翼魔统领塞曼,38500,0,9000591;9000592;9000593,0,0,0,5,0,2000459,0,600000,0,0,2
,900540,密林怪盗贝克勒,39000,0,9000594;9000595,0,0,0,5,0,2000460,0,600000,0,0,2
,900541,亡魂低语者埃莉,39500,0,9000596,0,0,0,5,0,2000461,0,600000,0,0,2
,900542,暗金领主维恩,40000,0,9000597;9000598,0,0,0,5,0,2000462,0,600000,0,0,2
,900543,枭鹰霸主希尔达,40500,0,9000599;9000600,0,0,0,5,0,2000463,0,600000,0,0,2
,900544,强袭战狼斯塔克,41000,0,9000601;9000602;9000603,0,0,0,5,0,2000464,0,600000,0,0,2
,900545,荒地魔蝎尼斯,41500,0,9000604;9000605,0,0,0,5,0,2000465,0,600000,0,0,2
,900546,烈炎斧兽凯恩特,42000,0,9000606,0,0,0,5,0,2000466,0,600000,0,0,2
,900547,猩红先驱者欧文,42500,0,9000607;9000608;9000609,0,0,0,5,0,2000467,0,600000,0,0,2
,900548,枯木蜂王艾蕾,43000,0,9000610;9000611,0,0,0,5,0,2000468,0,600000,0,0,2
,900549,暗夜邪魔奥托,43500,0,9000612,0,0,0,5,0,2000469,0,600000,0,0,2
,900550,暗影操控者格斯,44000,0,9000613;9000614,0,0,0,5,0,2000470,0,600000,0,0,2
,900551,深渊领主桑德拉,44500,0,9000615,0,0,0,5,0,2000471,0,600000,0,0,2
,900552,暗黑骑士长韦伯,45000,0,9000616;9000617,0,0,0,5,0,2000472,0,600000,0,0,2
,900553,猩红鞭刺者多琳,45500,0,9000618;9000619;9000620,0,0,0,5,0,2000473,0,600000,0,0,2
,900554,荒棘魔蛛克洛伊,46000,0,9000621,0,0,0,5,0,2000474,0,600000,0,0,2
,900555,荒野领主里奥,46500,0,9000622;9000623,0,0,0,5,0,2000475,0,600000,0,0,2
,900556,碎岩战锤查理,47000,0,9000624;9000625,0,0,0,5,0,2000476,0,600000,0,0,2
,900557,邪鳍海魔奥利弗,47500,0,9000626,0,0,0,5,0,2000477,0,600000,0,0,2
,900558,黯淡蔷薇坎蒂丝,48000,0,9000627;9000628;9000629,0,0,0,5,0,2000478,0,600000,0,0,2
,900559,狂械暴徒奥德里,48500,0,9000630,0,0,0,5,0,2000479,0,600000,0,0,2
,900562,黑龙盾甲,0,0,9000631;9000631,0,0,0,5,0,0,0,600000,0,0,0
,900563,堕落恶骑,0,0,9000632;9000632,0,0,0,5,0,0,0,600000,0,0,0
,900564,机甲博士汉森,0,0,9000633,0,0,0,5,0,0,0,600000,0,0,0
,900565,机械怪咖,0,0,9000634,0,0,0,5,0,0,0,600000,0,0,0
,900566,枭翼女妖柏莎,49000,0,9000635,0,0,0,5,0,2000480,0,600000,0,0,2
,900567,漆黑侍魔者巴罗,49500,0,9000636;9000637,0,0,0,5,0,2000481,0,600000,0,0,2
,900568,致命刀锋阿曼达,50000,0,9000638;9000639,0,0,0,5,0,2000482,0,600000,0,0,2
,900569,狂战指挥官托特,50500,0,9000640;9000641;9000642,0,0,0,5,0,2000483,0,600000,0,0,2
,900570,暮色桔梗阿芙拉,51000,0,9000643;9000644,0,0,0,5,0,2000484,0,600000,0,0,2
,900571,重装魔铠艾伯特,51500,0,9000645;9000646,0,0,0,5,0,2000485,0,600000,0,0,2
,900572,荒漠领主纳伏,52000,0,9000647;9000648;9000649,0,0,0,5,0,2000486,0,600000,0,0,2
,900573,深渊铁蹄卡萨帕,52500,0,9000650,0,0,0,5,0,2000487,0,600000,0,0,2
,900574,机械魔人杰森,53000,0,9000651;9000652;9000653,0,0,0,5,0,2000488,0,600000,0,0,2
,900590,古沃,1,0,9000659,0,0,0,5,0,0,0,600000,0,0,0
,900591,哈魔领主,0,0,9000660,0,0,0,5,0,0,0,600000,0,0,0
,900592,纳塔娜,1,0,9000661,0,0,0,5,0,0,0,600000,0,0,0
,900593,药剂师莉莉娜,1,0,9000662,0,0,0,5,0,0,0,600000,0,0,0
,900595,守护兽,1,0,9000664,0,0,0,5,0,0,0,600000,0,0,0
,900596,无业游民艾狄,0,0,9000670,0,0,0,5,0,0,0,600000,0,1,0
,900600,魔脊半鱼人,1,0,9000674,0,0,0,5,0,6000094,0,600000,0,1,0
,900601,袭击者,0,0,9000675,0,0,0,5,0,0,0,600000,0,0,0
,900603,梵妮,1,0,9000677,0,0,0,5,0,0,0,600000,0,1,0
,900604,禁卫军加文,1,0,9000678,0,0,0,5,0,0,0,600000,0,1,0
,900606,假扮探员的间谍,0,0,9000680,0,0,0,5,0,0,0,600000,0,0,0
,900614,强壮的猎人,0,0,9000697;9000698,0,0,0,5,0,0,0,600000,0,0,0