###################################################
#20190605[终焉誓约][任务脚本]风车镇公测主线调整(李宏伟)
#by:李宏伟
#date:2019-06-05
#erp:http://forum.nderp.99.com/Forum/TopicList-335937.aspx
###################################################
#注释部分
DELETE FROM `award_acquire`  WHERE `award_id` = 2000449;
DELETE FROM `gen_event`  WHERE `id` = 1000195;
DELETE FROM `npc_group`  WHERE `id` in (10028,40265);

#打开注释部分

###################################################

INSERT INTO `award_acquire` (`award_id`, `award_group`, `award_type`, `award_type_id`, `item_num`, `max_get_rate`, `min_get_rate`) VALUES 
(2000449, 1, 1, 3, 1000, 10000, 0);

UPDATE `gen_event` SET `name`='宝箱', `event_id`=40265, `position`='-68.09,0.09,-82.23' WHERE `id`=2001429;
UPDATE `gen_event` SET `position`='-92.77,0.07,-84.79' WHERE `id`=2001428;
UPDATE `gen_event` SET `position`='-46.02,0.05,-57.19', `rotation_y`= 20 WHERE `id`=2001422;
UPDATE `gen_event` SET `position`='-46.02,0.05,-57.19', `rotation_y`= 20 WHERE `id`=2001430;
UPDATE `gen_event` SET `name`='风车', `event_id`=10028, `position`='-66.67,9.76,-98.83' WHERE `id`=2001431;

INSERT INTO `gen_event` (`id`, `name`, `mapid`, `event_type`, `event_id`, `path_id`, `flag`, `intask`, `story_id`, `life_time`, `level_id`, `battle_scene`, `position`, `rotation_y`, `scale`) VALUES 
(1000195, '护送卡城陷阱', 1000, 1, 30106, 0, 1, 0, 0, 0, 0, 0, '-25.16,22.79,68.62', 0, 1);

UPDATE `npc_group` SET `name`='护送卡城陷阱' WHERE `id`=30106;

INSERT INTO `npc_group` (`id`, `name`, `req_level`) VALUES 
(10028, '风车', 1),
(40265, '宝箱', 1);

###################################################
#20190610[终焉誓约][任务脚本]佣兵悬赏任务第二期制作Bug(倪祖伟)
#by:倪祖伟
#date:2019-06-10
#ERP链接：http://forum.nderp.99.com/Forum/TopicList-333939.aspx
###################################################
#注释部分
#打开注释部分
###################################################
UPDATE `monster` SET `special_effects`='1605;1636' WHERE `id`=9000573;
###################################################
#20190531[终焉誓约][数据配置]佣兵考核系统—佣兵考核系统总案_V1.00(张圆)
#by:张圆
#date:2019-05-31
###################################################
#注释部分
DELETE FROM guide_task where id >= 1 and id <= 24;
DELETE FROM guide_star where id >= 1 and id <= 2;
#打开注释部分

###################################################
INSERT INTO `guide_task` (`id`, `star`, `type`, `order`, `monitor_id`, `statistics_type`, `statistics_num`, `league_exp`) VALUES 
(1, 1, 1, 1, 1097, 1, 1000, 10),
(2, 1, 1, 2, 1098, 1, 10000, 20),
(3, 1, 2, 1, 1131, 2, 100, 10),
(4, 1, 2, 2, 1132, 2, 200, 20),
(5, 1, 3, 1, 1153, 3, 100, 10),
(6, 1, 3, 2, 1154, 3, 200, 20),
(7, 1, 4, 1, 1215, 4, 100, 10),
(8, 1, 4, 2, 1216, 4, 200, 20),
(9, 1, 5, 1, 1187, 5, 100, 10),
(10, 1, 5, 2, 1188, 5, 200, 20),
(11, 1, 6, 1, 1884, 6, 100, 10),
(12, 1, 6, 2, 1615, 6, 200, 20),
(13, 2, 1, 1, 1099, 1, 20000, 30),
(14, 2, 1, 2, 1100, 1, 30000, 40),
(15, 2, 2, 1, 1133, 2, 300, 30),
(16, 2, 2, 2, 1134, 2, 400, 40),
(17, 2, 3, 1, 1155, 3, 300, 30),
(18, 2, 3, 2, 1156, 3, 400, 40),
(19, 2, 4, 1, 1217, 4, 300, 30),
(20, 2, 4, 2, 1218, 4, 400, 40),
(21, 2, 5, 1, 1189, 5, 300, 30),
(22, 2, 5, 2, 1190, 5, 400, 40),
(23, 2, 6, 1, 1890, 6, 300, 30),
(24, 2, 6, 2, 1621, 6, 400, 40);

INSERT INTO `guide_star` (`id`, `star`, `league_level`, `monitor1_id`, `monitor2_id`, `monitor3_id`, `monitor4_id`) VALUES 
(1, 1, 20, 1106, 1140, 1162, 1223),
(2, 2, 40, 1108, 1142, 1164, 1225);

###################################################
#20190610[终焉誓约][测试脚本]事件监听系统—技能相关事件监听_V1.08(张圆)
#by:张圆
#date:2019-06-10
###################################################
#注释部分

#打开注释部分
#删除冗余数据
DELETE FROM monitor where id in (1057,1058,1059,1060,1061,1064,1065,1066,1068,1069,1070,1071,1073,1074,1075,1076);
###################################################
update monitor set data2 = 1 where (`type`=4 ) and (data2 = 0 );
update monitor set data3 = 1 where (`type`=4 ) and (data3 = 0 );


#将当前配置监听的num_type 配置为默认1
update monitor set num_type = 1 where `type` = 4;

INSERT INTO `monitor` (`id`, `monitor_type`, `type`, `type_id`, `num_type`, `data1`, `data2`, `data3`, `data4`, `mask1`, `mask2`) VALUES 
#西蒙3个技能达到2级
(1057, 1, 4, 1, 2, 2, 3, 101, 0, 0, 0),
#奥兹家族里的2个英雄的3个技能达到2级
(1058, 1, 4, 1, 3, 2, 3, 1, 2, 0, 0),
#西蒙装备3个橙色符文
(1059, 2, 4, 2, 2, 4, 3, 101, 0, 7, 18),
#奥兹家族里的2个英雄装备3个橙色符文
(1060, 2, 4, 2, 3, 4, 3, 1, 2, 7, 19);

###################################################
#20190527[终焉誓约][测试脚本]技能系统--精灵公主奥义技能QTE_V1.00-SQL数据(张圆)
#by:张圆
#date:2019-05-27
###################################################
#注释部分

#打开注释部分

###################################################
update special_effect set trigger_type = 22,trigger_arg1 = 3000,respond_type = 99,respond_arg1= 10538,respond_arg2 = 0,respond_arg3 = 0 where id = 10508;
update skill_type set qte = 1 where skillmain_id = 10507;
update skill_type set qte = 1 where skillmain_id = 20106;

###################################################
#20190522[终焉誓约][功能脚本]【终焉誓约】TQD97078_1【终焉誓约】限时活动 -14日循环活动循环机制_V1.00-SQL数据  (林多娜)
#by:林多娜
#date:2019-05-22
###################################################
#注释部分
delete from config where id in (149,150);
#打开注释部分

###################################################

insert into config(`id`,`type`,`type_id`,`data1`,`data2`,`data3`,`data4`,`data5`,`data6`,`data7`,`param1`,`desc`) values
('149','26','1','0','0','0','0','0','0','0','','每日目标刷新时间'),
('150','26','2','0','0','0','0','0','0','0','10019;10020','14日活动分类');


###################################################
#20190603[终焉誓约][任务脚本]卡城主线公测调整(孟志远)
#by:孟志远
#date:2019-06-03
###################################################
#注释部分
delete from npc_group where id in (20878,20879);
delete from gen_event where id in (1000193,1000194);

#打开注释部分

###################################################
update gen_event set position = "-93.71,25.27,73.97", rotation_y = "315" where id = 1000044;
update gen_event set position = "-96.43,25.27,73.11", rotation_y = "0" where id = 1000045;
update gen_event set position = "-64.32,25.43,64.09", rotation_y = "300" where id = 1000114;
update gen_event set position = "-122.64,32.38,74.62", rotation_y = "350" where id = 1000047;
update gen_event set flag = 0, position = "-64.13,20.56,28.64", rotation_y = "0" where id = 1000175;
update gen_event set flag = 0, position = "-64.18,20.56,32.63", rotation_y = "120" where id = 1000176;
update gen_event set flag = 0, position = "-79.40,23.29,55.41", rotation_y = "135" where id = 1000177;
update gen_event set flag = 0, position = "-72.30,25.43,64.78", rotation_y = "174.96" where id = 1000178;

insert into npc_group(`id`,`name`,`req_level`) values
('20878','哥布林怀特','1'),
('20879','贝蒂','1');

insert into gen_event(`id`,`name`,`mapid`,`event_type`,`event_id`,`path_id`,`flag`,`intask`,`story_id`,`life_time`,`level_id`,`battle_scene`,`position`,`rotation_y`,`scale`) values
('1000193','哥布林怀特','1000','1','20878','0','0','0','0','0','0','0','-55.50,23.29,57.09','45','1'),
('1000194','贝蒂','1000','1','20879','0','0','0','0','0','0','0','-53.52,23.29,60.03','150','1');



###################################################
#20190521[终焉誓约][数据配置]限时活动—圣界来袭活动界面_V1.00-SQL数据(孟志远)
#by:孟志远
#date:2019-05-21
#论坛链接：http://forum.nderp.99.com/Forum/TopicList-333632.aspx
###################################################
#注释部分
delete from `dailyact` where `id`=10025;
#打开注释部分

###################################################
insert into `dailyact` (`id`, `against_id`, `type`, `starttime`, `endtime`, `data1`, `data2`, `data3`, `day`) values 
(10025, 0, 9, 40600, 2200, 5, 2, 0, 0);


###################################################
#20190528[终焉誓约][数据配置]TQD97828【终焉誓约】系统功能—各玩法次数的刷新时间统一配置_V1.00-SQL数据(林多娜)
#by:林多娜
#date:2019-05-28
#ERP:http://forum.nderp.99.com/Forum/TopicList-334066.aspx
###################################################
#注释部分

#打开注释部分
delete from  times_limit where id = 49;
###################################################
insert into times_limit (`id`,`type`,`refresh_time`,`type_desc`) values 
('49','49','0','英雄商店刷新次数每天0点刷新');

update times_limit set refresh_time = 0,type_desc = "单人本挑战次数每天0点刷新" where id = 1;
update times_limit set refresh_time = 0,type_desc = "委托任务刷新次数每天0点刷新" where id = 2;
update times_limit set refresh_time = 0,type_desc = "委托任务完成次数每天0点刷新" where id = 3;
update times_limit set refresh_time = 0,type_desc = "日常任务完成次数每天0点刷新" where id = 4;
update times_limit set refresh_time = 0,type_desc = "多人副本挑战次数每天0点刷新" where id = 5;
update times_limit set refresh_time = 0,type_desc = "跑腿任务完成次数每天0点刷新" where id = 6;
update times_limit set refresh_time = 0,type_desc = "巡查任务完成次数每天0点刷新" where id = 7;
update times_limit set refresh_time = 0,type_desc = "军团捐献次数每天0点刷新" where id = 8;
update times_limit set refresh_time = 0,type_desc = "竞技场挑战次数每天0点刷新" where id = 9;
update times_limit set refresh_time = 0,type_desc = "骑士考核挑战次数每天0点刷新" where id = 10;
update times_limit set refresh_time = 0,type_desc = "骑士考核的刷新次数每天0点刷新" where id = 11;
update times_limit set refresh_time = 0,type_desc = "军团悬赏次数每天0点刷新" where id = 12;
update times_limit set refresh_time = 0,type_desc = "多人副本奖励次数每天0点刷新" where id = 13;
update times_limit set refresh_time = 0,type_desc = "军团红包每日开启次数每天0点刷新" where id = 14;
update times_limit set refresh_time = 0,type_desc = "分享BOSS可讨伐次数每天0点刷新" where id = 15;
update times_limit set refresh_time = 5,type_desc = "每日金钱副本挑战次数每天5点刷新" where id = 18;
update times_limit set refresh_time = 5,type_desc = "每日材料副本挑战次数每天5点刷新" where id = 19;
update times_limit set refresh_time = 5,type_desc = "每日经验副本挑战次数每天5点刷新" where id = 20;
update times_limit set refresh_time = 5,type_desc = "温丽梦境挑战次数每天5点刷新" where id = 21;
update times_limit set refresh_time = 0,type_desc = "剧情副本（哀嚎神殿）次数每天0点刷新" where id= 22;
update times_limit set refresh_time = 0,type_desc = "剧情副本（不冬岛铁矿）次数每天0点刷新" where id= 23;
update times_limit set refresh_time = 0,type_desc = "剧情副本（玫瑰团驻地）次数每天0点刷新" where id= 24;
update times_limit set refresh_time = 0,type_desc = "剧情副本（凋零之地）次数每天0点刷新" where id= 25;
update times_limit set refresh_time = 0,type_desc = "剧情副本（哥布林巢穴）次数每天0点刷新" where id= 26;
update times_limit set refresh_time = 0,type_desc = "剧情副本（风沙堡）次数每天0点刷新" where id= 27;
update times_limit set refresh_time = 0,type_desc = "剧情副本（荒原古堡）次数每天0点刷新" where id= 28;
update times_limit set refresh_time = 0,type_desc = "剧情副本（饿狼巢穴）次数每天0点刷新" where id= 29;
update times_limit set refresh_time = 0,type_desc = "剧情副本（雷克兽巢穴）次数每天0点刷新" where id= 30;
update times_limit set refresh_time = 0,type_desc = "剧情副本（雷克兽巢穴）次数每天0点刷新" where id= 31;
update times_limit set refresh_time = 0,type_desc = "剧情副本（雷克兽巢穴）次数每天0点刷新" where id= 32;
update times_limit set refresh_time = 0,type_desc = "剧情副本（露西蒂尼之墓）次数每天0点刷新" where id= 33;
update times_limit set refresh_time = 0,type_desc = "剧情副本（魔族之心）次数每天0点刷新" where id= 34;
update times_limit set refresh_time = 0,type_desc = "剧情副本（沙海虫巢）次数每天0点刷新" where id= 35;
update times_limit set refresh_time = 0,type_desc = "剧情副本（树心街）次数每天0点刷新" where id= 36;
update times_limit set refresh_time = 0,type_desc = "剧情副本（枭鹰巢穴）次数每天0点刷新" where id= 37;
update times_limit set refresh_time = 0,type_desc = "剧情副本（银母矿洞）次数每天0点刷新" where id= 38;
update times_limit set refresh_time = 0,type_desc = "剧情副本（诡异的左相府）次数每天0点刷新" where id= 39;
update times_limit set refresh_time = 0,type_desc = "剧情副本（神迹实验室）次数每天0点刷新" where id = 41;
update times_limit set refresh_time = 0,type_desc = "剧情副本（黄金立方）次数每天0点刷新" where id = 44;
update times_limit set refresh_time = 0,type_desc = "剧情副本（黑龙战舰）次数每天0点刷新" where id = 45;
update times_limit set refresh_time = 0,type_desc = "剧情副本（解谜博士的家）次数每天0点刷新" where id = 46;
update times_limit set refresh_time = 0,type_desc = "剧情副本（深海实验室）次数每天0点刷新" where id = 47;
update times_limit set refresh_time = 0,type_desc = "剧情副本（失事飞船）次数每天0点刷新" where id = 48;
update times_limit set refresh_time = 0,type_desc = "剧情副本（3D版本解谜）次数每天0点刷新" where id = 40;
update times_limit set refresh_time = 0,type_desc = "剧情副本（命案现场）次数每天0点刷新" where id = 42;



###################################################
#20190611[终焉誓约][数据配置]事件监听系统总案_sql数据(李宏伟)
#by:李宏伟
#date:2019-06-11
#erp:http://forum.nderp.99.com/Forum/TopicList-333907.aspx
###################################################
#注释部分

#打开注释部分

###################################################


UPDATE `monitor` SET `num_type` = 1 WHERE `id` >= 1000 and `id` <= 1055;
#重复数据已更新（ 1057 - 1060 ）
UPDATE `monitor` SET `num_type` = 1 WHERE `id` >= 1061 and `id` <= 1076;
UPDATE `monitor` SET `num_type` = 1 WHERE `id` >= 1089 and `id` <= 1373;
UPDATE `monitor` SET `num_type` = 1 WHERE `id` >= 1382 and `id` <= 1415;
UPDATE `monitor` SET `num_type` = 1 WHERE `id` >= 1418 and `id` <= 2181;

###################################################
#20190610[终焉誓约][任务脚本]罗兰镇公测主线调整(苏亚玲)
#by:苏亚玲
#date:2019-06-10
#ERP链接：http://forum.nderp.99.com/Forum/TopicList-335936.aspx
###################################################
#注释部分
delete from gen_event where id = 20010248;
delete from npc_group where id = 30647;
#打开注释部分

###################################################

insert into gen_event(`id`,`name`,`mapid`,`event_type`,`event_id`,`path_id`,`flag`,`intask`,`story_id`,`life_time`,`level_id`,`battle_scene`,`position`,`rotation_y`,`scale`) values
('20010248','罗兰镇陷阱16','2001','1','30647','0','1','0','0','0','0','0','-89.45,0.91,36.46','0','1');


insert into npc_group(`id`,`name`,`req_level`) values
('30647','罗兰镇陷阱16','1');

UPDATE `gen_event` SET `position`='-69.05,0.06,-0.48' WHERE `id`=20010202;
UPDATE `gen_event` SET `position`='-69.05,0.06,-0.48' WHERE `id`=2001390;
UPDATE `gen_event` SET `position`='-69.53,0.06,-7.10' WHERE `id`=3021004;
UPDATE `gen_event` SET `position`='-69.53,0.06,-7.10' WHERE `id`=2001397;
UPDATE `gen_event` SET `position`='-69.53,0.06,-7.10' WHERE `id`=3029008;

###################################################
#20190527[终焉誓约][功能脚本]限时活动—圣界来袭（讨伐领主换皮）总案_V1.00-SQL数据(孟志远)
#by:孟志远
#date:2019-05-27
#ERP链接：http://forum.nderp.99.com/Forum/TopicList-333629.aspx
###################################################
#注释部分
delete from config where id = 151;
delete from syn_reward where id >= 10000 and id <= 10007;
delete from attribute where id >= 1000909 and id <= 1000912;
delete from monster where id >= 1000909 and id <= 1000912;
delete from monster_group where id >= 800193 and id <= 800196;
delete from itemtype where id = 210024;
delete from `share_boss` where `monster_group_id` >= 800193 and `monster_group_id` <= 800196;
delete from `award_acquire` where `award_id` >= 7000884 and `award_id` <= 7000889;
#打开注释部分

###################################################
update config set data3 = 210024 where id = 82;

insert into config(`id`,`type`,`type_id`,`data1`,`data2`,`data3`,`data4`,`data5`,`data6`,`data7`,`param1`,`desc`) values
('151','15','6','10025','10','0','0','0','0','0','','圣界来袭个人榜需要排名的人数');

insert into syn_reward(`id`,`type`,`data1`,`data2`,`data3`,`reward1_id`,`reward1_num`,`reward2_id`,`reward2_num`,`reward3_id`,`reward3_num`,`reward4_id`,`reward4_num`) values
('10000','5','0','0','1','1','10000','3','1000000','0','0','0','0'),
('10001','5','0','1','2','1','5000','3','500000','0','0','0','0'),
('10002','5','0','2','3','1','1000','3','100000','0','0','0','0'),
('10003','5','0','3','10','1','200','3','20000','0','0','0','0'),
('10004','6','0','0','1','1','10000','3','1000000','0','0','0','0'),
('10005','6','0','1','2','1','5000','3','500000','0','0','0','0'),
('10006','6','0','2','3','1','1000','3','100000','0','0','0','0'),
('10007','6','0','3','10','1','200','3','20000','0','0','0','0');

insert into attribute(`id`,`life`,`phy_atk`,`mgc_atk`,`phy_def`,`mgc_def`,`life_add`,`phy_atk_add`,`mgc_atk_add`,`phy_def_add`,`mgc_def_add`,`hit_rate`,`dodge_rate`,`critical_rate`,`critical_dmg`,`critical_def`,`parry_rate`,`parry_def`,`hitbreak_rate`,`hitback_xp`,`dmg_add`,`dmg_cut`,`ice_atk`,`fire_atk`,`dark_atk`,`light_atk`,`ice_def`,`fire_def`,`light_def`,`dark_def`) values
('1000909','42720','10000000','10000000','0','0','0','0','0','0','0','30000','0','1000','3000','1000','2000','3000','20000','0','0','0','0','0','0','0','0','0','0','0'),
('1000910','27710','10000000','10000000','0','0','0','0','0','0','0','30000','0','1000','3000','1000','2000','3000','20000','0','0','0','0','0','0','0','0','0','0','0'),
('1000911','36030','10000000','10000000','0','0','0','0','0','0','0','30000','0','1000','3000','1000','2000','3000','20000','0','0','0','0','0','0','0','0','0','0','0'),
('1000912','47120','10000000','10000000','0','0','0','0','0','0','0','30000','0','1000','3000','1000','2000','3000','20000','0','0','0','0','0','0','0','0','0','0','0');

insert into monster(`id`,`name`,`attr_type`,`type`,`sex`,`family`,`profession`,`level`,`attr_id`,`special_effects`,`own_skills`,`skill_que`,`skill_vis`,`skill_loop_que`,`skill_que_vis`,`action_id`) values
('1000909','贪婪','0','2','1','6','1','80','1000909','3010','1003101;1003102;1003103;1003110;1003111;1003112','0,0','0','0,0','0','0'),
('1000910','黑色荆棘','0','2','1','4','1','90','1000910','3010','1002101;1002102;1002103','0,0','0','0,0','0','0'),
('1000911','绝世舞姬','0','2','1','4','1','90','1000911','3010','1002201;1002202;1002203','0,0','0','0,0','0','0'),
('1000912','萨米尔','0','2','1','6','1','90','1000912','3010','1003501;1003502;1003503;1003504','0,0','0','0,0','0','0');

insert into monster_group(`id`,`name`,`fight`,`multi_boss`,`monster`,`money`,`user_exp`,`hero_exp`,`exp_ball`,`reward_id`,`action_id`,`max_battle_time`,`battle_check`,`attack_status_id`,`fight_type`) values
('800193','贪婪','1','1','1000909','0','0','0','0','0','0','300000','0','0','0'),
('800194','黑色荆棘','1','2','1000910','0','0','0','0','0','0','300000','0','0','0'),
('800195','绝世舞姬','1','3','1000911','0','0','0','0','0','0','300000','0','0','0'),
('800196','萨米尔','1','4','1000912','0','0','0','0','0','0','300000','0','0','0');

insert into itemtype(`id`,`name`,`sort`,`amount_limit`,`flag`,`price`,`awardid`,`actionid`) values
('210024','圣界领主召唤券','3','9999','16','1','0','0');

insert into `share_boss` (`monster_group_id`, `type`, `remain_time`, `min_get_rate`, `max_get_rate`, `min_level`, `max_level`, `reward1_id`, `reward2_id`, `reward3_id`, `reward4_id`, `reward5_id`, `reward6_id`, `reward7_id`, `reward8_id`) values 
(800193, 1, 10800, 0, 10000, 0, 29, 7000884, 7000885, 7000886, 7000887, 7000888, 7000889, 0, 0),
(800194, 1, 10800, 0, 10000, 30, 59, 7000884, 7000885, 7000886, 7000887, 7000888, 7000889, 0, 0),
(800195, 1, 10800, 0, 10000, 60, 69, 7000884, 7000885, 7000886, 7000887, 7000888, 7000889, 0, 0),
(800196, 1, 10800, 0, 10000, 70, 80, 7000884, 7000885, 7000886, 7000887, 7000888, 7000889, 0, 0);

insert into `award_acquire` (`award_id`, `award_group`, `award_type`, `award_type_id`, `item_num`, `max_get_rate`, `min_get_rate`) values 
(7000884, 1, 1, 1, 10, 10000, 0),
(7000885, 1, 1, 1, 20, 10000, 0),
(7000886, 1, 1, 1, 30, 10000, 0),
(7000887, 1, 1, 1, 50, 10000, 0),
(7000888, 1, 1, 1, 30, 10000, 0),
(7000889, 1, 1, 1, 20, 10000, 0);


###################################################
#20190611[终焉誓约][数据配置]事件监听系统—竞技场相关事件监听_V1.05-SQL数据(黄业勤)
#by:黄业勤
#date:2019-06-11
#ERP论坛: 
###################################################
#注释部分
#打开注释部分
###################################################

UPDATE `monitor` SET `type_id`=3 WHERE `id`=2128;
UPDATE `monitor` SET `type_id`=3 WHERE `id`=2129;

###################################################
#20190530[终焉誓约][测试脚本]卡等级(倪祖伟)
#by:倪祖伟
#date:2019-05-30
###################################################
#注释部分
delete from out_exp_limit where `id` >=1 AND `id` <= 80;
delete from server_level_limit where `id` >=1 AND `id` <= 365;
#打开注释部分

###################################################

insert into server_level_limit(`id`,`open_day`,`level_limit`,`exp_ratio`,`out_attenuation`) values
('1','1','24','8000','3000'),
('2','2','28','8000','3000'),
('3','3','32','8000','3000'),
('4','4','34','8000','3000'),
('5','5','35','8000','3000'),
('6','6','37','8000','3000'),
('7','7','39','8000','3000'),
('8','8','40','8000','3000'),
('9','9','42','8000','3000'),
('10','10','43','8000','3000'),
('11','11','44','8000','3000'),
('12','12','45','8000','3000'),
('13','13','46','8000','3000'),
('14','14','47','8000','3000'),
('15','15','48','8000','3000'),
('16','16','49','8000','3000'),
('17','17','49','8000','3000'),
('18','18','50','8000','3000'),
('19','19','51','8000','3000'),
('20','20','51','8000','3000'),
('21','21','52','7500','3000'),
('22','22','52','7500','3000'),
('23','23','53','7500','3000'),
('24','24','53','7500','3000'),
('25','25','54','7500','3000'),
('26','26','54','7500','3000'),
('27','27','55','7500','3000'),
('28','28','55','7500','3000'),
('29','29','56','7500','3000'),
('30','30','56','7500','3000'),
('31','31','56','7500','3000'),
('32','32','57','7500','3000'),
('33','33','57','7500','3000'),
('34','34','57','7500','3000'),
('35','35','58','7500','3000'),
('36','36','58','7500','3000'),
('37','37','58','7500','3000'),
('38','38','59','7500','3000'),
('39','39','59','7500','3000'),
('40','40','59','7500','3000'),
('41','41','60','7000','3000'),
('42','42','60','7000','3000'),
('43','43','60','7000','3000'),
('44','44','61','7000','3000'),
('45','45','61','7000','3000'),
('46','46','61','7000','3000'),
('47','47','61','7000','3000'),
('48','48','62','7000','3000'),
('49','49','62','7000','3000'),
('50','50','62','7000','3000'),
('51','51','62','7000','3000'),
('52','52','63','7000','3000'),
('53','53','63','7000','3000'),
('54','54','63','7000','3000'),
('55','55','63','7000','3000'),
('56','56','63','7000','3000'),
('57','57','64','7000','3000'),
('58','58','64','7000','3000'),
('59','59','64','7000','3000'),
('60','60','64','7000','3000'),
('61','61','64','6500','3000'),
('62','62','65','6500','3000'),
('63','63','65','6500','3000'),
('64','64','65','6500','3000'),
('65','65','65','6500','3000'),
('66','66','65','6500','3000'),
('67','67','66','6500','3000'),
('68','68','66','6500','3000'),
('69','69','66','6500','3000'),
('70','70','66','6500','3000'),
('71','71','66','6500','3000'),
('72','72','67','6500','3000'),
('73','73','67','6500','3000'),
('74','74','67','6500','3000'),
('75','75','67','6500','3000'),
('76','76','67','6500','3000'),
('77','77','67','6500','3000'),
('78','78','68','6500','3000'),
('79','79','68','6500','3000'),
('80','80','68','6500','3000'),
('81','81','68','6500','3000'),
('82','82','68','6500','3000'),
('83','83','68','6500','3000'),
('84','84','69','6500','3000'),
('85','85','69','6500','3000'),
('86','86','69','6500','3000'),
('87','87','69','6500','3000'),
('88','88','69','6500','3000'),
('89','89','69','6500','3000'),
('90','90','69','6500','3000'),
('91','91','70','6500','3000'),
('92','92','70','6500','3000'),
('93','93','70','6500','3000'),
('94','94','70','6500','3000'),
('95','95','70','6500','3000'),
('96','96','70','6500','3000'),
('97','97','70','6500','3000'),
('98','98','71','6500','3000'),
('99','99','71','6500','3000'),
('100','100','71','6500','3000'),
('101','101','71','6500','3000'),
('102','102','71','6500','3000'),
('103','103','71','6500','3000'),
('104','104','71','6500','3000'),
('105','105','71','6500','3000'),
('106','106','72','6500','3000'),
('107','107','72','6500','3000'),
('108','108','72','6500','3000'),
('109','109','72','6500','3000'),
('110','110','72','6500','3000'),
('111','111','72','6500','3000'),
('112','112','72','6500','3000'),
('113','113','72','6500','3000'),
('114','114','73','6500','3000'),
('115','115','73','6500','3000'),
('116','116','73','6500','3000'),
('117','117','73','6500','3000'),
('118','118','73','6500','3000'),
('119','119','73','6500','3000'),
('120','120','73','6500','3000'),
('121','121','73','6500','3000'),
('122','122','73','6500','3000'),
('123','123','74','6500','3000'),
('124','124','74','6500','3000'),
('125','125','74','6500','3000'),
('126','126','74','6500','3000'),
('127','127','74','6500','3000'),
('128','128','74','6500','3000'),
('129','129','74','6500','3000'),
('130','130','74','6500','3000'),
('131','131','74','6500','3000'),
('132','132','75','6500','3000'),
('133','133','75','6500','3000'),
('134','134','75','6500','3000'),
('135','135','75','6500','3000'),
('136','136','75','6500','3000'),
('137','137','75','6500','3000'),
('138','138','75','6500','3000'),
('139','139','75','6500','3000'),
('140','140','75','6500','3000'),
('141','141','75','6500','3000'),
('142','142','76','6500','3000'),
('143','143','76','6500','3000'),
('144','144','76','6500','3000'),
('145','145','76','6500','3000'),
('146','146','76','6500','3000'),
('147','147','76','6500','3000'),
('148','148','76','6500','3000'),
('149','149','76','6500','3000'),
('150','150','76','6500','3000'),
('151','151','76','6500','3000'),
('152','152','76','6500','3000'),
('153','153','77','6500','3000'),
('154','154','77','6500','3000'),
('155','155','77','6500','3000'),
('156','156','77','6500','3000'),
('157','157','77','6500','3000'),
('158','158','77','6500','3000'),
('159','159','77','6500','3000'),
('160','160','77','6500','3000'),
('161','161','77','6500','3000'),
('162','162','77','6500','3000'),
('163','163','77','6500','3000'),
('164','164','78','6500','3000'),
('165','165','78','6500','3000'),
('166','166','78','6500','3000'),
('167','167','78','6500','3000'),
('168','168','78','6500','3000'),
('169','169','78','6500','3000'),
('170','170','78','6500','3000'),
('171','171','78','6500','3000'),
('172','172','78','6500','3000'),
('173','173','78','6500','3000'),
('174','174','78','6500','3000'),
('175','175','79','6500','3000'),
('176','176','79','6500','3000'),
('177','177','79','6500','3000'),
('178','178','79','6500','3000'),
('179','179','79','6500','3000'),
('180','180','79','6500','3000'),
('181','181','79','6500','3000'),
('182','182','79','6500','3000'),
('183','183','79','6500','3000'),
('184','184','79','6500','3000'),
('185','185','79','6500','3000'),
('186','186','79','6500','3000'),
('187','187','79','6500','3000'),
('188','188','80','6500','3000'),
('189','189','80','6500','3000'),
('190','190','80','6500','3000'),
('191','191','80','6500','3000'),
('192','192','80','6500','3000'),
('193','193','80','6500','3000'),
('194','194','80','6500','3000'),
('195','195','80','6500','3000'),
('196','196','80','6500','3000'),
('197','197','80','6500','3000'),
('198','198','80','6500','3000'),
('199','199','80','6500','3000'),
('200','200','80','6500','3000'),
('201','201','81','6500','3000'),
('202','202','81','6500','3000'),
('203','203','81','6500','3000'),
('204','204','81','6500','3000'),
('205','205','81','6500','3000'),
('206','206','81','6500','3000'),
('207','207','81','6500','3000'),
('208','208','81','6500','3000'),
('209','209','81','6500','3000'),
('210','210','81','6500','3000'),
('211','211','81','6500','3000'),
('212','212','81','6500','3000'),
('213','213','81','6500','3000'),
('214','214','81','6500','3000'),
('215','215','82','6500','3000'),
('216','216','82','6500','3000'),
('217','217','82','6500','3000'),
('218','218','82','6500','3000'),
('219','219','82','6500','3000'),
('220','220','82','6500','3000'),
('221','221','82','6500','3000'),
('222','222','82','6500','3000'),
('223','223','82','6500','3000'),
('224','224','82','6500','3000'),
('225','225','82','6500','3000'),
('226','226','82','6500','3000'),
('227','227','82','6500','3000'),
('228','228','82','6500','3000'),
('229','229','83','6500','3000'),
('230','230','83','6500','3000'),
('231','231','83','6500','3000'),
('232','232','83','6500','3000'),
('233','233','83','6500','3000'),
('234','234','83','6500','3000'),
('235','235','83','6500','3000'),
('236','236','83','6500','3000'),
('237','237','83','6500','3000'),
('238','238','83','6500','3000'),
('239','239','83','6500','3000'),
('240','240','83','6500','3000'),
('241','241','83','6500','3000'),
('242','242','83','6500','3000'),
('243','243','83','6500','3000'),
('244','244','84','6500','3000'),
('245','245','84','6500','3000'),
('246','246','84','6500','3000'),
('247','247','84','6500','3000'),
('248','248','84','6500','3000'),
('249','249','84','6500','3000'),
('250','250','84','6500','3000'),
('251','251','84','6500','3000'),
('252','252','84','6500','3000'),
('253','253','84','6500','3000'),
('254','254','84','6500','3000'),
('255','255','84','6500','3000'),
('256','256','84','6500','3000'),
('257','257','84','6500','3000'),
('258','258','84','6500','3000'),
('259','259','84','6500','3000'),
('260','260','85','6500','3000'),
('261','261','85','6500','3000'),
('262','262','85','6500','3000'),
('263','263','85','6500','3000'),
('264','264','85','6500','3000'),
('265','265','85','6500','3000'),
('266','266','85','6500','3000'),
('267','267','85','6500','3000'),
('268','268','85','6500','3000'),
('269','269','85','6500','3000'),
('270','270','85','6500','3000'),
('271','271','85','6500','3000'),
('272','272','85','6500','3000'),
('273','273','85','6500','3000'),
('274','274','85','6500','3000'),
('275','275','85','6500','3000'),
('276','276','85','6500','3000'),
('277','277','86','6500','3000'),
('278','278','86','6500','3000'),
('279','279','86','6500','3000'),
('280','280','86','6500','3000'),
('281','281','86','6500','3000'),
('282','282','86','6500','3000'),
('283','283','86','6500','3000'),
('284','284','86','6500','3000'),
('285','285','86','6500','3000'),
('286','286','86','6500','3000'),
('287','287','86','6500','3000'),
('288','288','86','6500','3000'),
('289','289','86','6500','3000'),
('290','290','86','6500','3000'),
('291','291','86','6500','3000'),
('292','292','86','6500','3000'),
('293','293','86','6500','3000'),
('294','294','87','6500','3000'),
('295','295','87','6500','3000'),
('296','296','87','6500','3000'),
('297','297','87','6500','3000'),
('298','298','87','6500','3000'),
('299','299','87','6500','3000'),
('300','300','87','6500','3000'),
('301','301','87','6500','3000'),
('302','302','87','6500','3000'),
('303','303','87','6500','3000'),
('304','304','87','6500','3000'),
('305','305','87','6500','3000'),
('306','306','87','6500','3000'),
('307','307','87','6500','3000'),
('308','308','87','6500','3000'),
('309','309','87','6500','3000'),
('310','310','87','6500','3000'),
('311','311','87','6500','3000'),
('312','312','87','6500','3000'),
('313','313','88','6500','3000'),
('314','314','88','6500','3000'),
('315','315','88','6500','3000'),
('316','316','88','6500','3000'),
('317','317','88','6500','3000'),
('318','318','88','6500','3000'),
('319','319','88','6500','3000'),
('320','320','88','6500','3000'),
('321','321','88','6500','3000'),
('322','322','88','6500','3000'),
('323','323','88','6500','3000'),
('324','324','88','6500','3000'),
('325','325','88','6500','3000'),
('326','326','88','6500','3000'),
('327','327','88','6500','3000'),
('328','328','88','6500','3000'),
('329','329','88','6500','3000'),
('330','330','88','6500','3000'),
('331','331','88','6500','3000'),
('332','332','89','6500','3000'),
('333','333','89','6500','3000'),
('334','334','89','6500','3000'),
('335','335','89','6500','3000'),
('336','336','89','6500','3000'),
('337','337','89','6500','3000'),
('338','338','89','6500','3000'),
('339','339','89','6500','3000'),
('340','340','89','6500','3000'),
('341','341','89','6500','3000'),
('342','342','89','6500','3000'),
('343','343','89','6500','3000'),
('344','344','89','6500','3000'),
('345','345','89','6500','3000'),
('346','346','89','6500','3000'),
('347','347','89','6500','3000'),
('348','348','89','6500','3000'),
('349','349','89','6500','3000'),
('350','350','89','6500','3000'),
('351','351','89','6500','3000'),
('352','352','90','6500','3000'),
('353','353','90','6500','3000'),
('354','354','90','6500','3000'),
('355','355','90','6500','3000'),
('356','356','90','6500','3000'),
('357','357','90','6500','3000'),
('358','358','90','6500','3000'),
('359','359','90','6500','3000'),
('360','360','90','6500','3000'),
('361','361','90','6500','3000'),
('362','362','90','6500','3000'),
('363','363','90','6500','3000'),
('364','364','90','6500','3000'),
('365','365','90','6500','3000');

insert into out_exp_limit(`id`,`level`,`out_exp_limit`) values
('1','1','80'),
('2','2','80'),
('3','3','160'),
('4','4','160'),
('5','5','320'),
('6','6','320'),
('7','7','640'),
('8','8','640'),
('9','9','960'),
('10','10','1280'),
('11','11','1600'),
('12','12','1920'),
('13','13','2400'),
('14','14','2800'),
('15','15','3600'),
('16','16','4400'),
('17','17','5200'),
('18','18','6000'),
('19','19','7200'),
('20','20','7600'),
('21','21','8625'),
('22','22','10125'),
('23','23','12000'),
('24','24','13950'),
('25','25','16612'),
('26','26','20100'),
('27','27','23400'),
('28','28','28950'),
('29','29','31200'),
('30','30','33750'),
('31','31','40350'),
('32','32','54000'),
('33','33','58875'),
('34','34','65625'),
('35','35','72675'),
('36','36','76425'),
('37','37','80175'),
('38','38','83925'),
('39','39','87675'),
('40','40','103350'),
('41','41','107940'),
('42','42','118160'),
('43','43','128660'),
('44','44','139580'),
('45','45','150920'),
('46','46','163730'),
('47','47','181720'),
('48','48','202440'),
('49','49','223860'),
('50','50','248220'),
('51','51','273350'),
('52','52','307580'),
('53','53','339990'),
('54','54','373450'),
('55','55','410410'),
('56','56','450940'),
('57','57','492730'),
('58','58','538300'),
('59','59','587860'),
('60','60','641550'),
('61','61','649415'),
('62','62','707265'),
('63','63','766545'),
('64','64','830115'),
('65','65','897975'),
('66','66','970385'),
('67','67','1047345'),
('68','68','1129050'),
('69','69','1215630'),
('70','70','1310140'),
('71','71','1409850'),
('72','72','1514890'),
('73','73','1625390'),
('74','74','1744535'),
('75','75','1869530'),
('76','76','2000440'),
('77','77','2140580'),
('78','78','2287025'),
('79','79','2443220'),
('80','80','0');

###################################################
#20190529[终焉誓约][数据配置]训练场系统战技研习总案(苏亚玲)
#by:苏亚玲
#date:2019-05-29
#ERP链接：http://forum.nderp.99.com/Forum/TopicList-333884.aspx
###################################################
#注释部分
delete from training_level where id >= 1 and id <= 5;
delete from training_level where id IN (10101,10102,10103,20101,20102,20103,30101,30102,30103,10201,10202,10203,30201,30202,30203,10301,10302,10303,10401,10402,10403,10601,10602,10603,10701,10702,10703,40101,40102,40103,10501,10502,10503,10801,10802,10803,11201,11202,11203);
delete from attribute where id >= 1001078 and id <= 1001096;
delete from attribute where id >= 1001100 and id <= 1001123;
delete from attribute where id >= 1001128 and id <= 1001130;
delete from award_acquire where award_id >= 6000184 and award_id <= 6000227;
delete from monster where id >= 1001078 and id <= 1001096;
delete from monster where id >= 1001100 and id <= 1001123;
delete from monster where id >= 1001128 and id <= 1001130;
#打开注释部分

###################################################

INSERT INTO `training_level` (`id`, `training_type`, `battle_id`, `mask_segment`, `mask_bit`, `unlock_training`, `reward_id`) VALUES 
(1, 1, 823, 1, 1, 2, 6000184),
(2, 1, 824, 1, 2, 0, 6000185),
(3, 1, 825, 1, 3, 0, 6000186),
(4, 1, 826, 1, 4, 5, 6000187),
(5, 1, 827, 1, 5, 0, 6000188),
(10101, 2, 828, 1, 6, 10102, 6000189),
(10102, 2, 829, 1, 7, 10103, 6000190),
(10103, 2, 830, 1, 8, 0, 6000191),
(20101, 2, 831, 1, 9, 20102, 6000192),
(20102, 2, 832, 1, 10, 20103, 6000193),
(20103, 2, 833, 1, 11, 0, 6000194),
(30101, 2, 834, 1, 12, 30102, 6000195),
(30102, 2, 835, 1, 13, 30103, 6000196),
(30103, 2, 836, 1, 14, 0, 6000197),
(10201, 2, 837, 1, 15, 10202, 6000198),
(10202, 2, 838, 1, 16, 10203, 6000199),
(10203, 2, 839, 1, 17, 0, 6000200),
(30201, 2, 840, 1, 18, 30202, 6000201),
(30202, 2, 841, 1, 19, 30203, 6000202),
(30203, 2, 842, 1, 20, 0, 6000203),
(10301, 2, 843, 1, 21, 10302, 6000204),
(10302, 2, 844, 1, 22, 10303, 6000205),
(10303, 2, 845, 1, 23, 0, 6000206),
(10401, 2, 846, 1, 24, 10402, 6000207),
(10402, 2, 847, 1, 25, 10403, 6000208),
(10403, 2, 848, 1, 26, 0, 6000209),
(10601, 2, 849, 1, 27, 10602, 6000210),
(10602, 2, 850, 1, 28, 10603, 6000211),
(10603, 2, 851, 1, 29, 0, 6000212),
(10701, 2, 852, 1, 30, 10702, 6000213),
(10702, 2, 853, 1, 31, 10703, 6000214),
(10703, 2, 854, 1, 32, 0, 6000215),
(40101, 2, 855, 1, 33, 40102, 6000216),
(40102, 2, 856, 1, 34, 40103, 6000217),
(40103, 2, 857, 1, 35, 0, 6000218),
(10501, 2, 858, 1, 36, 10502, 6000219),
(10502, 2, 859, 1, 37, 10503, 6000220),
(10503, 2, 860, 1, 38, 0, 6000221),
(10801, 2, 861, 1, 39, 10802, 6000222),
(10802, 2, 862, 1, 40, 10803, 6000223),
(10803, 2, 863, 1, 41, 0, 6000224),
(11201, 2, 864, 1, 42, 11202, 6000225),
(11202, 2, 865, 1, 43, 11203, 6000226),
(11203, 2, 866, 1, 44, 0, 6000227);


insert into attribute(`id`,`life`,`phy_atk`,`mgc_atk`,`phy_def`,`mgc_def`,`life_add`,`phy_atk_add`,`mgc_atk_add`,`phy_def_add`,`mgc_def_add`,`hit_rate`,`dodge_rate`,`critical_rate`,`critical_dmg`,`critical_def`,`parry_rate`,`parry_def`,`hitbreak_rate`,`hitback_xp`,`dmg_add`,`dmg_cut`,`ice_atk`,`fire_atk`,`dark_atk`,`light_atk`,`ice_def`,`fire_def`,`light_def`,`dark_def`) values
('1001078','10000','1000','1000','400','400','0','0','0','0','0','10000','0','1000','5000','0','500','2000','0','0','0','0','0','0','0','0','0','0','0','0'),
('1001079','10000','1000','1000','400','400','0','0','0','0','0','10000','0','1000','5000','0','500','2000','0','0','0','0','0','0','0','0','0','0','0','0'),
('1001081','10000','1000','1000','400','400','0','0','0','0','0','10000','0','1000','5000','0','500','2000','0','0','0','0','0','0','0','0','0','0','0','0'),
('1001121','9600','1000','0','400','400','0','0','0','0','0','10000','0','1000','5000','0','1500','3000','0','1000','0','0','0','0','0','0','0','0','0','0'),
('1001122','9600','1000','0','400','400','0','0','0','0','0','10000','0','1000','5000','0','1500','3000','0','1000','0','0','0','0','0','0','0','0','0','0'),
('1001123','9600','1000','0','400','400','0','0','0','0','0','10000','0','1000','5000','0','1500','3000','0','1000','0','0','0','0','0','0','0','0','0','0'),
('1001085','9600','1000','0','400','400','0','0','0','0','0','10000','0','1000','5000','0','1500','3000','0','1000','0','0','0','0','0','0','0','0','0','0'),
('1001086','9600','1000','0','400','400','0','0','0','0','0','10000','0','1000','5000','0','1500','3000','0','1000','0','0','0','0','0','0','0','0','0','0'),
('1001087','9600','1000','0','400','400','0','0','0','0','0','10000','0','1000','5000','0','1500','3000','0','1000','0','0','0','0','0','0','0','0','0','0'),
('1001094','9120','1050','0','380','380','0','0','0','0','0','10000','0','1500','5000','0','0','3000','0','1000','0','0','0','0','0','0','0','0','0','0'),
('1001095','9120','1050','0','380','380','0','0','0','0','0','10000','0','1500','5000','0','0','3000','0','1000','0','0','0','0','0','0','0','0','0','0'),
('1001096','9120','1050','0','380','380','0','0','0','0','0','10000','0','1500','5000','0','0','3000','0','1000','0','0','0','0','0','0','0','0','0','0'),
('1001080','9408','1030','0','400','350','0','0','0','0','0','10000','0','0','0','0','0','3000','0','1000','0','0','0','0','0','0','0','0','0','0'),
('1001100','9408','1030','0','400','350','0','0','0','0','0','10000','0','0','0','0','0','3000','0','1000','0','0','0','0','0','0','0','0','0','0'),
('1001101','9408','1030','0','400','350','0','0','0','0','0','10000','0','0','0','0','0','3000','0','1000','0','0','0','0','0','0','0','0','0','0'),
('1001102','9408','1030','0','400','350','0','0','0','0','0','10000','0','0','0','0','0','3000','0','1000','0','0','0','0','0','0','0','0','0','0'),
('1001115','9408','0','1030','350','400','0','0','0','0','0','10000','0','500','5000','500','0','3000','0','1000','0','0','0','0','0','0','0','0','0','0'),
('1001116','9408','0','1030','350','400','0','0','0','0','0','10000','0','500','5000','500','0','3000','0','1000','0','0','0','0','0','0','0','0','0','0'),
('1001117','9408','0','1030','350','400','0','0','0','0','0','10000','0','500','5000','500','0','3000','0','1000','0','0','0','0','0','0','0','0','0','0'),
('1001106','9600','0','1000','400','400','0','0','0','0','0','10000','0','500','5000','0','0','3000','1000','1000','0','0','0','0','0','0','0','0','0','0'),
('1001107','9600','0','1000','400','400','0','0','0','0','0','10000','0','500','5000','0','0','3000','1000','1000','0','0','0','0','0','0','0','0','0','0'),
('1001108','9600','0','1000','400','400','0','0','0','0','0','10000','0','500','5000','0','0','3000','1000','1000','0','0','0','0','0','0','0','0','0','0'),
('1001109','9600','1050','0','380','350','0','0','0','0','0','10000','0','1000','5000','0','0','3000','0','1000','0','0','0','0','0','0','0','0','0','0'),
('1001110','9600','1050','0','380','350','0','0','0','0','0','10000','0','1000','5000','0','0','3000','0','1000','0','0','0','0','0','0','0','0','0','0'),
('1001111','9600','1050','0','380','350','0','0','0','0','0','10000','0','1000','5000','0','0','3000','0','1000','0','0','0','0','0','0','0','0','0','0'),
('1001118','10080','0','950','420','420','0','0','0','0','0','10000','0','0','5000','0','1000','3000','0','1000','0','0','0','0','0','0','0','0','0','0'),
('1001119','10080','0','950','420','420','0','0','0','0','0','10000','0','0','5000','0','1000','3000','0','1000','0','0','0','0','0','0','0','0','0','0'),
('1001120','10080','0','950','420','420','0','0','0','0','0','10000','0','0','5000','0','1000','3000','0','1000','0','0','0','0','0','0','0','0','0','0'),
('1001088','9120','0','1050','350','400','0','0','0','0','0','10000','0','1000','5000','0','1500','3000','0','1000','0','0','0','0','0','0','0','0','0','0'),
('1001089','9120','0','1050','350','400','0','0','0','0','0','10000','0','1000','5000','0','1500','3000','0','1000','0','0','0','0','0','0','0','0','0','0'),
('1001090','9120','0','1050','350','400','0','0','0','0','0','10000','0','1000','5000','0','1500','3000','0','1000','0','0','0','0','0','0','0','0','0','0'),
('1001091','10080','0','950','420','420','0','0','0','0','0','10000','0','1000','5000','1000','1500','3000','0','1000','0','0','0','0','0','0','0','0','0','0'),
('1001092','10080','0','950','420','420','0','0','0','0','0','10000','0','1000','5000','1000','1500','3000','0','1000','0','0','0','0','0','0','0','0','0','0'),
('1001093','10080','0','950','420','420','0','0','0','0','0','10000','0','1000','5000','1000','1500','3000','0','1000','0','0','0','0','0','0','0','0','0','0'),
('1001112','9600','1030','0','380','350','0','0','0','0','0','10000','0','1000','5000','0','0','3000','0','1000','0','0','0','0','0','0','0','0','0','0'),
('1001113','9600','1030','0','380','350','0','0','0','0','0','10000','0','1000','5000','0','0','3000','0','1000','0','0','0','0','0','0','0','0','0','0'),
('1001114','9600','1030','0','380','350','0','0','0','0','0','10000','0','1000','5000','0','0','3000','0','1000','0','0','0','0','0','0','0','0','0','0'),
('1001103','740400','30850','30850','12340','12340','0','0','0','0','0','10000','500','1000','5000','0','500','3000','0','0','0','0','0','0','0','0','0','0','0','0'),
('1001104','740400','30850','30850','12340','12340','0','0','0','0','0','10000','500','1000','5000','0','500','3000','0','0','0','0','0','0','0','0','0','0','0','0'),
('1001105','740400','30850','30850','12340','12340','0','0','0','0','0','10000','500','1000','5000','0','500','3000','0','0','0','0','0','0','0','0','0','0','0','0'),
('1001082','9504','832','0','280','336','0','0','0','0','0','10000','0','100','5000','300','0','3000','300','1000','0','0','0','0','0','0','0','0','0','0'),
('1001083','9600','824','0','320','288','0','0','0','0','0','10000','0','200','5000','0','0','3000','500','1000','0','0','0','0','0','0','0','0','0','0'),
('1001084','9312','0','808','336','304','0','0','0','0','0','10000','0','300','5000','200','0','3000','300','1000','0','0','0','0','0','0','0','0','0','0'),
('1001128','9600','0','1000','400','400','0','0','0','0','0','10000','0','0','0','1000','0','3000','1000','1000','0','0','0','0','0','0','0','0','0','0'),
('1001129','9600','0','1000','400','400','0','0','0','0','0','10000','0','0','0','1000','0','3000','1000','1000','0','0','0','0','0','0','0','0','0','0'),
('1001130','9600','0','1000','400','400','0','0','0','0','0','10000','0','0','0','1000','0','3000','1000','1000','0','0','0','0','0','0','0','0','0','0');

insert into monster(`id`,`name`,`attr_type`,`type`,`sex`,`family`,`profession`,`level`,`attr_id`,`special_effects`,`own_skills`,`skill_que`,`skill_vis`,`skill_loop_que`,`skill_que_vis`,`action_id`) values
('1001078','小狐狸','0','0','1','5','1','1','1001078','','1000801;1000802','0,1;1,1;1,0','0','0,1;1,1;1,0','0','0'),
('1001079','小狐狸','0','0','1','5','1','1','1001079','','1000801;1000802','0,1;1,1;1,0','0','0,1;1,1;1,0','0','0'),
('1001081','山岭巨人','0','1','1','5','1','1','1001081','1111;1011','1001401;1001402;1001403','0,2;1,2;2,0','0','2,1;1,1','0','0'),
('1001085','西蒙','0','0','1','4','1','1','1001085','','10101;10102;10103;10104;10105;10106;10107','0,2;1,5;2,6','0','2,4;3,6','0','0'),
('1001086','西蒙','0','0','1','4','1','1','1001086','','10101;10102;10103;10104;10105;10106;10107','0,2;1,5;2,6','0','2,4;3,6','0','0'),
('1001087','西蒙','0','0','1','4','1','1','1001087','','10101;10102;10103;10104;10105;10106;10107','0,2;1,5;2,6','0','2,4;3,6','0','0'),
('1001094','泰雷','0','0','1','4','1','1','1001094','','10201;10202;10203;10204;10205;10206;10207','0,2;1,5;2,6','0','2,4;3,6','0','0'),
('1001095','泰雷','0','0','1','4','1','1','1001095','','10201;10202;10203;10204;10205;10206;10207','0,2;1,5;2,6','0','2,4;3,6','0','0'),
('1001096','泰雷','0','0','1','4','1','1','1001096','','10201;10202;10203;10204;10205;10206;10207','0,2;1,5;2,6','0','2,4;3,6','0','0'),
('1001080','兰奇','0','0','1','4','1','1','1001080','','10301;10302;10303;10304;10305;10306;10307','0,2;1,5;2,6','0','2,4;3,6','0','0'),
('1001100','兰奇','0','0','1','4','1','1','1001100','','10301;10302;10303;10304;10305;10306;10307','0,2;1,5;2,6','0','2,4;3,6','0','0'),
('1001101','兰奇','0','0','1','4','1','1','1001101','','10301;10302;10303;10304;10305;10306;10307','0,2;1,5;2,6','0','2,4;3,6','0','0'),
('1001102','兰奇','0','0','1','4','1','1','1001102','','10301;10302;10303;10304;10305;10306;10307','0,2;1,5;2,6','0','2,4;3,6','0','0'),
('1001115','葛莱蒂斯','0','0','1','5','2','1','1001115','','10501;10502;10503;10504;10505;10506;10507','0,2;1,5;2,6','0','2,4;3,6','0','0'),
('1001116','葛莱蒂斯','0','0','1','5','2','1','1001116','','10501;10502;10503;10504;10505;10506;10507','0,2;1,5;2,6','0','2,4;3,6','0','0'),
('1001117','葛莱蒂斯','0','0','1','5','2','1','1001117','','10501;10502;10503;10504;10505;10506;10507','0,2;1,5;2,6','0','2,4;3,6','0','0'),
('1001106','檐鬼','0','0','1','6','2','1','1001106','','10601;10602;10603;10604;10605;10606;10607','0,2;1,5;2,6','0','2,4;3,6','0','0'),
('1001107','檐鬼','0','0','1','6','2','1','1001107','','10601;10602;10603;10604;10605;10606;10607','0,2;1,5;2,6','0','2,4;3,6','0','0'),
('1001108','檐鬼','0','0','1','6','2','1','1001108','','10601;10602;10603;10604;10605;10606;10607','0,2;1,5;2,6','0','2,4;3,6','0','0'),
('1001109','夜崎隐','0','0','1','6','1','1','1001109','','10701;10702;10703;10704;10705;10706;10707','0,2;1,5;2,6','0','2,4;3,6','0','0'),
('1001110','夜崎隐','0','0','1','6','1','1','1001110','','10701;10702;10703;10704;10705;10706;10707','0,2;1,5;2,6','0','2,4;3,6','0','0'),
('1001111','夜崎隐','0','0','1','6','1','1','1001111','','10701;10702;10703;10704;10705;10706;10707','0,2;1,5;2,6','0','2,4;3,6','0','0'),
('1001118','阿德琳','0','0','1','1','2','1','1001118','','10801;10802;10803;10804;10805;10806;10807','0,2;1,5;2,6','0','2,4;3,6','0','0'),
('1001119','阿德琳','0','0','1','1','2','1','1001119','','10801;10802;10803;10804;10805;10806;10807','0,2;1,5;2,6','0','2,4;3,6','0','0'),
('1001120','阿德琳','0','0','1','1','2','1','1001120','','10801;10802;10803;10804;10805;10806;10807','0,2;1,5;2,6','0','2,4;3,6','0','0'),
('1001088','温丽','0','0','2','4','2','1','1001088','','20101;20102;20103;20104;20105;20106;20107','0,2;1,5;2,6','0','2,4;3,6','0','0'),
('1001089','温丽','0','0','2','4','2','1','1001089','','20101;20102;20103;20104;20105;20106;20107','0,2;1,5;2,6','0','2,4;3,6','0','0'),
('1001090','温丽','0','0','2','4','2','1','1001090','','20101;20102;20103;20104;20105;20106;20107','0,2;1,5;2,6','0','2,4;3,6','0','0'),
('1001091','爱琳娜','0','0','2','4','2','1','1001091','','30101;30102;30103;30104;30105;30106;30107','0,2;1,5;2,6','0','2,4;3,6','0','0'),
('1001092','爱琳娜','0','0','2','4','2','1','1001092','','30101;30102;30103;30104;30105;30106;30107','0,2;1,5;2,6','0','2,4;3,6','0','0'),
('1001093','爱琳娜','0','0','2','4','2','1','1001093','','30101;30102;30103;30104;30105;30106;30107','0,2;1,5;2,6','0','2,4;3,6','0','0'),
('1001112','乔伊','0','0','1','6','1','1','1001112','','40101;40102;40103;40104;40105;40106;40107','0,2;1,5;2,6','0','2,4;3,6','0','0'),
('1001113','乔伊','0','0','1','6','1','1','1001113','','40101;40102;40103;40104;40105;40106;40107','0,2;1,5;2,6','0','2,4;3,6','0','0'),
('1001114','乔伊','0','0','1','6','1','1','1001114','','40101;40102;40103;40104;40105;40106;40107','0,2;1,5;2,6','0','2,4;3,6','0','0'),
('1001121','米兰达','0','1','1','4','1','1','1001121','1618','11201;11202;11203;11204;11205;11206;11207','0,2;1,5;2,6','0','2,4;3,6','0','0'),
('1001122','米兰达','0','1','1','4','1','1','1001122','1618','11201;11202;11203;11204;11205;11206;11207','0,2;1,5;2,6','0','2,4;3,6','0','0'),
('1001123','米兰达','0','1','1','4','1','1','1001123','1618','11201;11202;11203;11204;11205;11206;11207','0,2;1,5;2,6','0','2,4;3,6','0','0'),
('1001103','木禅','0','1','1','5','1','1','1001103','1637;1631','10401;10402;10403;10404;10405;10406;10407','0,2;1,5;2,6','0','2,4;3,6','0','0'),
('1001104','木禅','0','1','1','5','1','1','1001104','1637;1631','10401;10402;10403;10404;10405;10406;10407','0,2;1,5;2,6','0','2,4;3,6','0','0'),
('1001105','木禅','0','1','1','5','1','1','1001105','1637;1631','10401;10402;10403;10404;10405;10406;10407','0,2;1,5;2,6','0','2,4;3,6','0','0'),
('1001082','檐鬼','0','0','1','6','2','1','1001082','','10601;10602;10603;10604;10605;10606;10607','0,2;1,5;2,6','0','2,4;3,6','0','0'),
('1001083','兰奇','0','0','1','4','1','1','1001083','','10301;10302;10303;10304;10305;10306;10307','0,2;1,5;2,6','0','2,4;3,6','0','0'),
('1001084','乔伊','0','0','1','6','1','1','1001084','','40101;40102;40103;40104;40105;40106;40107','0,2;1,5;2,6','0','2,4;3,6','0','0'),
('1001128','爱琪','0','0','2','4','2','1','1001128','','30201;30202;30203;30204;30205;30206;30207','0,2;1,5;2,6','0','2,4;3,6','0','0'),
('1001129','爱琪','0','0','2','4','2','1','1001129','','30201;30202;30203;30204;30205;30206;30207','0,2;1,5;2,6','0','2,4;3,6','0','0'),
('1001130','爱琪','0','0','2','4','2','1','1001130','','30201;30202;30203;30204;30205;30206;30207','0,2;1,5;2,6','0','2,4;3,6','0','0');

insert into award_acquire(`award_id`,`award_group`,`award_type`,`award_type_id`,`item_num`,`max_get_rate`,`min_get_rate`) values
('6000184','1','1','1','20','10000','0'),
('6000185','1','1','1','20','10000','0'),
('6000185','1','1','3','1000','10000','0'),
('6000186','1','1','1','20','10000','0'),
('6000186','1','1','3','1000','10000','0'),
('6000186','1','1','4','1000','10000','0'),
('6000187','1','1','1','20','10000','0'),
('6000187','1','1','3','2000','10000','0'),
('6000187','1','1','4','2000','10000','0'),
('6000188','1','1','1','20','10000','0'),
('6000188','1','1','3','3000','10000','0'),
('6000188','1','1','4','3000','10000','0'),
('6000189','1','1','1','20','10000','0'),
('6000190','1','1','1','20','10000','0'),
('6000190','1','1','3','1000','10000','0'),
('6000191','1','1','1','20','10000','0'),
('6000191','1','1','3','1000','10000','0'),
('6000191','1','1','4','1000','10000','0'),
('6000192','1','1','1','20','10000','0'),
('6000192','1','1','3','1000','10000','0'),
('6000192','1','1','4','1000','10000','0'),
('6000193','1','1','1','20','10000','0'),
('6000193','1','1','3','1000','10000','0'),
('6000193','1','1','4','1000','10000','0'),
('6000194','1','1','1','20','10000','0'),
('6000194','1','1','3','1000','10000','0'),
('6000194','1','1','4','1000','10000','0'),
('6000195','1','1','1','20','10000','0'),
('6000195','1','1','3','1000','10000','0'),
('6000195','1','1','4','1000','10000','0'),
('6000196','1','1','1','20','10000','0'),
('6000196','1','1','3','1000','10000','0'),
('6000196','1','1','4','1000','10000','0'),
('6000197','1','1','1','20','10000','0'),
('6000197','1','1','3','1000','10000','0'),
('6000197','1','1','4','1000','10000','0'),
('6000198','1','1','1','20','10000','0'),
('6000198','1','1','3','1000','10000','0'),
('6000198','1','1','4','1000','10000','0'),
('6000199','1','1','1','20','10000','0'),
('6000199','1','1','3','1000','10000','0'),
('6000199','1','1','4','1000','10000','0'),
('6000200','1','1','1','20','10000','0'),
('6000200','1','1','3','1000','10000','0'),
('6000200','1','1','4','1000','10000','0'),
('6000201','1','1','1','20','10000','0'),
('6000201','1','1','3','1000','10000','0'),
('6000201','1','1','4','1000','10000','0'),
('6000202','1','1','1','20','10000','0'),
('6000202','1','1','3','1000','10000','0'),
('6000202','1','1','4','1000','10000','0'),
('6000203','1','1','1','20','10000','0'),
('6000203','1','1','3','1000','10000','0'),
('6000203','1','1','4','1000','10000','0'),
('6000204','1','1','1','20','10000','0'),
('6000204','1','1','3','1000','10000','0'),
('6000204','1','1','4','1000','10000','0'),
('6000205','1','1','1','20','10000','0'),
('6000205','1','1','3','1000','10000','0'),
('6000205','1','1','4','1000','10000','0'),
('6000206','1','1','1','20','10000','0'),
('6000206','1','1','3','1000','10000','0'),
('6000206','1','1','4','1000','10000','0'),
('6000207','1','1','1','20','10000','0'),
('6000207','1','1','3','1000','10000','0'),
('6000207','1','1','4','1000','10000','0'),
('6000208','1','1','1','20','10000','0'),
('6000208','1','1','3','1000','10000','0'),
('6000208','1','1','4','1000','10000','0'),
('6000209','1','1','1','20','10000','0'),
('6000209','1','1','3','1000','10000','0'),
('6000209','1','1','4','1000','10000','0'),
('6000210','1','1','1','20','10000','0'),
('6000210','1','1','3','1000','10000','0'),
('6000210','1','1','4','1000','10000','0'),
('6000211','1','1','1','20','10000','0'),
('6000211','1','1','3','1000','10000','0'),
('6000211','1','1','4','1000','10000','0'),
('6000212','1','1','1','20','10000','0'),
('6000212','1','1','3','1000','10000','0'),
('6000212','1','1','4','1000','10000','0'),
('6000213','1','1','1','20','10000','0'),
('6000213','1','1','3','1000','10000','0'),
('6000213','1','1','4','1000','10000','0'),
('6000214','1','1','1','20','10000','0'),
('6000214','1','1','3','1000','10000','0'),
('6000214','1','1','4','1000','10000','0'),
('6000215','1','1','1','20','10000','0'),
('6000215','1','1','3','1000','10000','0'),
('6000215','1','1','4','1000','10000','0'),
('6000216','1','1','1','20','10000','0'),
('6000216','1','1','3','1000','10000','0'),
('6000216','1','1','4','1000','10000','0'),
('6000217','1','1','1','20','10000','0'),
('6000217','1','1','3','1000','10000','0'),
('6000217','1','1','4','1000','10000','0'),
('6000218','1','1','1','20','10000','0'),
('6000218','1','1','3','1000','10000','0'),
('6000218','1','1','4','1000','10000','0'),
('6000219','1','1','1','20','10000','0'),
('6000219','1','1','3','1000','10000','0'),
('6000219','1','1','4','1000','10000','0'),
('6000220','1','1','1','20','10000','0'),
('6000220','1','1','3','1000','10000','0'),
('6000220','1','1','4','1000','10000','0'),
('6000221','1','1','1','20','10000','0'),
('6000221','1','1','3','1000','10000','0'),
('6000221','1','1','4','1000','10000','0'),
('6000222','1','1','1','20','10000','0'),
('6000222','1','1','3','1000','10000','0'),
('6000222','1','1','4','1000','10000','0'),
('6000223','1','1','1','20','10000','0'),
('6000223','1','1','3','1000','10000','0'),
('6000223','1','1','4','1000','10000','0'),
('6000224','1','1','1','20','10000','0'),
('6000224','1','1','3','1000','10000','0'),
('6000224','1','1','4','1000','10000','0'),
('6000225','1','1','1','20','10000','0'),
('6000225','1','1','3','1000','10000','0'),
('6000225','1','1','4','1000','10000','0'),
('6000226','1','1','1','20','10000','0'),
('6000226','1','1','3','1000','10000','0'),
('6000226','1','1','4','1000','10000','0'),
('6000227','1','1','1','20','10000','0'),
('6000227','1','1','3','1000','10000','0'),
('6000227','1','1','4','1000','10000','0');

###################################################
#20190612[终焉誓约][功能脚本]TQD90933_25【终焉誓约】事件监听系统—自律联盟任务相关事件监听_V1.00(林多娜)
#by:林多娜
#date:2019-06-12
#论坛链接:http://forum.nderp.99.com/Forum/TopicList-331591.aspx
###################################################
#注释部分
delete from monitor where id >= 2182 and id <= 2221;
#打开注释部分

###################################################

insert into monitor(`id`,`monitor_type`,`type`,`type_id`,`num_type`,`data1`,`data2`,`data3`,`data4`,`mask1`,`mask2`) values
('2182','3','20','1','1','1','5','0','0','2','9'),
('2183','3','20','1','1','1','100','0','0','2','9'),
('2184','3','20','1','1','1','500','0','0','2','9'),
('2185','3','20','1','1','1','1000','0','0','2','9'),
('2186','3','20','1','1','1','10000','0','0','2','9'),
('2187','3','20','1','1','2','5','0','0','2','10'),
('2188','3','20','1','1','2','100','0','0','2','10'),
('2189','3','20','1','1','2','500','0','0','2','10'),
('2190','3','20','1','1','2','1000','0','0','2','10'),
('2191','3','20','1','1','2','10000','0','0','2','10'),
('2192','3','20','1','1','3','5','0','0','2','11'),
('2193','3','20','1','1','3','100','0','0','2','11'),
('2194','3','20','1','1','3','500','0','0','2','11'),
('2195','3','20','1','1','3','1000','0','0','2','11'),
('2196','3','20','1','1','3','10000','0','0','2','11'),
('2197','3','20','1','1','4','5','0','0','2','12'),
('2198','3','20','1','1','4','100','0','0','2','12'),
('2199','3','20','1','1','4','500','0','0','2','12'),
('2200','3','20','1','1','4','1000','0','0','2','12'),
('2201','3','20','1','1','4','10000','0','0','2','12'),
('2202','3','20','1','1','5','5','0','0','2','13'),
('2203','3','20','1','1','5','100','0','0','2','13'),
('2204','3','20','1','1','5','500','0','0','2','13'),
('2205','3','20','1','1','5','1000','0','0','2','13'),
('2206','3','20','1','1','5','10000','0','0','2','13'),
('2207','3','20','2','1','5','0','0','0','2','14'),
('2208','3','20','2','1','100','0','0','0','2','14'),
('2209','3','20','2','1','500','0','0','0','2','14'),
('2210','3','20','2','1','1000','0','0','0','2','14'),
('2211','3','20','2','1','10000','0','0','0','2','14'),
('2212','3','20','3','1','5','0','0','0','2','15'),
('2213','3','20','3','1','100','0','0','0','2','15'),
('2214','3','20','3','1','500','0','0','0','2','15'),
('2215','3','20','3','1','1000','0','0','0','2','15'),
('2216','3','20','3','1','10000','0','0','0','2','15'),
('2217','3','20','4','1','5','0','0','0','2','16'),
('2218','3','20','4','1','100','0','0','0','2','16'),
('2219','3','20','4','1','500','0','0','0','2','16'),
('2220','3','20','4','1','1000','0','0','0','2','16'),
('2221','3','20','4','1','10000','0','0','0','2','16');

###################################################
#20190527[终焉誓约][数据配置]任务需求采集图标速度配置功能(苏亚玲)
#by:苏亚玲
#date:2019-05-27
#ERP链接：http://forum.nderp.99.com/Forum/TopicList-333630.aspx
###################################################
#注释部分
delete from npc_group where id >= 90009 and id <= 90016;
delete from gen_event where id >= 9001020 and id <= 9001027;
#打开注释部分

###################################################


insert into npc_group(`id`,`name`,`req_level`) values
('90009','有对话宝箱','1'),
('90010','有对话喂药','1'),
('90011','有对话砍树','1'),
('90012','有对话采集4','1'),
('90013','无对话宝箱','1'),
('90014','无对话喂药','1'),
('90015','无对话砍树','1'),
('90016','无对话采集4','1');


insert into gen_event(`id`,`name`,`mapid`,`event_type`,`event_id`,`path_id`,`flag`,`intask`,`story_id`,`life_time`,`level_id`,`battle_scene`,`position`,`rotation_y`,`scale`) values
('9001020','采集对话测试','9001','1','90009','0','0','0','0','0','0','0','14.66,0.016,7.95','0','1'),
('9001021','采集对话测试','9001','1','90010','0','0','0','0','0','0','0','17.41,0.016,3.93','0','1'),
('9001022','采集对话测试','9001','1','90011','0','0','0','0','0','0','0','20.05,0.016,-2.14','0','1'),
('9001023','采集对话测试','9001','1','90012','0','0','0','0','0','0','0','23.23,0.016,-8.03','0','1'),
('9001024','采集对话测试','9001','1','90013','0','0','0','0','0','0','0','26.07,0.016,-12.5','0','1'),
('9001025','采集对话测试','9001','1','90014','0','0','0','0','0','0','0','29.55,0.016,-15.3','0','1'),
('9001026','采集对话测试','9001','1','90015','0','0','0','0','0','0','0','32.32,0.06,-20.76','0','1'),
('9001027','采集对话测试','9001','1','90016','0','0','0','0','0','0','0','36.3,0.02,-27.7','0','1');
###################################################
#20190603[终焉誓约][数据配置]修改限时活动dailyact表data1配置规则(林多娜)
#by:林多娜
#date:2019-06-03
#ERP：http://forum.nderp.99.com/Forum/TopicList-335695.aspx
###################################################
#注释部分

#打开注释部分

###################################################
update dailyact set endtime = 2359 where id in (10019,10020);

###################################################
#20190606[终焉誓约][任务脚本]每日速递任务设计流程制作（湖畔镇）(张圆)
#by:张圆
#date:2019-06-06
###################################################
#注释部分
DELETE FROM npc_group where id in (20880,20881,20882,60387,60388,60389);
DELETE FROM monster where id >= 1000914 and id <= 1000915;
DELETE FROM attribute where id >= 1000914 and id <= 1000915;
DELETE FROM monster_group where id >= 900560 and id <= 900561;
DELETE FROM gen_event where id >= 20010240 and id <= 20010247;
#打开注释部分

###################################################
INSERT INTO `npc_group` (`id`, `name`, `req_level`) VALUES 
(20880, '少女小花', 1),
(20881, '探员夏洛克', 1),
(20882, '克丽丝', 1),
(60387, '采集物', 1),
(60388, '采集物', 1),
(60389, '采集物', 1);

INSERT INTO `monster` (`id`, `name`, `attr_type`, `type`, `sex`, `family`, `profession`, `level`, `attr_id`, `special_effects`, `own_skills`, `skill_que`, `skill_vis`, `skill_loop_que`, `skill_que_vis`, `action_id`) VALUES 
(1000914, '北极赤狐', 0, 0, 1, 5, 1, 1, 1000914, '', '1000801;1000802', '0,0,1;0,0,1', 0, '0,0,1;0,0,1', 0, 0),
(1000915, '白鲢青鱼', 0, 0, 1, 5, 1, 1, 1000915, '', '1002801;1002802', '0,1,0;1,0,1,0', 0, '0,1;1,0,1,0;0,1,0;1,0,1', 0, 0);

INSERT INTO `attribute` (`id`, `life`, `phy_atk`, `mgc_atk`, `phy_def`, `mgc_def`, `life_add`, `phy_atk_add`, `mgc_atk_add`, `phy_def_add`, `mgc_def_add`, `hit_rate`, `dodge_rate`, `critical_rate`, `critical_dmg`, `critical_def`, `parry_rate`, `parry_def`, `hitbreak_rate`, `hitback_xp`, `dmg_add`, `dmg_cut`, `ice_atk`, `fire_atk`, `light_atk`, `dark_atk`, `ice_def`, `fire_def`, `light_def`, `dark_def`) VALUES 
(1000914, 52795, 8023, 8023, 8023, 8023, 0, 0, 0, 0, 0, 10000, 0, 0, 5000, 0, 0, 3000, 1000, 0, 0, 0, 0, 0, 0, 0, 0, 0, 0, 0),
(1000915, 52795, 8023, 8023, 8023, 8023, 0, 0, 0, 0, 0, 10000, 0, 0, 5000, 0, 0, 3000, 1000, 0, 0, 0, 0, 0, 0, 0, 0, 0, 0, 0);

INSERT INTO `monster_group` (`id`, `name`, `fight`, `multi_boss`, `monster`, `money`, `user_exp`, `hero_exp`, `exp_ball`, `reward_id`, `action_id`, `max_battle_time`, `battle_check`, `attack_status_id`, `fight_type`) VALUES 
(900560, '北极赤狐', 0, 0, '1000914', 0, 0, 0, 0, 0, 0, 600000, 0, 0, 0),
(900561, '白鲢青鱼', 0, 0, '1000915', 0, 0, 0, 0, 0, 0, 600000, 0, 0, 0);

INSERT INTO `gen_event` (`id`, `name`, `mapid`, `event_type`, `event_id`, `path_id`, `flag`, `intask`, `story_id`, `life_time`, `level_id`, `battle_scene`, `position`, `rotation_y`, `scale`) VALUES 
(20010240, '少女小花', 2001, 1, 20880, 0, 1, 0, 0, 0, 0, 0, '-3.88,-1.32,51.78', 45, 1),
(20010241, '探员夏洛克', 2001, 1, 20881, 0, 1, 0, 0, 0, 0, 0, '-31.89,0.10,-30.52', 45, 1),
(20010242, '克丽丝', 2001, 1, 20882, 0, 1, 0, 0, 0, 0, 0, '9.55,0.12,-5.73', 225, 1),
(20010243, '采集物', 2001, 1, 60387, 0, 1, 0, 0, 0, 0, 0, '-17.41,0.02,-40.89', 0, 1),
(20010244, '采集物', 2001, 1, 60388, 0, 1, 0, 0, 0, 0, 0, '9.99,0.13,38.33', 0, 1),
(20010245, '采集物', 2001, 1, 60389, 0, 1, 0, 0, 0, 0, 0, '-24.67,0.02,1.67', 0, 1),
(20010246, '北极赤狐', 2001, 2, 900560, 0, 1, 0, 0, 0, 0, 0, '17.23,0.03,-3.20', 8.61, 1),
(20010247, '白鲢青鱼', 2001, 2, 900561, 0, 1, 0, 0, 0, 0, 0, '24.70,0.02,-12.93', 32.6, 1);
###################################################
#20190610[终焉誓约][任务脚本]新增佣兵委托任务（口袋岛区域）(林多娜)
#by:林多娜
#date:2019-06-10
#ERP：http://forum.nderp.99.com/Forum/TopicList-336467.aspx
###################################################
#注释部分
delete from monster where id >= 9000631 and id <= 9000634;
delete from monster_group where id >= 900562 and id <= 900565;
delete from npc_group where id in(20883,30650,60390,60391,60392);
delete from attribute where id >= 9000631 and id <= 9000634;
delete from gen_event where id >= 20050320 and id <= 20050328;
#打开注释部分

###################################################

insert into monster(`id`,`name`,`attr_type`,`type`,`sex`,`family`,`profession`,`level`,`attr_id`,`special_effects`,`own_skills`,`skill_que`,`skill_vis`,`skill_loop_que`,`skill_que_vis`,`action_id`) values
('9000631','黑龙盾甲','101','0','1','4','1','0','9000631','','5200201;5200202','0,0,1','0','0,0,1','0','0'),
('9000632','堕落恶骑','102','0','1','4','1','0','9000632','','5200301;5200302','1,0,0,1;0,1,1','0','0,1,1;1,0,0,1','0','0'),
('9000634','机甲博士汉森','301','1','1','6','2','1','9000634','','900201;900202;900203;900204','0,1,2,3;1,0,2,1','0','0,2,1,3;0,1,2;0,1,1;1,2,3;1,0,2,1','0','0'),
('9000633','机械怪咖','101','1','1','4','1','0','9000633','','1001601;1001602;1001603','0,1,2','0','0,1,0,2;0,1,2','0','0');

insert into monster_group(`id`,`name`,`fight`,`multi_boss`,`monster`,`money`,`user_exp`,`hero_exp`,`exp_ball`,`reward_id`,`action_id`,`max_battle_time`,`battle_check`,`attack_status_id`) values
('900562','黑龙盾甲','0','0','9000631;9000631','0','0','0','0','0','0','600000','0','0'),
('900563','堕落恶骑','0','0','9000632;9000632','0','0','0','0','0','0','600000','0','0'),
('900564','机甲博士汉森','0','0','9000633','0','0','0','0','0','0','600000','0','0'),
('900565','机械怪咖','0','0','9000634','0','0','0','0','0','0','600000','0','0');

insert into npc_group(`id`,`name`,`req_level`) values
('20883','机械师艾斯','1'),
('30650','','1'),
('60390','','1'),
('60391','','1'),
('60392','黑曜岩矿','1');

insert into attribute(`id`,`life`,`phy_atk`,`mgc_atk`,`phy_def`,`mgc_def`,`life_add`,`phy_atk_add`,`mgc_atk_add`,`phy_def_add`,`mgc_def_add`,`hit_rate`,`dodge_rate`,`critical_rate`,`critical_dmg`,`critical_def`,`parry_rate`,`parry_def`,`hitbreak_rate`,`hitback_xp`,`dmg_add`,`dmg_cut`,`ice_atk`,`fire_atk`,`dark_atk`,`light_atk`,`ice_def`,`fire_def`,`light_def`,`dark_def`) values
('9000631','10000','1000','1000','400','400','0','0','0','0','0','10000','0','1000','5000','0','500','2000','0','0','0','0','0','0','0','0','0','0','0','0'),
('9000632','10000','1000','1000','400','400','0','0','0','0','0','10000','0','1000','5000','0','500','2000','0','0','0','0','0','0','0','0','0','0','0','0'),
('9000633','10000','1000','1000','400','400','0','0','0','0','0','10000','0','1000','5000','0','500','2000','0','0','0','0','0','0','0','0','0','0','0','0'),
('9000634','10000','1000','1000','400','400','0','0','0','0','0','10000','0','1000','5000','0','500','2000','0','0','0','0','0','0','0','0','0','0','0','0');

insert into gen_event (`id`, `name`, `mapid`, `event_type`, `event_id`, `path_id`, `flag`, `intask`, `story_id`, `life_time`, `level_id`, `battle_scene`, `position`, `rotation_y`, `scale`) values 
(20050320, '黄金立方', 2005, 1, 60390, 0, 1, 0, 0, 0, 0, 0, '77.97,29.31,-370.92', 0, 1),
(20050321, '残骸', 2005, 1, 60391, 0, 1, 0, 0, 0, 0, 0, '38.10,23.05,-349.32', 0, 1),
(20050322, '矿', 2005, 1, 60392, 0, 1, 0, 0, 0, 0, 0, '-6.42,23.03,-358.24', 0, 1),
(20050323, '黑龙盾甲', 2005, 2, 900562, 0, 1, 0, 0, 0, 0, 73, '-13.34,22.91,-384.08', 0, 1),
(20050324, '堕落恶骑', 2005, 2, 900563, 0, 1, 0, 0, 0, 0, 73, '38.30,29.22,-392.38', 0, 1),
(20050325, '机甲博士汉森', 2005, 2, 900564, 0, 1, 0, 0, 0, 0, 73, '24.98,23.03,-331.00', 123.69, 1),
(20050326, '机械怪咖', 2005, 2, 900565, 0, 1, 0, 0, 0, 0, 73, '80.96,21.15,-264.71', 116.56, 1),
(20050327, '机械师艾斯', 2005, 1, 20883, 0, 1, 0, 0, 0, 0, 0, '-37.45,10.87,-304.09', 26.56, 1),
(20050328, '工程师卡尔文', 2005, 1, 30650, 0, 1, 0, 0, 0, 0, 0, '36.78,12.04,-320.59', 0, 1);


###################################################
#20190619[终焉誓约][数据配置]圣界来袭积分掉落bug修复(孟志远)
#by:孟志远
#date:2019-06-19
#论坛链接:http://forum.nderp.99.com/Forum/TopicList-DCA925E757D0B38E-2.aspx#3322465
###################################################
#注释部分

#打开注释部分，打开原因：删除旧数据
delete from `award_acquire` where `award_id` >= 7000884 and `award_id` <= 7000889;

###################################################
insert into `award_acquire` (`award_id`, `award_group`, `award_type`, `award_type_id`, `item_num`, `max_get_rate`, `min_get_rate`) values 
(7000884, 1, 1, 1, 10, 10000, 0),
(7000884, 1, 1, 18, 10, 10000, 0),
(7000885, 1, 1, 1, 20, 10000, 0),
(7000885, 1, 1, 18, 20, 10000, 0),
(7000886, 1, 1, 1, 30, 10000, 0),
(7000886, 1, 1, 18, 30, 10000, 0),
(7000887, 1, 1, 1, 50, 10000, 0),
(7000887, 1, 1, 18, 50, 10000, 0),
(7000888, 1, 1, 1, 30, 10000, 0),
(7000888, 1, 1, 18, 30, 10000, 0),
(7000889, 1, 1, 1, 20, 10000, 0),
(7000889, 1, 1, 18, 20, 10000, 0);

###################################################
#20190613[终焉誓约][任务脚本]【剧情副本】【哥布林巢穴】优化--调整(倪祖伟)
#by:倪祖伟
#date:2019-06-13
#ERP:http://forum.nderp.99.com/Forum/TopicList-336395.aspx
###################################################
#注释部分
DELETE FROM `gen_event` WHERE `id` = 3031032;
DELETE FROM `award_acquire` WHERE `award_id`=1000517;
DELETE FROM `attribute` WHERE `id`=1000921;
DELETE FROM `monster` WHERE `id`=1000921;
#打开注释部分
DELETE FROM `gen_event` WHERE `id` in (3031008,3031009);
DELETE FROM `award_acquire` WHERE `award_id`=1000057;

###################################################
UPDATE `gen_event` SET `position`='-48.35,0.07,29.36', `rotation_y`=177.09 WHERE `id`=3031025;
UPDATE `gen_event` SET `position`='-43.403,0.07,22.948', `rotation_y`=222.902 WHERE `id`=3031021;
UPDATE `gen_event` SET `position`='-60.33,0.03,17.22', `rotation_y`=-23.8 WHERE `id`=3031029;
UPDATE `gen_event` SET `position`='-59.61,0.03,25.55', `rotation_y`=124 WHERE `id`=3031028;
UPDATE `gen_event` SET `intask`=0 WHERE `id`=3031013;

UPDATE `monster_group` SET `monster`='1000921',`money`=1000 WHERE `id`=200091;

INSERT INTO `award_acquire` (`award_id`, `award_group`, `award_type`, `award_type_id`, `item_num`, `max_get_rate`, `min_get_rate`) VALUES 
(1000057, 1, 1, 1, 10, 10000, 0),
(1000517, 1, 1, 1, 100, 10000, 0);

insert into attribute(`id`,`life`,`phy_atk`,`mgc_atk`,`phy_def`,`mgc_def`,`life_add`,`phy_atk_add`,`mgc_atk_add`,`phy_def_add`,`mgc_def_add`,`hit_rate`,`dodge_rate`,`critical_rate`,`critical_dmg`,`critical_def`,`parry_rate`,`parry_def`,`hitbreak_rate`,`hitback_xp`,`dmg_add`,`dmg_cut`,`ice_atk`,`fire_atk`,`dark_atk`,`light_atk`,`ice_def`,`fire_def`,`light_def`,`dark_def`) values
('1000921','14340','3585','3585','956','956','0','0','0','0','0','10000','3000','1000','5000','0','0','3000','1000','0','0','0','0','0','0','0','0','0','0','0');

insert into monster(`id`,`name`,`attr_type`,`type`,`sex`,`family`,`profession`,`level`,`attr_id`,`special_effects`,`own_skills`,`skill_que`,`skill_vis`,`skill_loop_que`,`skill_que_vis`,`action_id`) values
('1000921','猩红魔箱','0','0','1','6','1','19','1000921','','1000901;1000902','0,0,1','0','0,0,1','0','0');

INSERT INTO `gen_event` (`id`, `name`, `mapid`, `event_type`, `event_id`, `path_id`, `flag`, `intask`, `story_id`, `life_time`, `level_id`, `battle_scene`, `position`, `rotation_y`, `scale`) VALUES 
(3031032, '哥布林格德', 3031, 1, 20901, 0, 1, 0, 0, 0, 0, 0, '-43.403,0.07,22.948', 222.902, 1);
###################################################
#20190617[终焉誓约][任务脚本]湖畔镇主线调整(倪祖伟)
#by:倪祖伟
#date:2019-06-17
#ERP链接：http://forum.nderp.99.com/Forum/TopicList-337118.aspx
###################################################
#注释部分
#打开注释部分
###################################################
UPDATE `gen_event` SET `position`='-92.7328,25.268,72.199' WHERE `id`=1000192;

###################################################
#20190606[终焉誓约][任务脚本]剧情副本玫瑰团驻地优化(苏亚玲)
#by:苏亚玲
#date:2019-06-06
#ERP链接：http://forum.nderp.99.com/Forum/TopicList-335355.aspx
###################################################
#注释部分
delete from itemtype where id = 7000006;

#打开注释部分
delete from award_acquire where award_id = 1000011;
###################################################

INSERT INTO `itemtype` (`id`, `name`, `sort`, `amount_limit`, `flag`, `price`, `awardid`, `actionid`) VALUES 
(7000006, '芙蕾雅秘制药水', 8, 9999, 10, 0, 0, 0);


insert into award_acquire(`award_id`,`award_group`,`award_type`,`award_type_id`,`item_num`,`max_get_rate`,`min_get_rate`) values
('1000011','1','1','7000006','1','10000','0');

###################################################
#20190612[终焉誓约][数据配置]【终焉誓约】TQD97082_1【终焉誓约】佣兵考核系统—佣兵考核功能_V1.00-SQL数据(张圆)
#by:张圆
#date:2019-06-12
###################################################
#注释部分

#打开注释部分
DELETE FROM config where id >= 152 and id <= 158;
###################################################
INSERT INTO `config` (`id`, `type`, `type_id`, `data1`, `data2`, `data3`, `data4`, `data5`, `data6`, `data7`, `param1`, `desc`) VALUES 
(152, 27, 2, 0, 0, 0, 0, 0, 0, 0, '从萌新到老司机的路还很长，继续努力吧！;年轻人，别灰心！再加把劲就能通过了！;振作点，等你通过认证，我们一起举杯狂欢！', '未完成最强指南'),
(153, 27, 1, 0, 0, 0, 0, 0, 0, 0, '哦？这么快通过认证，有我年轻时候的风范。;哈哈哈，通过认证了，值得庆祝。来，干一杯！;你问我庆祝的方式？那还用说，当然是……', '已完成最强指南'),
(154, 27, 3, 0, 0, 0, 0, 0, 0, 0, '看，按照我的指南，你果然成为帝国最强了，嗝~', '完成所有最强指南');

###################################################
#20190618[终焉誓约][任务脚本]罗兰镇主线调整(苏亚玲)
#by:苏亚玲
#date:2019-06-18
#论坛链接:http://forum.nderp.99.com/Forum/TopicList-337264.aspx
###################################################
#注释部分

#打开注释部分

###################################################

UPDATE `gen_event` SET `position`='-85.87,0.87,32.90' WHERE `id`=20010248;
UPDATE `gen_event` SET `position`='-96.97,2.18,22.25' WHERE `id`=20010206;


###################################################
#20190619[终焉誓约][数据配置]卡城主线对白调整(孟志远)
#by:孟志远
#date:2019-06-19
#论坛链接:http://forum.nderp.99.com/Forum/TopicList-337077.aspx
###################################################
#注释部分

#打开注释部分，打开原因：删除无用数据
delete from gen_event where id in (1000178,1000114);
###################################################
update gen_event set flag = 1, position = "-90.431,25.27401,63.478", rotation_y = "45" where id = 1000175;
update gen_event set flag = 1, position = "-87.18,24.42,62.75", rotation_y = "225" where id = 1000176;
update gen_event set flag = 1 where id = 1000193;
update gen_event set flag = 1 where id = 1000194;

###################################################
#20190620[终焉誓约][数据配置]5.2修复BUG版本调整训练场测试数据(苏亚玲)
#by:苏亚玲
#date:2019-06-20
#论坛链接:http://forum.nderp.99.com/Forum/TopicList-337769.aspx
###################################################
#注释部分

#打开注释部分,原因：删除旧数据：
delete from award_acquire where award_id >= 6000184 and award_id <= 6000227;
###################################################


insert into award_acquire(`award_id`,`award_group`,`award_type`,`award_type_id`,`item_num`,`max_get_rate`,`min_get_rate`) values
('6000184','1','1','1','20','10000','0'),
('6000185','1','1','1','20','10000','0'),
('6000185','1','1','3','1000','10000','0'),
('6000186','1','1','1','20','10000','0'),
('6000186','1','1','3','1000','10000','0'),
('6000186','1','1','4','1000','10000','0'),
('6000187','1','1','1','20','10000','0'),
('6000187','1','1','3','2000','10000','0'),
('6000187','1','1','4','2000','10000','0'),
('6000188','1','1','1','20','10000','0'),
('6000188','1','1','3','3000','10000','0'),
('6000188','1','1','4','3000','10000','0'),
('6000189','1','1','1','20','10000','0'),
('6000190','1','1','1','20','10000','0'),
('6000190','1','1','3','1000','10000','0'),
('6000191','1','1','1','20','10000','0'),
('6000191','1','1','3','1000','10000','0'),
('6000191','1','1','4','1000','10000','0'),
('6000192','1','1','1','20','10000','0'),
('6000193','1','1','1','20','10000','0'),
('6000193','1','1','3','1000','10000','0'),
('6000194','1','1','1','20','10000','0'),
('6000194','1','1','3','1000','10000','0'),
('6000194','1','1','4','1000','10000','0'),
('6000195','1','1','1','20','10000','0'),
('6000196','1','1','1','20','10000','0'),
('6000196','1','1','3','1000','10000','0'),
('6000197','1','1','1','20','10000','0'),
('6000197','1','1','3','1000','10000','0'),
('6000197','1','1','4','1000','10000','0'),
('6000198','1','1','1','20','10000','0'),
('6000199','1','1','1','20','10000','0'),
('6000199','1','1','3','1000','10000','0'),
('6000200','1','1','1','20','10000','0'),
('6000200','1','1','3','1000','10000','0'),
('6000200','1','1','4','1000','10000','0'),
('6000201','1','1','1','20','10000','0'),
('6000202','1','1','1','20','10000','0'),
('6000202','1','1','3','1000','10000','0'),
('6000203','1','1','1','20','10000','0'),
('6000203','1','1','3','1000','10000','0'),
('6000203','1','1','4','1000','10000','0'),
('6000204','1','1','1','20','10000','0'),
('6000205','1','1','1','20','10000','0'),
('6000205','1','1','3','1000','10000','0'),
('6000206','1','1','1','20','10000','0'),
('6000206','1','1','3','1000','10000','0'),
('6000206','1','1','4','1000','10000','0'),
('6000207','1','1','1','20','10000','0'),
('6000208','1','1','1','20','10000','0'),
('6000208','1','1','3','1000','10000','0'),
('6000209','1','1','1','20','10000','0'),
('6000209','1','1','3','1000','10000','0'),
('6000209','1','1','4','1000','10000','0'),
('6000210','1','1','1','20','10000','0'),
('6000211','1','1','1','20','10000','0'),
('6000211','1','1','3','1000','10000','0'),
('6000212','1','1','1','20','10000','0'),
('6000212','1','1','3','1000','10000','0'),
('6000212','1','1','4','1000','10000','0'),
('6000213','1','1','1','20','10000','0'),
('6000214','1','1','1','20','10000','0'),
('6000214','1','1','3','1000','10000','0'),
('6000215','1','1','1','20','10000','0'),
('6000215','1','1','3','1000','10000','0'),
('6000215','1','1','4','1000','10000','0'),
('6000216','1','1','1','20','10000','0'),
('6000217','1','1','1','20','10000','0'),
('6000217','1','1','3','1000','10000','0'),
('6000218','1','1','1','20','10000','0'),
('6000218','1','1','3','1000','10000','0'),
('6000218','1','1','4','1000','10000','0'),
('6000219','1','1','1','20','10000','0'),
('6000220','1','1','1','20','10000','0'),
('6000220','1','1','3','1000','10000','0'),
('6000221','1','1','1','20','10000','0'),
('6000221','1','1','3','1000','10000','0'),
('6000221','1','1','4','1000','10000','0'),
('6000222','1','1','1','20','10000','0'),
('6000223','1','1','1','20','10000','0'),
('6000223','1','1','3','1000','10000','0'),
('6000224','1','1','1','20','10000','0'),
('6000224','1','1','3','1000','10000','0'),
('6000224','1','1','4','1000','10000','0'),
('6000225','1','1','1','20','10000','0'),
('6000226','1','1','1','20','10000','0'),
('6000226','1','1','3','1000','10000','0'),
('6000227','1','1','1','20','10000','0'),
('6000227','1','1','3','1000','10000','0'),
('6000227','1','1','4','1000','10000','0');
###################################################
#20190620[终焉誓约][任务脚本]【终焉誓约】每日速递任务优化调整(张圆)
#by:张圆
#date:2019-06-20
#论坛链接:http://forum.nderp.99.com/Forum/TopicList-335962.aspx
###################################################
#注释部分
DELETE FROM npc_group where id = 20902;
DELETE FROM gen_event where id = 1000196;
#打开注释部分
DELETE FROM npc_group where id in (20875,20876);
DELETE FROM gen_event where id in (1000184,1000185);
###################################################
update gen_event set position = "9.28,22.80,74.90",rotation_y = 120 where id = 1000183;

INSERT INTO `npc_group` (`id`, `name`, `req_level`) VALUES 
(20902, '风迹速递NPC旁箱子', 1);

INSERT INTO `gen_event` (`id`, `name`, `mapid`, `event_type`, `event_id`, `path_id`, `flag`, `intask`, `story_id`, `life_time`, `level_id`, `battle_scene`, `position`, `rotation_y`, `scale`) VALUES 
(1000196, '风迹速递NPC旁箱子', 1000, 1, 20902, 0, 0, 0, 0, 0, 0, 0, '8.04,22.79,74.98', 180, 1);


###################################################
#20190529[终焉誓约][任务脚本]【剧情副本】【哀嚎神殿】优化(黄业勤)
#by:黄业勤
#date:2019-05-29
#ERP论坛: http://forum.nderp.99.com/Forum/TopicList-335356.aspx
###################################################
#注释部分
delete from gen_event where id >= 3032303 and id <= 3032319;
delete from npc_group where id in (30646,70040);
delete from valve where id = 1109;
#打开注释部分   删除怪物宝箱相关配置（包括怪物和宝箱配置）
delete from attribute where id in (1000461,1000462);
delete from gen_event where id in (3032126,3032127,3032301,3032302);
delete from monster where id in (1000461,1000462);
delete from monster_group where id in (200437,200438);
delete from npc_group where id in (40204,40205);
###################################################

UPDATE `gen_event` SET `position`='-38.26,-12.51,-63.36' WHERE `id`=3032033;

insert into gen_event(`id`,`name`,`mapid`,`event_type`,`event_id`,`path_id`,`flag`,`intask`,`story_id`,`life_time`,`level_id`,`battle_scene`,`position`,`rotation_y`,`scale`) values
('3032303','火把机关','3032','4','1109','0','0','0','0','0','0','0','2.54,1.97,2.62','0','0.1'),
('3032304','火把机关','3032','4','1109','0','0','0','0','0','0','0','2.54,1.97,-5.09','0','0.1'),
('3032305','火把机关','3032','4','1109','0','0','0','0','0','0','0','-20.51,-2.446,-34.31','0','0.1'),
('3032306','火把机关','3032','4','1109','0','0','0','0','0','0','0','-17.67,-2.446,-34.31','0','0.1'),
('3032307','火把机关','3032','4','1109','0','0','0','0','0','0','0','-27.96,-10.78,-63.72','0','0.1'),
('3032308','火把机关','3032','4','1109','0','0','0','0','0','0','0','-27.96,-10.78,-71.39','0','0.1'),
('3032309','火把机关','3032','4','1109','0','0','0','0','0','0','0','-91.79,-15.52,-53.5','0','0.1'),
('3032310','火把机关','3032','4','1109','0','0','0','0','0','0','0','-91.79,-15.52,-56.06','0','0.1'),
('3032311','火把引导','3032','1','30646','0','0','0','0','0','0','0','0.8,0.05,-1.19','0','1'),
('3032312','火把','3032','1','70040','0','0','0','0','0','0','0','2.54,1.97,2.62','0','2'),
('3032313','火把','3032','1','70040','0','0','0','0','0','0','0','2.54,1.97,-5.09','0','2'),
('3032314','火把','3032','1','70040','0','0','0','0','0','0','0','-20.51,-2.446,-34.31','0','1'),
('3032315','火把','3032','1','70040','0','0','0','0','0','0','0','-17.67,-2.446,-34.31','0','1'),
('3032316','火把','3032','1','70040','0','0','0','0','0','0','0','-27.96,-10.78,-63.72','0','2'),
('3032317','火把','3032','1','70040','0','0','0','0','0','0','0','-27.96,-10.78,-71.39','0','2'),
('3032318','火把','3032','1','70040','0','0','0','0','0','0','0','-91.79,-15.52,-53.5','0','1'),
('3032319','火把','3032','1','70040','0','0','0','0','0','0','0','-91.79,-15.52,-56.06','0','1');


insert into npc_group(`id`,`name`,`req_level`) values
('30646','火把引导','1'),
('70040','','1');

INSERT INTO `valve` (`id`, `valve_status`, `type`) VALUES 
(1109, 2, 1);

###################################################
#20190621[终焉誓约][任务脚本]ERP296770【终焉誓约】【魔族奸细】优化调整--对白调整(林多娜)
#by:林多娜
#date:2019-06-21
#论坛链接:http://forum.nderp.99.com/Forum/TopicList-336248.aspx
###################################################
#注释部分
delete from gen_event where id in (99990092,99990093);
delete from npc_group where id >= 20903 and id <= 20922;
#打开注释部分

###################################################
update gen_event set intask = 1 where id in (99990090,99990091);

insert into npc_group(`id`,`name`,`req_level`) values
('20903','举止怪异的居民','1'),
('20904','蒙面神秘人','1'),
('20905','幽沼祭司','1'),
('20906','哭啼啼的小女孩','1'),
('20907','边防卫兵','1'),
('20908','奇怪的胖叔叔','1'),
('20909','晃晃悠悠的路人','1'),
('20910','东张西望的青年','1'),
('20911','奇怪的人','1'),
('20912','活泼的少女','1'),
('20913','举止怪异的居民','1'),
('20914','蒙面神秘人','1'),
('20915','幽沼祭司','1'),
('20916','哭啼啼的小女孩','1'),
('20917','边防卫兵','1'),
('20918','奇怪的胖叔叔','1'),
('20919','晃晃悠悠的路人','1'),
('20920','东张西望的青年','1'),
('20921','奇怪的人','1'),
('20922','活泼的少女','1');

insert into gen_event(`id`,`name`,`mapid`,`event_type`,`event_id`,`path_id`,`flag`,`intask`,`story_id`,`life_time`,`level_id`,`battle_scene`,`position`,`rotation_y`,`scale`) values
('99990092','魔族奸细第一片区NPC','2001','1','20903','0','1','0','0','0','0','0','','0','1'),
('99990093','魔族奸细第二片区NPC','2003','1','20903','0','1','0','0','0','0','0','','0','1');
###################################################
#20190626[终焉誓约][任务脚本]ERP296770【终焉誓约】【魔族奸细】优化调整--坐标再调整(林多娜)
#by:林多娜
#date:2019-06-26
#论坛链接:http://forum.nderp.99.com/Forum/TopicList-336248.aspx
###################################################
#注释部分

#打开注释部分

###################################################
update times_limit set type_desc = "分享BOSS购买次数每天0点刷新" where id = 15;

###################################################
#20190626[终焉誓约][数据配置]ERP298362【终焉誓约】【探索层野怪】修改(林多娜)
#by:林多娜
#date:2019-06-26
#论坛链接:http://forum.nderp.99.com/Forum/TopicList-338246.aspx
###################################################
#注释部分

#打开注释部分
delete from gen_event where id = 20030239;
delete from monster where id = 1000214;
delete from attribute where id = 1000214;
delete from monster_group where id = 300116;
###################################################




###################################################
#20190626[终焉誓约][数据配置]怪物组数据整理(李宏伟)
#by:李宏伟
#date:2019-06-26
#论坛链接:http://forum.nderp.99.com/Forum/TopicList-337580.aspx
###################################################
#注释部分

#打开注释部分
#删除核心怪错误的GenId
DELETE FROM `gen_event` WHERE `id`in(2001310,2001311,2001312);
#删除核对无用的怪物组
DELETE FROM `monster_group` WHERE `id`in(200070,200081,200084,200087,200089,200092,200107,200108,200180,200334,200335,300020,300023,300024,300030,300031,300041,300042,300044,300052,300061,300062,300063,300077,300079,300080,300081,300082,300152,800193,800194,800195,800196,900121,900122,900123,900139,900140,900187,999991);


###################################################

#更新怪物组名
UPDATE `monster_group` SET `name` = '哥布林格德' WHERE `id` = 200088;
UPDATE `monster_group` SET `name` = '幻阵之魂·冰' WHERE `id` = 200101;
UPDATE `monster_group` SET `name` = '幻阵之魂·火' WHERE `id` = 200102;
UPDATE `monster_group` SET `name` = '幻阵之魂·光' WHERE `id` = 200103;
UPDATE `monster_group` SET `name` = '幻阵之魂·暗' WHERE `id` = 200104;
UPDATE `monster_group` SET `name` = '吞骨沙虫' WHERE `id` = 200133;
UPDATE `monster_group` SET `name` = '沙河虫' WHERE `id` = 200134;
UPDATE `monster_group` SET `name` = '吞骨沙虫' WHERE `id` = 200136;
UPDATE `monster_group` SET `name` = '哥布林探宝哨兵' WHERE `id` = 200138;
UPDATE `monster_group` SET `name` = '异化的改造体' WHERE `id` = 200139;
UPDATE `monster_group` SET `name` = '白眼独狼' WHERE `id` = 200151;
UPDATE `monster_group` SET `name` = '隐雾狐' WHERE `id` = 200152;
UPDATE `monster_group` SET `name` = '碎魂狼王乌迪尔' WHERE `id` = 200156;
UPDATE `monster_group` SET `name` = '亡魂死徒' WHERE `id` = 200165;
UPDATE `monster_group` SET `name` = '白眼独狼' WHERE `id` = 200231;
UPDATE `monster_group` SET `name` = '野蛮孤狼' WHERE `id` = 200232;
UPDATE `monster_group` SET `name` = '野蛮孤狼' WHERE `id` = 200233;
UPDATE `monster_group` SET `name` = '邪冥领主弗德' WHERE `id` = 200286;
UPDATE `monster_group` SET `name` = '苍蓝领主拉弥娅' WHERE `id` = 200287;
UPDATE `monster_group` SET `name` = '石像领主厄迦' WHERE `id` = 200288;
UPDATE `monster_group` SET `name` = '深渊毒角兽' WHERE `id` = 200293;
UPDATE `monster_group` SET `name` = '暗黑骑士' WHERE `id` = 200296;
UPDATE `monster_group` SET `name` = '阔斧鹿角兽' WHERE `id` = 200299;
UPDATE `monster_group` SET `name` = '魔影骑兵' WHERE `id` = 200301;
UPDATE `monster_group` SET `name` = '嗜血死神萨米尔' WHERE `id` = 200302;
UPDATE `monster_group` SET `name` = '蚀魔狐' WHERE `id` = 200305;
UPDATE `monster_group` SET `name` = '杀人蜂' WHERE `id` = 200306;
UPDATE `monster_group` SET `name` = '橙翼蜂' WHERE `id` = 200307;
UPDATE `monster_group` SET `name` = '蓝铠骨魔' WHERE `id` = 200308;
UPDATE `monster_group` SET `name` = '枭鹰领主夏妮' WHERE `id` = 200309;
UPDATE `monster_group` SET `name` = '枭鹰领主夏妮' WHERE `id` = 200310;
UPDATE `monster_group` SET `name` = '锤子团先锋' WHERE `id` = 200320;
UPDATE `monster_group` SET `name` = '伊甸傀从' WHERE `id` = 200326;
UPDATE `monster_group` SET `name` = '伊甸傀从' WHERE `id` = 200327;
UPDATE `monster_group` SET `name` = '伊甸傀从' WHERE `id` = 200328;
UPDATE `monster_group` SET `name` = '贝希摩斯1号' WHERE `id` = 200329;
UPDATE `monster_group` SET `name` = '希波' WHERE `id` = 200330;
UPDATE `monster_group` SET `name` = '哈扎克' WHERE `id` = 200331;
UPDATE `monster_group` SET `name` = '哈扎克' WHERE `id` = 200332;
UPDATE `monster_group` SET `name` = '哈扎克' WHERE `id` = 200333;
UPDATE `monster_group` SET `name` = '索加的魔化灵体' WHERE `id` = 200337;
UPDATE `monster_group` SET `name` = '魔化的改造体' WHERE `id` = 200340;
UPDATE `monster_group` SET `name` = '魔箱兽' WHERE `id` = 200343;
UPDATE `monster_group` SET `name` = '迷失的灵魂' WHERE `id` = 200374;
UPDATE `monster_group` SET `name` = '迷失的灵魂' WHERE `id` = 200375;
UPDATE `monster_group` SET `name` = '迷失的灵魂' WHERE `id` = 200376;
UPDATE `monster_group` SET `name` = '冒险者' WHERE `id` = 200377;
UPDATE `monster_group` SET `name` = '冒险者' WHERE `id` = 200378;
UPDATE `monster_group` SET `name` = '男爵仆从' WHERE `id` = 200381;
UPDATE `monster_group` SET `name` = '男爵仆从' WHERE `id` = 200382;
UPDATE `monster_group` SET `name` = '男爵仆从' WHERE `id` = 200387;
UPDATE `monster_group` SET `name` = '男爵仆从' WHERE `id` = 200388;
UPDATE `monster_group` SET `name` = '黑龙战盾' WHERE `id` = 200399;
UPDATE `monster_group` SET `name` = '黑龙重剑' WHERE `id` = 200410;
UPDATE `monster_group` SET `name` = '黑龙战盾' WHERE `id` = 200411;
UPDATE `monster_group` SET `name` = '机翼钢魂亚玻伦' WHERE `id` = 200413;
UPDATE `monster_group` SET `name` = '黑龙战盾' WHERE `id` = 200414;
UPDATE `monster_group` SET `name` = '黑龙重剑' WHERE `id` = 200415;
UPDATE `monster_group` SET `name` = '黑龙战盾' WHERE `id` = 200417;
UPDATE `monster_group` SET `name` = '美少女合成兽' WHERE `id` = 200418;
UPDATE `monster_group` SET `name` = '魔箱兽' WHERE `id` = 200419;
UPDATE `monster_group` SET `name` = '扬博士' WHERE `id` = 200420;
UPDATE `monster_group` SET `name` = '飞天魔箱帕琪' WHERE `id` = 200422;
UPDATE `monster_group` SET `name` = '贝希摩斯2号' WHERE `id` = 200423;
UPDATE `monster_group` SET `name` = '女巫魔蜂' WHERE `id` = 200425;
UPDATE `monster_group` SET `name` = '黄金战士德克斯' WHERE `id` = 200429;
UPDATE `monster_group` SET `name` = '夜行卫士' WHERE `id` = 200431;
UPDATE `monster_group` SET `name` = '浮士德72' WHERE `id` = 200457;
UPDATE `monster_group` SET `name` = '枭鹰队长奥卡妮' WHERE `id` = 200458;
UPDATE `monster_group` SET `name` = '混沌魔魂' WHERE `id` = 200459;
UPDATE `monster_group` SET `name` = '觉醒魔魂' WHERE `id` = 200460;
UPDATE `monster_group` SET `name` = '赤焰狼王' WHERE `id` = 200461;
UPDATE `monster_group` SET `name` = '惩戒屠夫' WHERE `id` = 200462;
UPDATE `monster_group` SET `name` = '炼狱之主' WHERE `id` = 200463;
UPDATE `monster_group` SET `name` = '孤狼傀儡' WHERE `id` = 200466;
UPDATE `monster_group` SET `name` = '梦魇白狼' WHERE `id` = 200467;
UPDATE `monster_group` SET `name` = '贪狼暴君' WHERE `id` = 200468;
UPDATE `monster_group` SET `name` = '机械毁灭者' WHERE `id` = 200469;
UPDATE `monster_group` SET `name` = '虚拟愤怒' WHERE `id` = 200470;
UPDATE `monster_group` SET `name` = '暗精灵不死者' WHERE `id` = 200472;
UPDATE `monster_group` SET `name` = '暗魂使徒' WHERE `id` = 200473;
UPDATE `monster_group` SET `name` = '荒漠巨人' WHERE `id` = 200477;
UPDATE `monster_group` SET `name` = '斯塔克蝎魔' WHERE `id` = 200479;
UPDATE `monster_group` SET `name` = '咆哮掠夺者' WHERE `id` = 200480;
UPDATE `monster_group` SET `name` = '掠夺暴君' WHERE `id` = 200481;
UPDATE `monster_group` SET `name` = '无魂假面' WHERE `id` = 200486;
UPDATE `monster_group` SET `name` = '失魂人偶' WHERE `id` = 200487;
UPDATE `monster_group` SET `name` = '蛊惑女王' WHERE `id` = 200488;
UPDATE `monster_group` SET `name` = '野蛮死士' WHERE `id` = 200491;
UPDATE `monster_group` SET `name` = '嗜血精英' WHERE `id` = 200492;
UPDATE `monster_group` SET `name` = '部落首领' WHERE `id` = 200493;
UPDATE `monster_group` SET `name` = '萨米尔仿造体' WHERE `id` = 200649;
UPDATE `monster_group` SET `name` = '禁林弓兵' WHERE `id` = 300173;
UPDATE `monster_group` SET `name` = '禁林剑卫' WHERE `id` = 300174;
UPDATE `monster_group` SET `name` = '巨岩守卫' WHERE `id` = 800080;
UPDATE `monster_group` SET `name` = '生命制造者' WHERE `id` = 800081;
UPDATE `monster_group` SET `name` = '爱琪' WHERE `id` = 800082;
UPDATE `monster_group` SET `name` = '亡魂御侍' WHERE `id` = 800083;
UPDATE `monster_group` SET `name` = '暗墓领主' WHERE `id` = 800084;
UPDATE `monster_group` SET `name` = '暗黑战魂' WHERE `id` = 800085;
UPDATE `monster_group` SET `name` = '兰奇' WHERE `id` = 800086;
UPDATE `monster_group` SET `name` = '狡诈鹰后' WHERE `id` = 800087;
UPDATE `monster_group` SET `name` = '远古银铠战士' WHERE `id` = 800088;
UPDATE `monster_group` SET `name` = '黑冥丧尸' WHERE `id` = 800089;
UPDATE `monster_group` SET `name` = '命运邪神' WHERE `id` = 800090;
UPDATE `monster_group` SET `name` = '堕落石像' WHERE `id` = 800091;
UPDATE `monster_group` SET `name` = '机械恐惧' WHERE `id` = 800092;
UPDATE `monster_group` SET `name` = '米兰达' WHERE `id` = 800093;
UPDATE `monster_group` SET `name` = '魅魔分身' WHERE `id` = 800094;
UPDATE `monster_group` SET `name` = '哀嚎石像' WHERE `id` = 800095;
UPDATE `monster_group` SET `name` = '荆棘猎手' WHERE `id` = 800096;
UPDATE `monster_group` SET `name` = '异能丧尸' WHERE `id` = 800097;
UPDATE `monster_group` SET `name` = '幽沼御主' WHERE `id` = 800098;
UPDATE `monster_group` SET `name` = '武装领主' WHERE `id` = 800099;
UPDATE `monster_group` SET `name` = '爱琳娜' WHERE `id` = 800100;
UPDATE `monster_group` SET `name` = '温丽' WHERE `id` = 800101;
UPDATE `monster_group` SET `name` = '爱琪' WHERE `id` = 800102;
UPDATE `monster_group` SET `name` = '西蒙' WHERE `id` = 800103;
UPDATE `monster_group` SET `name` = '阿德琳' WHERE `id` = 800104;
UPDATE `monster_group` SET `name` = '爱琳娜' WHERE `id` = 800105;
UPDATE `monster_group` SET `name` = '夜崎隐' WHERE `id` = 800106;
UPDATE `monster_group` SET `name` = '乔伊' WHERE `id` = 800107;
UPDATE `monster_group` SET `name` = '无言守将' WHERE `id` = 800108;
UPDATE `monster_group` SET `name` = '荒漠蝎王' WHERE `id` = 800109;
UPDATE `monster_group` SET `name` = '愤怒之誓' WHERE `id` = 800110;
UPDATE `monster_group` SET `name` = '冷漠蝎后' WHERE `id` = 800111;
UPDATE `monster_group` SET `name` = '追梦少女' WHERE `id` = 800112;
UPDATE `monster_group` SET `name` = '虚无梦魔' WHERE `id` = 800113;
UPDATE `monster_group` SET `name` = '葛莱蒂丝' WHERE `id` = 800114;
UPDATE `monster_group` SET `name` = '游荡亡灵' WHERE `id` = 800124;
UPDATE `monster_group` SET `name` = '森林狩猎者' WHERE `id` = 800125;
UPDATE `monster_group` SET `name` = '白眼独狼' WHERE `id` = 800126;
UPDATE `monster_group` SET `name` = '哥布林统领里科' WHERE `id` = 800127;
UPDATE `monster_group` SET `name` = '北方暴君纳森' WHERE `id` = 800128;
UPDATE `monster_group` SET `name` = '魔化阿噗哈姆' WHERE `id` = 800129;
UPDATE `monster_group` SET `name` = '哈扎克' WHERE `id` = 800130;
UPDATE `monster_group` SET `name` = '侍灵骑士亚斯' WHERE `id` = 800131;
UPDATE `monster_group` SET `name` = '游荡亡灵' WHERE `id` = 800132;
UPDATE `monster_group` SET `name` = '游荡亡灵' WHERE `id` = 800133;
UPDATE `monster_group` SET `name` = '敏锐蜂后' WHERE `id` = 800134;
UPDATE `monster_group` SET `name` = '密林荆棘' WHERE `id` = 800135;
UPDATE `monster_group` SET `name` = '原野石魂' WHERE `id` = 800136;
UPDATE `monster_group` SET `name` = '无限魔导' WHERE `id` = 800137;
UPDATE `monster_group` SET `name` = '神秘庄园主' WHERE `id` = 800138;
UPDATE `monster_group` SET `name` = '幻想者6号' WHERE `id` = 800139;
UPDATE `monster_group` SET `name` = '木禅' WHERE `id` = 800140;
UPDATE `monster_group` SET `name` = '绝望舞姬' WHERE `id` = 800141;
UPDATE `monster_group` SET `name` = '铁律刑官' WHERE `id` = 800142;
UPDATE `monster_group` SET `name` = '恸哭盲女' WHERE `id` = 800143;
UPDATE `monster_group` SET `name` = '邪恶使徒' WHERE `id` = 800144;
UPDATE `monster_group` SET `name` = '残暴蝎王' WHERE `id` = 800145;
UPDATE `monster_group` SET `name` = '禁锢怨魂' WHERE `id` = 800146;
UPDATE `monster_group` SET `name` = '爱琳娜' WHERE `id` = 800147;
UPDATE `monster_group` SET `name` = '异蜂长老' WHERE `id` = 800148;
UPDATE `monster_group` SET `name` = '卡诺萨卫兵' WHERE `id` = 800149;
UPDATE `monster_group` SET `name` = '任性法师' WHERE `id` = 800150;
UPDATE `monster_group` SET `name` = '剑魂' WHERE `id` = 800151;
UPDATE `monster_group` SET `name` = '赤子之心' WHERE `id` = 800152;
UPDATE `monster_group` SET `name` = '捣蛋机械' WHERE `id` = 800153;
UPDATE `monster_group` SET `name` = '温丽' WHERE `id` = 800154;
UPDATE `monster_group` SET `name` = '游乐女巫' WHERE `id` = 800155;
UPDATE `monster_group` SET `name` = '飞翼石像' WHERE `id` = 800156;
UPDATE `monster_group` SET `name` = '幽影刺客' WHERE `id` = 800157;
UPDATE `monster_group` SET `name` = '恶魔法师' WHERE `id` = 800158;
UPDATE `monster_group` SET `name` = '火舞女爵' WHERE `id` = 800159;
UPDATE `monster_group` SET `name` = '财迷熊' WHERE `id` = 800160;
UPDATE `monster_group` SET `name` = '檐鬼' WHERE `id` = 800161;
UPDATE `monster_group` SET `name` = '困懒石像' WHERE `id` = 800162;
UPDATE `monster_group` SET `name` = '权谋之师' WHERE `id` = 800163;
UPDATE `monster_group` SET `name` = '怒魂监管者' WHERE `id` = 800164;
UPDATE `monster_group` SET `name` = '贪婪博士' WHERE `id` = 800165;
UPDATE `monster_group` SET `name` = '暴食棕熊' WHERE `id` = 800166;
UPDATE `monster_group` SET `name` = '欲望号3型' WHERE `id` = 800167;
UPDATE `monster_group` SET `name` = '西蒙' WHERE `id` = 800168;
UPDATE `monster_group` SET `name` = '骁勇骑士长' WHERE `id` = 800169;
UPDATE `monster_group` SET `name` = '暗潮蝎王' WHERE `id` = 800170;
UPDATE `monster_group` SET `name` = '无名剑神' WHERE `id` = 800171;
UPDATE `monster_group` SET `name` = '蝎族守护神' WHERE `id` = 800172;
UPDATE `monster_group` SET `name` = '诫律魔使' WHERE `id` = 800173;
UPDATE `monster_group` SET `name` = '女王忠仆' WHERE `id` = 800174;
UPDATE `monster_group` SET `name` = '爱琪' WHERE `id` = 800175;
UPDATE `monster_group` SET `name` = '渴血毒蜂' WHERE `id` = 800176;
UPDATE `monster_group` SET `name` = '瘟疫感染者' WHERE `id` = 800177;
UPDATE `monster_group` SET `name` = '魔眼石像' WHERE `id` = 800178;
UPDATE `monster_group` SET `name` = '特型情报机' WHERE `id` = 800179;
UPDATE `monster_group` SET `name` = '幽灵骑士' WHERE `id` = 800180;
UPDATE `monster_group` SET `name` = '涡轮机器人' WHERE `id` = 800181;
UPDATE `monster_group` SET `name` = '爱琳娜' WHERE `id` = 800182;
UPDATE `monster_group` SET `name` = '魅影女王' WHERE `id` = 800183;
UPDATE `monster_group` SET `name` = '赤焰之主' WHERE `id` = 800184;
UPDATE `monster_group` SET `name` = '幽沼祭司' WHERE `id` = 800185;
UPDATE `monster_group` SET `name` = '罪灵女巫' WHERE `id` = 800186;
UPDATE `monster_group` SET `name` = '石像领主' WHERE `id` = 800187;
UPDATE `monster_group` SET `name` = '劫掠战魂' WHERE `id` = 800188;
UPDATE `monster_group` SET `name` = '狂妄暴魂' WHERE `id` = 800189;
UPDATE `monster_group` SET `name` = '寂灭铁骑' WHERE `id` = 800190;
UPDATE `monster_group` SET `name` = '丧钟傀儡' WHERE `id` = 800191;
UPDATE `monster_group` SET `name` = '独角狂战' WHERE `id` = 800192;
UPDATE `monster_group` SET `name` = '蓝色半鱼人' WHERE `id` = 900146;
UPDATE `monster_group` SET `name` = '甜品大盗' WHERE `id` = 900151;
UPDATE `monster_group` SET `name` = '森林巨熊' WHERE `id` = 900180;
UPDATE `monster_group` SET `name` = '边陲沙狐' WHERE `id` = 900189;
UPDATE `monster_group` SET `name` = '???' WHERE `id` = 900198;
UPDATE `monster_group` SET `name` = '白狼领主雷加' WHERE `id` = 900224;
UPDATE `monster_group` SET `name` = '暗夜蔷薇维拉' WHERE `id` = 900225;
UPDATE `monster_group` SET `name` = '永夜鱼龙' WHERE `id` = 900230;
UPDATE `monster_group` SET `name` = '强盗贝拉' WHERE `id` = 900236;
UPDATE `monster_group` SET `name` = '武装狼人' WHERE `id` = 900237;
UPDATE `monster_group` SET `name` = '暗骑首领' WHERE `id` = 900240;
UPDATE `monster_group` SET `name` = '巨人首领' WHERE `id` = 900242;
UPDATE `monster_group` SET `name` = '丛林开膛手杰斯' WHERE `id` = 900247;
UPDATE `monster_group` SET `name` = '巨骨熊' WHERE `id` = 900261;
UPDATE `monster_group` SET `name` = '魔物' WHERE `id` = 900262;
UPDATE `monster_group` SET `name` = '异化的改造体' WHERE `id` = 900263;
UPDATE `monster_group` SET `name` = '黑色荆棘米莱' WHERE `id` = 900264;
UPDATE `monster_group` SET `name` = '亡魂死徒' WHERE `id` = 900265;
UPDATE `monster_group` SET `name` = '亡魂死士' WHERE `id` = 900266;
UPDATE `monster_group` SET `name` = '混乱魔灵' WHERE `id` = 900290;
UPDATE `monster_group` SET `name` = '偷猎者' WHERE `id` = 900291;
UPDATE `monster_group` SET `name` = '荒漠鹿角兽' WHERE `id` = 900293;
UPDATE `monster_group` SET `name` = '魔斧鹿角兽' WHERE `id` = 900294;
UPDATE `monster_group` SET `name` = '墓穴巨人' WHERE `id` = 900295;
UPDATE `monster_group` SET `name` = '宝藏守卫' WHERE `id` = 900296;
UPDATE `monster_group` SET `name` = '被魔化的熊人' WHERE `id` = 900297;
UPDATE `monster_group` SET `name` = '嗜血战魂' WHERE `id` = 900307;
UPDATE `monster_group` SET `name` = '宝藏盗贼' WHERE `id` = 900309;
UPDATE `monster_group` SET `name` = '黑商头目' WHERE `id` = 900313;
UPDATE `monster_group` SET `name` = '边陲沙狐' WHERE `id` = 900330;
UPDATE `monster_group` SET `name` = '边陲武士' WHERE `id` = 900332;
UPDATE `monster_group` SET `name` = '不死丧尸' WHERE `id` = 900346;
UPDATE `monster_group` SET `name` = '装甲角巨人' WHERE `id` = 900349;
UPDATE `monster_group` SET `name` = '鹿角兽' WHERE `id` = 900361;
UPDATE `monster_group` SET `name` = '鹿角兽队长' WHERE `id` = 900363;
UPDATE `monster_group` SET `name` = '鹿角兽' WHERE `id` = 900364;
UPDATE `monster_group` SET `name` = '混乱魔灵' WHERE `id` = 900368;
UPDATE `monster_group` SET `name` = '毒蝎怪' WHERE `id` = 900370;
UPDATE `monster_group` SET `name` = '永夜魔灵' WHERE `id` = 900377;
UPDATE `monster_group` SET `name` = '枭鹰' WHERE `id` = 900384;
UPDATE `monster_group` SET `name` = '乔斯朗' WHERE `id` = 900398;
UPDATE `monster_group` SET `name` = '怒戮熊人' WHERE `id` = 900442;
UPDATE `monster_group` SET `name` = '偷猎者布德' WHERE `id` = 900443;
UPDATE `monster_group` SET `name` = '碎岩巨人' WHERE `id` = 900445;
UPDATE `monster_group` SET `name` = '鱼妖奥布里' WHERE `id` = 900446;
UPDATE `monster_group` SET `name` = '异尾渔狐' WHERE `id` = 900447;
UPDATE `monster_group` SET `name` = '深海巨魔雷迪' WHERE `id` = 900449;
UPDATE `monster_group` SET `name` = '枭鹰族使者' WHERE `id` = 900458;
UPDATE `monster_group` SET `name` = '枯叶蜂蜂王' WHERE `id` = 900459;
UPDATE `monster_group` SET `name` = '巨石守卫' WHERE `id` = 900460;
UPDATE `monster_group` SET `name` = '宝箱暗灵' WHERE `id` = 900461;
UPDATE `monster_group` SET `name` = '飞翼石像' WHERE `id` = 900462;
UPDATE `monster_group` SET `name` = '克林博士' WHERE `id` = 900464;
UPDATE `monster_group` SET `name` = '纳雅勤卫兵' WHERE `id` = 900465;
UPDATE `monster_group` SET `name` = '纳雅勤卫队长' WHERE `id` = 900466;
UPDATE `monster_group` SET `name` = '沙海苍鹰伊妮' WHERE `id` = 900469;
UPDATE `monster_group` SET `name` = '暗夜魔导师特里' WHERE `id` = 900470;
UPDATE `monster_group` SET `name` = '审判侍从伊戈尔' WHERE `id` = 900471;
UPDATE `monster_group` SET `name` = '荒漠领主纳伏' WHERE `id` = 900472;
UPDATE `monster_group` SET `name` = '迷梦蛛王黛娜' WHERE `id` = 900473;
UPDATE `monster_group` SET `name` = '梦魇女巫薇拉' WHERE `id` = 900474;
UPDATE `monster_group` SET `name` = '莽荒战神肖恩' WHERE `id` = 900475;
UPDATE `monster_group` SET `name` = '妖媚舞姬凯琳' WHERE `id` = 900476;
UPDATE `monster_group` SET `name` = '枯骨毒蜂克莱尔' WHERE `id` = 900477;
UPDATE `monster_group` SET `name` = '骑士副官索隆' WHERE `id` = 900478;
UPDATE `monster_group` SET `name` = '石翼暴君沃冈' WHERE `id` = 900479;
UPDATE `monster_group` SET `name` = '邪灵法师艾德' WHERE `id` = 900480;
UPDATE `monster_group` SET `name` = '丧魂暴君亚尔林' WHERE `id` = 900481;
UPDATE `monster_group` SET `name` = '秘巫使徒洛兰' WHERE `id` = 900482;
UPDATE `monster_group` SET `name` = '恶魔之子巴特莱' WHERE `id` = 900483;
UPDATE `monster_group` SET `name` = '熊人首领詹森' WHERE `id` = 900484;
UPDATE `monster_group` SET `name` = '战魂统领马修' WHERE `id` = 900485;
UPDATE `monster_group` SET `name` = '赤角狂兽卡拉' WHERE `id` = 900486;
UPDATE `monster_group` SET `name` = '爆炎男爵罗德森' WHERE `id` = 900487;
UPDATE `monster_group` SET `name` = '欲望男爵舒克' WHERE `id` = 900488;
UPDATE `monster_group` SET `name` = '暮夜蜂王伊娃' WHERE `id` = 900489;
UPDATE `monster_group` SET `name` = '狂战指挥官里奥' WHERE `id` = 900490;
UPDATE `monster_group` SET `name` = '尖啸游隼赫达' WHERE `id` = 900491;
UPDATE `monster_group` SET `name` = '狂乱研究者托斯' WHERE `id` = 900492;
UPDATE `monster_group` SET `name` = '暗幕蝎王巴扎' WHERE `id` = 900493;
UPDATE `monster_group` SET `name` = '深渊领主桑德拉' WHERE `id` = 900494;
UPDATE `monster_group` SET `name` = '暗黑骑士长韦伯' WHERE `id` = 900495;
UPDATE `monster_group` SET `name` = '魅魔使徒莉塔' WHERE `id` = 900496;
UPDATE `monster_group` SET `name` = '铁骑领主劳伦' WHERE `id` = 900497;
UPDATE `monster_group` SET `name` = '枭鹰霸主希尔达' WHERE `id` = 900498;
UPDATE `monster_group` SET `name` = '武装劫掠者兰迪' WHERE `id` = 900499;
UPDATE `monster_group` SET `name` = '宿命穿刺者艾斯' WHERE `id` = 900500;
UPDATE `monster_group` SET `name` = '利斧战魔阿卡萨' WHERE `id` = 900501;
UPDATE `monster_group` SET `name` = '邪恶研究者伊文' WHERE `id` = 900502;
UPDATE `monster_group` SET `name` = '腐蚀毒蜂德琳' WHERE `id` = 900503;
UPDATE `monster_group` SET `name` = '暗鸦领主艾因' WHERE `id` = 900504;
UPDATE `monster_group` SET `name` = '瘟疫传播者柏格' WHERE `id` = 900505;
UPDATE `monster_group` SET `name` = '月夜恶鬼桑德拉' WHERE `id` = 900506;
UPDATE `monster_group` SET `name` = '森林领主托尔斯' WHERE `id` = 900507;
UPDATE `monster_group` SET `name` = '雾隐猎手莉莉安' WHERE `id` = 900508;
UPDATE `monster_group` SET `name` = '鬼魅魔蛛贝斯' WHERE `id` = 900509;
UPDATE `monster_group` SET `name` = '巨熊领主提坦' WHERE `id` = 900510;
UPDATE `monster_group` SET `name` = '夜雾巨人巴伦' WHERE `id` = 900511;
UPDATE `monster_group` SET `name` = '幻雾狂魔伯尼' WHERE `id` = 900512;
UPDATE `monster_group` SET `name` = '灾祸舞动者雅丽' WHERE `id` = 900513;
UPDATE `monster_group` SET `name` = '岩窟食人魔布尔' WHERE `id` = 900514;
UPDATE `monster_group` SET `name` = '飞翼魔鹰黛西' WHERE `id` = 900515;
UPDATE `monster_group` SET `name` = '狂热复仇者克罗' WHERE `id` = 900516;
UPDATE `monster_group` SET `name` = '叶刃毒蜂佩丝' WHERE `id` = 900517;
UPDATE `monster_group` SET `name` = '白银惩戒者奥布' WHERE `id` = 900518;
UPDATE `monster_group` SET `name` = '月冥女巫菲丽丝' WHERE `id` = 900519;
UPDATE `monster_group` SET `name` = '恐惧战魂阿尔奇' WHERE `id` = 900520;
UPDATE `monster_group` SET `name` = '泥沼蝎王班奈特' WHERE `id` = 900521;
UPDATE `monster_group` SET `name` = '熔火战骑凯文' WHERE `id` = 900522;
UPDATE `monster_group` SET `name` = '地穴石魔波特' WHERE `id` = 900523;
UPDATE `monster_group` SET `name` = '不死追寻者班森' WHERE `id` = 900524;
UPDATE `monster_group` SET `name` = '毁灭践踏者巴顿' WHERE `id` = 900525;
UPDATE `monster_group` SET `name` = '苦痛荆棘塞拉' WHERE `id` = 900526;
UPDATE `monster_group` SET `name` = '天灾使魔洛特' WHERE `id` = 900527;
UPDATE `monster_group` SET `name` = '狂暴战熊安迪' WHERE `id` = 900528;

###################################################
#20190627[终焉誓约][数据配置]圣界来袭物品bug修复(孟志远)
#by:孟志远
#date:2019-06-27
#论坛链接:http://forum.nderp.99.com/Forum/TopicList-333629.aspx
###################################################
#注释部分
delete from itemtype where id = 18;
#打开注释部分

###################################################
insert into itemtype(`id`,`name`,`sort`,`amount_limit`,`flag`,`price`,`awardid`,`actionid`) values
('18','圣界来袭积分','0','0','0','0','0','0');

###################################################
#20190606[终焉誓约][任务脚本]佣兵悬赏任务第三期流程制作与数据配置(林多娜)
#by:林多娜
#date:2019-06-06
###################################################
#注释部分
delete from attribute where id >= 9000574 and id <= 9000612;
delete from monster where id >= 9000574 and id <= 9000612;
delete from monster_group where id >= 900530 and id <= 900549;
delete from task_index where taskid >= 40252 and taskid <= 40311;
delete from gen_event where id >= 20050290 and id <= 20050309;
delete from award_acquire where award_id >= 2000450 and award_id <= 2000479;
#打开注释部分

###################################################

insert into attribute(`id`,`life`,`phy_atk`,`mgc_atk`,`phy_def`,`mgc_def`,`life_add`,`phy_atk_add`,`mgc_atk_add`,`phy_def_add`,`mgc_def_add`,`hit_rate`,`dodge_rate`,`critical_rate`,`critical_dmg`,`critical_def`,`parry_rate`,`parry_def`,`hitbreak_rate`,`hitback_xp`,`dmg_add`,`dmg_cut`,`ice_atk`,`fire_atk`,`dark_atk`,`light_atk`,`ice_def`,`fire_def`,`light_def`,`dark_def`) values
('9000574','366743','22472','22472','8988','8988','0','0','0','0','0','10000','500','1000','5000','0','500','3000','0','0','0','0','0','0','0','0','0','0','0','0'),
('9000575','256720','22472','22472','8988','8988','0','0','0','0','0','10000','500','1000','5000','0','500','3000','0','0','0','0','0','0','0','0','0','0','0','0'),
('9000576','374266','22933','22933','9173','9173','0','0','0','0','0','10000','500','1000','5000','0','500','3000','0','0','0','0','0','0','0','0','0','0','0','0'),
('9000577','374266','22933','22933','9173','9173','0','0','0','0','0','10000','500','1000','5000','0','500','3000','0','0','0','0','0','0','0','0','0','0','0','0'),
('9000578','374266','22933','22933','9173','9173','0','0','0','0','0','10000','500','1000','5000','0','500','3000','0','0','0','0','0','0','0','0','0','0','0','0'),
('9000579','959602','23348','23348','9339','9339','0','0','0','0','0','10000','500','1000','5000','0','500','3000','0','0','0','0','0','0','0','0','0','0','0','0'),
('9000580','391584','23819','23819','9527','9527','0','0','0','0','0','10000','500','1000','5000','0','500','3000','0','0','0','0','0','0','0','0','0','0','0','0'),
('9000581','391584','23819','23819','9527','9527','0','0','0','0','0','10000','500','1000','5000','0','500','3000','0','0','0','0','0','0','0','0','0','0','0','0'),
('9000582','391584','23819','23819','9527','9527','0','0','0','0','0','10000','500','1000','5000','0','500','3000','0','0','0','0','0','0','0','0','0','0','0','0'),
('9000583','401596','24251','24251','9700','9700','0','0','0','0','0','10000','500','1000','5000','0','500','3000','0','0','0','0','0','0','0','0','0','0','0','0'),
('9000584','401596','24251','24251','9700','9700','0','0','0','0','0','10000','500','1000','5000','0','500','3000','0','0','0','0','0','0','0','0','0','0','0','0'),
('9000585','532193','24721','24721','9888','9888','0','0','0','0','0','10000','500','1000','5000','0','500','3000','0','0','0','0','0','0','0','0','0','0','0','0'),
('9000586','409379','24721','24721','9888','9888','0','0','0','0','0','10000','500','1000','5000','0','500','3000','0','0','0','0','0','0','0','0','0','0','0','0'),
('9000587','839204','25156','25156','10062','10062','0','0','0','0','0','10000','500','1000','5000','0','500','3000','0','0','0','0','0','0','0','0','0','0','0','0'),
('9000588','641412','25636','25636','10254','10254','0','0','0','0','0','10000','500','1000','5000','0','500','3000','0','0','0','0','0','0','0','0','0','0','0','0'),
('9000589','213804','25636','25636','10254','10254','0','0','0','0','0','10000','500','1000','5000','0','500','3000','0','0','0','0','0','0','0','0','0','0','0','0'),
('9000590','350622','26088','26088','10435','10435','0','0','0','0','0','10000','500','1000','5000','0','500','3000','0','0','0','0','0','0','0','0','0','0','0','0'),
('9000591','446527','26579','26579','10631','10631','0','0','0','0','0','10000','500','1000','5000','0','500','3000','0','0','0','0','0','0','0','0','0','0','0','0'),
('9000592','446527','26579','26579','10631','10631','0','0','0','0','0','10000','500','1000','5000','0','500','3000','0','0','0','0','0','0','0','0','0','0','0','0'),
('9000593','446527','26579','26579','10631','10631','0','0','0','0','0','10000','500','1000','5000','0','500','3000','0','0','0','0','0','0','0','0','0','0','0','0'),
('9000594','549162','27047','27047','10818','10818','0','0','0','0','0','10000','500','1000','5000','0','500','3000','0','0','0','0','0','0','0','0','0','0','0','0'),
('9000595','457635','27047','27047','10818','10818','0','0','0','0','0','10000','500','1000','5000','0','500','3000','0','0','0','0','0','0','0','0','0','0','0','0'),
('9000596','839001','27548','27548','11019','11019','0','0','0','0','0','10000','500','1000','5000','0','500','3000','0','0','0','0','0','0','0','0','0','0','0','0'),
('9000597','477733','28036','28036','11214','11214','0','0','0','0','0','10000','500','1000','5000','0','500','3000','0','0','0','0','0','0','0','0','0','0','0','0'),
('9000598','477733','28036','28036','11214','11214','0','0','0','0','0','10000','500','1000','5000','0','500','3000','0','0','0','0','0','0','0','0','0','0','0','0'),
('9000599','389166','28548','28548','11419','11419','0','0','0','0','0','10000','500','1000','5000','0','500','3000','0','0','0','0','0','0','0','0','0','0','0','0'),
('9000600','486457','28548','28548','11419','11419','0','0','0','0','0','10000','500','1000','5000','0','500','3000','0','0','0','0','0','0','0','0','0','0','0','0'),
('9000601','495165','29059','29059','11623','11623','0','0','0','0','0','10000','500','1000','5000','0','500','3000','0','0','0','0','0','0','0','0','0','0','0','0'),
('9000602','495165','29059','29059','11623','11623','0','0','0','0','0','10000','500','1000','5000','0','500','3000','0','0','0','0','0','0','0','0','0','0','0','0'),
('9000603','495165','29059','29059','11623','11623','0','0','0','0','0','10000','500','1000','5000','0','500','3000','0','0','0','0','0','0','0','0','0','0','0','0'),
('9000604','659558','29566','29566','11826','11826','0','0','0','0','0','10000','500','1000','5000','0','500','3000','0','0','0','0','0','0','0','0','0','0','0','0'),
('9000605','507352','29566','29566','11826','11826','0','0','0','0','0','10000','500','1000','5000','0','500','3000','0','0','0','0','0','0','0','0','0','0','0','0'),
('9000606','929018','30077','30077','12030','12030','0','0','0','0','0','10000','500','1000','5000','0','500','3000','0','0','0','0','0','0','0','0','0','0','0','0'),
('9000607','419912','30588','30588','12235','12235','0','0','0','0','0','10000','500','1000','5000','0','500','3000','0','0','0','0','0','0','0','0','0','0','0','0'),
('9000608','524890','30588','30588','12235','12235','0','0','0','0','0','10000','500','1000','5000','0','500','3000','0','0','0','0','0','0','0','0','0','0','0','0'),
('9000609','524890','30588','30588','12235','12235','0','0','0','0','0','10000','500','1000','5000','0','500','3000','0','0','0','0','0','0','0','0','0','0','0','0'),
('9000610','429995','31105','31105','12442','12442','0','0','0','0','0','10000','500','1000','5000','0','500','3000','0','0','0','0','0','0','0','0','0','0','0','0'),
('9000611','537494','31105','31105','12442','12442','0','0','0','0','0','10000','500','1000','5000','0','500','3000','0','0','0','0','0','0','0','0','0','0','0','0'),
('9000612','819771','31627','31627','12650','12650','0','0','0','0','0','10000','500','1000','5000','0','500','3000','0','0','0','0','0','0','0','0','0','0','0','0');


insert into monster(`id`,`name`,`attr_type`,`type`,`sex`,`family`,`profession`,`level`,`attr_id`,`special_effects`,`own_skills`,`skill_que`,`skill_vis`,`skill_loop_que`,`skill_que_vis`,`action_id`) values
('9000574','锐斧战魔安德鲁','0','1','1','6','1','54','9000574','1601','1003501;1003502;1003503;1003504','0,1,2,3','0','3,1,2;1,0,2,3;2,0,1,3','0','0'),
('9000575','密林开膛手','0','1','1','2','1','54','9000575','1612;1627','1004201;1004202;1004203','0,1,0,2;1,0,1,2','0','0,1,2;1,0,1,0,2;0,1,1;1,0,1,2','0','0'),
('9000576','实验合成兽巴德','0','1','1','6','1','54','9000576','1610','1003301;1003302;1003303','0,1,2;0,0,2','0','0,1,2;1,0,1,0,2','0','0'),
('9000577','使徒','0','1','1','6','2','54','9000577','1627','900101;900102;900103;900104','2,1,3;0,1,1','0','0,1,2;0,2,1,3;0,1,1','0','0'),
('9000578','夺命蜂','0','1','1','2','1','54','9000578','1643','1002501;1002502;1002503','0,1,0,2;1,0,1,2','0','0,1,2;1,0,1,0,2;0,1,1;1,0,1,2','0','0'),
('9000579','林地红魔阿诺德','0','1','1','6','2','55','9000579','1619;1618','900001;900002;900003;900004','2,1,3;0,1,1','0','0,1,2;0,2,1,3;0,1,1','0','0'),
('9000580','砾风游贼班森','0','1','1','4','1','55','9000580','1011;1041','1003201;1003202','0,1','0','0,0,1;0,1','0','0'),
('9000581','蛊惑者','0','1','1','4','1','55','9000581','1021;1041','1003201;1003202','0,1','0','0,0,1;0,1','0','0'),
('9000582','绝世舞姬','0','1','1','4','1','55','9000582','1021;1031','1002201;1002202;1002203','0,1,2;1,0,1,2','0','0,1,2;1,0,1,0,2;0,1,1;1,0,1,2','0','0'),
('9000583','荆刺蜂后塞拉','0','1','1','2','1','56','9000583','1622;1637','1002501;1002502;1002503','0,1,0,2;1,0,1,2','0','0,1,2;1,0,1,0,2;0,1,1;1,0,1,2','0','0'),
('9000584','荆刺魔蜂','0','1','1','2','1','56','9000584','1622;1637;1631','1004201;1004202;1004203','0,1,0,2;1,0,1,2','0','0,1,2;1,0,1,0,2;0,1,1;1,0,1,2','0','0'),
('9000585','海上掠夺者格纳','0','1','1','1','1','56','9000585','1618;1621','1001201;1001202;1001203','2,0,1,0;0,1,2','0','2,0,1,0;0,1,2','0','0'),
('9000586','狂魔兽','0','1','1','6','1','56','9000586','1605;1627','1003301;1003302;1003303','0,1,2;0,0,2','0','0,1,2;1,0,1,0,2','0','0'),
('9000587','钢羽枭鹰伊伦','0','1','1','1','1','57','9000587','1011;1637','1002501;1002502;1002503','0,1,0,2;1,0,1,2','0','0,1,2;1,0,1,0,2;0,1,1;1,0,1,2','0','0'),
('9000588','邪能研究者格纳','0','1','1','4','1','57','9000588','1618;1644','1001601;1001602;1001603','0,1,2','0','0,1,0,2;0,1,2','0','0'),
('9000589','邪能战甲','0','1','1','6','2','57','9000589','1602;1626','900201;900202;900203;900204','0,1,2,3;1,0,2,1','0','0,2,1,3;0,1,2;0,1,1;1,2,3;1,0,2,1','0','0'),
('9000590','暮夜魔蝎洛兹','0','1','1','2','1','58','9000590','1611;1636','1002701;1002702;1002703','0,1,2;0,0,1,2','0','0,1,1;0,1,2','0','0'),
('9000591','翼魔统领塞曼','0','1','1','6','2','58','9000591','1641;1616','900201;900202;900203;900204','0,1,2,3;1,0,2,1','0','0,2,1,3;0,1,2;0,1,1;1,2,3;1,0,2,1','0','0'),
('9000592','狂魔者','0','1','1','6','1','58','9000592','1640;1617','1003501;1003502;1003503;1003504','0,1,2,3','0','3,1,2;1,0,2,3;2,0,1,3','0','0'),
('9000593','罪恶女巫','0','1','1','6','2','58','9000593','1607','1005701;1005702;1005703;1005704','2,3;0,1,2','0','0,1,2;0,1;2,3','0','0'),
('9000594','密林怪盗贝克勒','0','1','1','4','1','59','9000594','1021;1622;1618','1003201;1003202','0,1','0','0,0,1;0,1','0','0'),
('9000595','密林先锋','0','1','1','4','1','59','9000595','1021;1609','5200801;5200802;5200803','0,1;0,0,2','0','0,1;0,0,2;0,1;0,1,2,2;0','0','0'),
('9000596','亡魂低语者埃莉','0','1','1','6','1','59','9000596','1635;1636','1003701;1003702;1003703;1003704','0,1,2,3','0','0,1,2,3','0','0'),
('9000597','暗金领主维恩','0','1','1','4','1','60','9000597','1041;1609','5200801;5200802;5200803','0,1;0,0,2','0','0,1;0,0,2;0,1;0,1,2,2;0','0','0'),
('9000598','蛊惑者','0','1','1','4','1','60','9000598','1031;1609','1002201;1002202;1002203','0,1,2;1,0,1,2','0','0,1,2;1,0,1,0,2;0,1,1;1,0,1,2','0','0'),
('9000599','风啸游隼丽丝','0','1','1','1','1','60','9000599','1604;1612','1002501;1002502;1002503','0,1,0,2;1,0,1,2','0','0,1,2;1,0,1,0,2;0,1,1;1,0,1,2','0','0'),
('9000600','狂魔兽','0','1','1','6','1','60','9000600','1605;1622;1627','1003301;1003302;1003303','0,1,2;0,0,2','0','0,1,2;1,0,1,0,2','0','0'),
('9000601','强袭战狼斯塔克','0','1','1','1','1','60','9000601','1021;1639','1002601;1002602;1002603','0,1,0,2;1,0,1,2','0','0,1,2;1,0,1,0,2;0,1,1;1,0,1,2','0','0'),
('9000602','强袭魔蜂','0','1','1','2','1','60','9000602','1021;1643','1002501;1002502;1002503','0,1,0,2;1,0,1,2','0','0,1,2;1,0,1,0,2;0,1,1;1,0,1,2','0','0'),
('9000603','强袭魔蜂','0','1','1','2','1','60','9000603','1021;1643','1002501;1002502;1002503','0,1,0,2;1,0,1,2','0','0,1,2;1,0,1,0,2;0,1,1;1,0,1,2','0','0'),
('9000604','荒地魔蝎尼斯','0','1','1','2','1','61','9000604','1604;1634','1002701;1002702;1002703','0,1,2;0,2','0','0,0,1,2;0,2;0,1,2','0','0'),
('9000605','魔物仆从','0','1','1','4','1','61','9000605','1605;1609','5200301;5200302','1,0,0,1;0,1,1','0','0,1,1;1,0,0,1','0','0'),
('9000606','烈炎斧兽尼尔斯','0','1','1','6','1','61','9000606','1021;1610;1622','1003601;1003602;1003603;1003604','0,1,2,3','0','0,1,2,3','0','0'),
('9000607','猩红先驱者欧文','0','1','1','4','1','61','9000607','1601','1001601;1001602;1001603','0,1,2','0','0,1,0,2;0,1,2','0','0'),
('9000608','使徒','0','1','1','6','2','61','9000608','1011;1627','900101;900102;900103;900104','2,1,3;0,1,1','0','0,1,2;0,2,1,3;0,1,1','0','0'),
('9000609','鱼妖','0','1','1','5','1','61','9000609','1607;1643','1002001;1002002;1002003','0,1,2','0','0,1,0,2;0,1,2;0,2,1,2;0,1,2','0','0'),
('9000610','枯木蜂王艾蕾','0','1','1','2','1','62','9000610','1021;1612','1004201;1004202;1004203','0,1,0,2;1,0,1,2','0','0,1,2;1,0,1,0,2;0,1,1;1,0,1,2','0','0'),
('9000611','丛林卫士','0','1','1','4','1','62','9000611','1021;1609','5200801;5200802;5200803','0,1;0,0,2','0','0,1;0,0,2;0,1;0,1,2,2;0','0','0'),
('9000612','暗夜邪魔奥托','0','1','1','6','1','62','9000612','1621;3005;1619','1003101;1003102;1003103;1003110;1003111;1003112','0,1,2;0,2','0','0,0,1,2;0,2;0,1,2','0','0');



insert into monster_group(`id`,`name`,`fight`,`multi_boss`,`monster`,`money`,`user_exp`,`hero_exp`,`exp_ball`,`reward_id`,`action_id`,`max_battle_time`,`battle_check`,`attack_status_id`,`fight_type`) values
('900530','锐斧战魔安德鲁','209500','0','9000574;9000575','0','0','0','0','2000450','0','600000','0','0','2'),
('900531','实验合成兽巴德','213800','0','9000576;9000577;9000578','0','0','0','0','2000451','0','600000','0','0','2'),
('900532','林地红魔阿诺德','218100','0','9000579','0','0','0','0','2000452','0','600000','0','0','2'),
('900533','砾风游贼班森','222500','0','9000580;9000581;9000582','0','0','0','0','2000453','0','600000','0','0','2'),
('900534','荆刺蜂后塞拉','226900','0','9000583;9000584','0','0','0','0','2000454','0','600000','0','0','2'),
('900535','海上掠夺者格纳','231300','0','9000585;9000586','0','0','0','0','2000455','0','600000','0','0','2'),
('900536','钢羽枭鹰伊伦','235700','0','9000587','0','0','0','0','2000456','0','600000','0','0','2'),
('900537','邪能研究者格纳','240200','0','9000588;9000589','0','0','0','0','2000457','0','600000','0','0','2'),
('900538','暮夜魔蝎洛兹','244700','0','9000590','0','0','0','0','2000458','0','600000','0','0','2'),
('900539','翼魔统领塞曼','249300','0','9000591;9000592;9000593','0','0','0','0','2000459','0','600000','0','0','2'),
('900540','密林怪盗贝克勒','253900','0','9000594;9000595','0','0','0','0','2000460','0','600000','0','0','2'),
('900541','亡魂低语者埃莉','258600','0','9000596','0','0','0','0','2000461','0','600000','0','0','2'),
('900542','暗金领主维恩','263300','0','9000597;9000598','0','0','0','0','2000462','0','600000','0','0','2'),
('900543','风啸游隼丽丝','268100','0','9000599;9000600','0','0','0','0','2000463','0','600000','0','0','2'),
('900544','强袭战狼斯塔克','272900','0','9000601;9000602;9000603','0','0','0','0','2000464','0','600000','0','0','2'),
('900545','荒地魔蝎尼斯','277700','0','9000604;9000605','0','0','0','0','2000465','0','600000','0','0','2'),
('900546','烈炎斧兽尼尔斯','282500','0','9000606','0','0','0','0','2000466','0','600000','0','0','2'),
('900547','猩红先驱者欧文','287300','0','9000607;9000608;9000609','0','0','0','0','2000467','0','600000','0','0','2'),
('900548','枯木蜂王艾蕾','292100','0','9000610;9000611','0','0','0','0','2000468','0','600000','0','0','2'),
('900549','暗夜邪魔奥托','297000','0','9000612','0','0','0','0','2000469','0','600000','0','0','2');



insert into task_index(`taskid`,`data_index`,`mask_index`) values
('40252','20','43'),
('40253','20','44'),
('40254','20','45'),
('40255','20','46'),
('40256','20','47'),
('40257','20','48'),
('40258','20','49'),
('40259','20','50'),
('40260','20','51'),
('40261','20','52'),
('40262','20','53'),
('40263','20','54'),
('40264','20','55'),
('40265','20','56'),
('40266','20','57'),
('40267','20','58'),
('40268','20','59'),
('40269','20','60'),
('40270','20','61'),
('40271','20','62'),
('40272','20','63'),
('40273','21','1'),
('40274','21','2'),
('40275','21','3'),
('40276','21','4'),
('40277','21','5'),
('40278','21','6'),
('40279','21','7'),
('40280','21','8'),
('40281','21','9'),
('40282','21','10'),
('40283','21','11'),
('40284','21','12'),
('40285','21','13'),
('40286','21','14'),
('40287','21','15'),
('40288','21','16'),
('40289','21','17'),
('40290','21','18'),
('40291','21','19'),
('40292','21','20'),
('40293','21','40'),
('40294','21','22'),
('40295','21','23'),
('40296','21','24'),
('40297','21','25'),
('40298','21','26'),
('40299','21','27'),
('40300','21','28'),
('40301','21','29'),
('40302','21','30'),
('40303','21','31'),
('40304','21','32'),
('40305','21','33'),
('40306','21','34'),
('40307','21','35'),
('40308','21','36'),
('40309','21','37'),
('40310','21','38'),
('40311','21','39');


insert into gen_event(`id`,`name`,`mapid`,`event_type`,`event_id`,`path_id`,`flag`,`intask`,`story_id`,`life_time`,`level_id`,`battle_scene`,`position`,`rotation_y`,`scale`) values
('20050290','锐斧战魔安德鲁','2005','2','900530','0','1','0','0','0','0','0','-13.37,16.66,-77.05','0','1'),
('20050291','实验合成兽巴德','2005','2','900531','0','1','0','0','0','0','0','-57.46,-7.64,-4.85','90','1'),
('20050292','林地红魔阿诺德','2005','2','900532','0','1','0','0','0','0','0','-13.37,16.66,-77.05','0','1'),
('20050293','砾风游贼班森','2005','2','900533','0','1','0','0','0','0','0','449.42,-0.95,125.38','153.43','1'),
('20050294','荆刺蜂后塞拉','2005','2','900534','0','1','0','0','0','0','0','448.02,0.66,85.50','315.03','1'),
('20050295','海上掠夺者格纳','2005','2','900535','0','1','0','0','0','0','0','375.51,0.67,138.52','135','1'),
('20050296','钢羽枭鹰伊伦','2005','2','900536','0','1','0','0','0','0','0','285.83,5.18,-298.27','313.2','1'),
('20050297','邪能研究者格纳','2005','2','900537','0','1','0','0','0','0','0','325.30,-3.75,-280.04','11.28','1'),
('20050298','暮夜魔蝎洛兹','2005','2','900538','0','1','0','0','0','0','0','300.52,10.43,-312.76','135','1'),
('20050299','翼魔统领塞曼','2005','2','900539','0','1','0','0','0','0','0','325.30,-3.75,-280.04','11.28','1'),
('20050300','密林怪盗贝克勒','2005','2','900540','0','1','0','0','0','0','0','384.31,0.11,-384.38','135','1'),
('20050301','亡魂低语者埃莉','2005','2','900541','0','1','0','0','0','0','0','285.83,5.18,-298.27','313.2','1'),
('20050302','暗金领主维恩','2005','2','900542','0','1','0','0','0','0','0','7.52,23.00,-371.73','326.31','1'),
('20050303','风啸游隼丽丝','2005','2','900543','0','1','0','0','0','0','0','39.48,29.22,-366.61','106.59','1'),
('20050304','强袭战狼斯塔克','2005','2','900544','0','1','0','0','0','0','0','-28.08,23.02,-336.84','161.57','1'),
('20050305','荒地魔蝎尼斯','2005','2','900545','0','1','0','0','0','0','0','68.90,29.23,-381.95','325.09','1'),
('20050306','烈炎斧兽尼尔斯','2005','2','900546','0','1','0','0','0','0','0','57.37,29.24,-361.30','28.62','1'),
('20050307','猩红先驱者欧文','2005','2','900547','0','1','0','0','0','0','0','7.52,23.00,-371.73','326.31','1'),
('20050308','枯木蜂王艾蕾','2005','2','900548','0','1','0','0','0','0','0','300.52,10.43,-312.76','135','1'),
('20050309','暗夜邪魔奥托','2005','2','900549','0','1','0','0','0','0','0','384.31,0.11,-384.38','135','1');


insert into award_acquire(`award_id`,`award_group`,`award_type`,`award_type_id`,`item_num`,`max_get_rate`,`min_get_rate`) values
('2000450','1','1','3','50000','10000','0'),
('2000450','1','1','3030013','1','10000','0'),
('2000451','1','1','3060030','1','10000','0'),
('2000451','1','1','3060020','3','10000','0'),
('2000451','1','1','3060010','3','10000','0'),
('2000452','1','1','3','50000','10000','0'),
('2000452','1','1','2120013','1','10000','0'),
('2000453','1','1','120012','5','10000','0'),
('2000453','1','1','120013','1','10000','0'),
('2000454','1','1','120022','5','10000','0'),
('2000454','1','1','120023','1','10000','0'),
('2000455','1','1','3','50000','10000','0'),
('2000455','1','1','1','300','10000','0'),
('2000456','1','1','420013','1','10000','0'),
('2000456','1','1','420014','1','10000','0'),
('2000457','1','1','3','50000','10000','0'),
('2000457','1','1','3010013','10','10000','0'),
('2000458','1','1','3','50000','10000','0'),
('2000458','1','1','11','500','10000','0'),
('2000459','1','1','120012','10','10000','0'),
('2000459','1','1','120013','2','10000','0'),
('2000460','1','1','120022','10','10000','0'),
('2000460','1','1','120023','2','10000','0'),
('2000461','1','1','3','50000','10000','0'),
('2000461','1','1','3040013','2','10000','0'),
('2000462','1','1','3','50000','10000','0'),
('2000462','1','1','6003003','10','10000','0'),
('2000463','1','1','3','50000','10000','0'),
('2000463','1','1','12','1000','10000','0'),
('2000464','1','1','120012','10','10000','0'),
('2000464','1','1','120013','3','10000','0'),
('2000465','1','1','120022','10','10000','0'),
('2000465','1','1','120023','3','10000','0'),
('2000466','1','1','3','50000','10000','0'),
('2000466','1','1','3030013','1','10000','0'),
('2000467','1','1','3','50000','10000','0'),
('2000467','1','1','3010013','10','10000','0'),
('2000468','1','1','3','50000','10000','0'),
('2000468','1','1','1','500','10000','0'),
('2000469','1','1','3','50000','10000','0'),
('2000469','1','1','220003','5','10000','0'),
('2000470','1','1','120012','10','10000','0'),
('2000470','1','1','120013','3','10000','0'),
('2000471','1','1','120022','10','10000','0'),
('2000471','1','1','120023','3','10000','0'),
('2000472','1','1','420013','1','10000','0'),
('2000472','1','1','420014','1','10000','0'),
('2000473','1','1','3','50000','10000','0'),
('2000473','1','1','3040013','3','10000','0'),
('2000474','1','1','3','50000','10000','0'),
('2000474','1','1','3030013','1','10000','0'),
('2000475','1','1','3060030','1','10000','0'),
('2000475','1','1','3060020','3','10000','0'),
('2000475','1','1','3060010','3','10000','0'),
('2000476','1','1','3','50000','10000','0'),
('2000476','1','1','2120013','1','10000','0'),
('2000477','1','1','120012','5','10000','0'),
('2000477','1','1','120013','1','10000','0'),
('2000478','1','1','120022','5','10000','0'),
('2000478','1','1','120023','1','10000','0'),
('2000479','1','1','3','50000','10000','0'),
('2000479','1','1','1','300','10000','0');

###################################################
#20190626[终焉誓约][任务脚本]【多英雄副本】【雾夜城】第4关--调整修改(倪祖伟)
#by:倪祖伟
#date:2019-06-26
#论坛链接:http://forum.nderp.99.com/Forum/TopicList-334585.aspx
###################################################
#注释部分
#打开注释部分
DELETE FROM `gen_event` WHERE `id`>=3096001 AND `id`<=3096017;
###################################################

INSERT INTO `gen_event` (`id`, `name`, `mapid`, `event_type`, `event_id`, `path_id`, `flag`, `intask`, `story_id`, `life_time`, `level_id`, `battle_scene`, `position`, `rotation_y`, `scale`) VALUES 
('3096001','混沌魔魂','3096','1','20614','0','1','0','0','0','0','0','3.043,-7.94,-14.84','140','1'),
('3096002','觉醒魔魂','3096','1','20615','0','1','0','0','0','0','0','15.885,-7.94,-2.41','140','1'),
('3096003','赤焰狼王','3096','1','20616','0','1','0','0','0','0','0','-12.74,-4.516,1.71','53','1'),
('3096004','惩戒屠夫','3096','1','20617','0','1','0','0','0','0','0','-1.01,-4.516,13.01','231','1'),
('3096005','炼狱之主','3096','1','20618','0','1','0','0','0','0','0','-29.899,0.04,30.58','140','1'),
('3096006','混沌魔魂','3096','2','200459','1','1','1','0','0','0','74','','0','1'),
('3096007','觉醒魔魂','3096','2','200460','2','1','1','0','0','0','74','','0','1'),
('3096008','赤焰狼王','3096','2','200461','3','1','1','0','0','0','74','','0','1'),
('3096009','惩戒屠夫','3096','2','200462','4','1','1','0','0','0','74','','0','1'),
('3096010','炼狱之主','3096','2','200463','5','1','1','0','0','0','74','','0','1'),
('3096012','怨灵墙','3096','4','1093','0','1','0','0','0','0','0','3.814,-3.67,-2.828','140','1'),
('3096013','怨灵墙','3096','4','1093','0','1','0','0','0','0','0','-16.58,-0.21,17.41','140','1'),
('3096014','混沌魔魂','3096','1','20619','0','1','0','0','0','0','0','3.043,-7.94,-14.84','140','1'),
('3096015','觉醒魔魂','3096','1','20620','0','1','0','0','0','0','0','15.885,-7.94,-2.41','140','1'),
('3096016','赤焰狼王','3096','1','20621','0','1','0','0','0','0','0','-12.74,-4.516,1.71','140','1'),
('3096017','惩戒屠夫','3096','1','20622','0','1','0','0','0','0','0','-1.01,-4.516,13.01','140','1');

UPDATE `monster` SET `special_effects`='', `own_skills`='1004901;1004902' WHERE `id`=1000762;
UPDATE `monster` SET `own_skills`='1004801;1004802', `skill_loop_que`='1,0,1,0,1;0,1,1;0,1,0,1;1,0,1' WHERE `id`=1000812;


###################################################
#20190625[终焉誓约][任务脚本]【终焉誓约】新版佣兵巡查任务流程范例制作(黄业勤)
#by:黄业勤
#date:2019-06-25
#论坛链接:http://forum.nderp.99.com/Forum/TopicList-337732.aspx
###################################################
#注释部分
delete from npc_group where id in (20926,60441);
delete from gen_event where id in (20010250,20010249);
delete from attribute where id in (1000461,1000462);
delete from monster where id in (1000461,1000462);
#打开注释部分  删除多余的怪，替换原怪物属性
delete from attribute where id in (1000749,1000750);
delete from monster where id in (1000749,1000750,9000160);
###################################################
insert into npc_group(`id`,`name`,`req_level`) values
('20926','探测器','1'),
('60441','封印','1');

insert into gen_event(`id`,`name`,`mapid`,`event_type`,`event_id`,`path_id`,`flag`,`intask`,`story_id`,`life_time`,`level_id`,`battle_scene`,`position`,`rotation_y`,`scale`) values
('20010250','探测器','2001','1','20926','0','1','0','0','0','0','0','31.58,0.10,-24.04','0','1'),
('20010249','封印本命','2001','1','60441','0','1','0','0','0','0','0','32.65,0.10,-25.69','0','1');


INSERT INTO `monster` (`id`, `name`, `attr_type`, `type`, `sex`, `family`, `profession`, `level`, `attr_id`, `special_effects`, `own_skills`, `skill_que`, `skill_vis`, `skill_loop_que`, `skill_que_vis`, `action_id`) VALUES 
(1000461, '', 0, 1, 1, 3, 1, 40, 1000461, '1619', '1001301;1001302;1001303', '0,1,0,2;1,0,1', 0, '1,2,1,0;0,1,1;0,1,1;1,0,1,2', 0, 0),
(1000462, '', 0, 1, 1, 6, 1, 40, 1000462, '1604', '5201001;5201002;5201003', '0,1,0;0,1,2', 0, '0,1,2;0,0,1', 0, 0),
(9000160,'异常的大鱼妖','102','1','1','5','1','0','9000160','1021','1002001;1002002;1002003','0,1,2','0','0,1,0,2;0,1,2;0,2,1,2;0,1,2','0','0');


INSERT INTO `attribute` (`id`, `life`, `phy_atk`, `mgc_atk`, `phy_def`, `mgc_def`, `life_add`, `phy_atk_add`, `mgc_atk_add`, `phy_def_add`, `mgc_def_add`, `hit_rate`, `dodge_rate`, `critical_rate`, `critical_dmg`, `critical_def`, `parry_rate`, `parry_def`, `hitbreak_rate`, `hitback_xp`, `dmg_add`, `dmg_cut`, `ice_atk`, `fire_atk`, `light_atk`, `dark_atk`, `ice_def`, `fire_def`, `light_def`, `dark_def`) VALUES 
(1000461, 224244, 12458, 12458, 4983, 4983, 0, 0, 0, 0, 0, 10000, 500, 1000, 5000, 0, 500, 3000, 0, 0, 0, 0, 0, 0, 0, 0, 0, 0, 0, 0),
(1000462, 89697, 12458, 12458, 4983, 4983, 0, 0, 0, 0, 0, 10000, 500, 1000, 5000, 0, 500, 3000, 0, 0, 0, 0, 0, 0, 0, 0, 0, 0, 0, 0);

UPDATE `monster_group` SET `name`='异常的大鱼妖' WHERE `id`=900272;

###################################################
#20190626[终焉誓约][任务脚本]终焉誓约月神森林个别坐标调整(苏亚玲)
#by:苏亚玲
#date:2019-06-26
#论坛链接:http://forum.nderp.99.com/Forum/TopicList-338298.aspx
###################################################
#注释部分
delete from gen_event where id = 20030585;
delete from npc_group where id = 30654;
#打开注释部分

###################################################

insert into gen_event(`id`,`name`,`mapid`,`event_type`,`event_id`,`path_id`,`flag`,`intask`,`story_id`,`life_time`,`level_id`,`battle_scene`,`position`,`rotation_y`,`scale`) values
('20030585','月神陷阱20','2003','1','30654','0','1','0','0','0','0','0','-220.87,0.29,-122.85','0','1');

insert into npc_group(`id`,`name`,`req_level`) values
('30654','月神陷阱20','1');

UPDATE `gen_event` SET `position`='-220.87,0.29,-122.85', `rotation_y`=315 WHERE `id`=20030085;
UPDATE `gen_event` SET `position`='-220.87,0.29,-122.85' WHERE `id`=20030091;

###################################################
#20190625[终焉誓约][任务脚本]终焉誓约罗兰镇主线个别坐标调整(苏亚玲)
#by:苏亚玲
#date:2019-06-25
#论坛链接:http://forum.nderp.99.com/Forum/TopicList-338263.aspx
###################################################
#注释部分

#打开注释部分

###################################################

UPDATE `gen_event` SET `position`='-74.36,0.85,23.58' WHERE `id`=2001398;
###################################################
#20190626[终焉誓约][任务脚本]三月边陲主线个别坐标调整(倪祖伟)
#by:倪祖伟
#date:2019-06-26
#论坛链接:http://forum.nderp.99.com/Forum/TopicList-338297.aspx
###################################################
#注释部分
#打开注释部分
###################################################
UPDATE `gen_event` SET `position`='-148.41,0.15,-35.37',`rotation_y`=270 WHERE `id`=20030024;
UPDATE `gen_event` SET `position`='-141.61,0.15,-23.91' WHERE `id`=20030028;
UPDATE `gen_event` SET `position`='-163.105,0.15,-25.612' WHERE `id`=20030029;
UPDATE `gen_event` SET `position`='-163.105,0.15,-25.612' WHERE `id`=20030388;
UPDATE `gen_event` SET `position`='-222.972,0.096,-36.674' WHERE `id`=20030224;
UPDATE `gen_event` SET `position`='-222.972,0.096,-36.674' WHERE `id`=20030220;


###################################################
#20190627[终焉誓约][数据配置]冒险者营地主线调整(孟志远)
#by:孟志远
#date:2019-06-27
#论坛链接:http://forum.nderp.99.com/Forum/TopicList-338261.aspx
###################################################
#注释部分
delete from gen_event where id >= 20030582 and id <= 20030584;
delete from npc_group where id >= 10029 and id <= 10031;

#打开注释部分，删除无用NPC
delete from gen_event where id in (20030044,20030045,20030046);

###################################################
update gen_event set position = '25.23,-0.01,7.57',rotation_y = 0 where id = 20030035;
update gen_event set position = '17.08,-0.01,-35.88',rotation_y = 0 where id = 20030036;
update gen_event set position = '4.84,0.00,-44.00',rotation_y = 0 where id = 20030041;
update gen_event set position = '16.39,-0.01,-3.33',rotation_y = 30 where id = 20030047;
update gen_event set position = '16.39,-0.01,-3.33' where id = 20030037;
update gen_event set position = '7.90,1.95,-53.12',rotation_y = 0 where id = 20030225;
update gen_event set position = '4.84,0.00,-44.00',rotation_y = 0 where id = 20030261;
update gen_event set position = '5.97,3.48,-55.38' where id = 20030001;
update gen_event set position = '-12.99,0.06,-49.34' where id = 20030255;

insert into npc_group(`id`,`name`,`req_level`) values
('10029','营地帐篷','1'),
('10030','营地帐篷','1'),
('10031','埃尼奥的帐篷','1');

insert into gen_event(`id`,`name`,`mapid`,`event_type`,`event_id`,`path_id`,`flag`,`intask`,`story_id`,`life_time`,`level_id`,`battle_scene`,`position`,`rotation_y`,`scale`) values
('20030582','营地帐篷','2003','1','10029','0','0','0','0','0','0','0','20.27,-0.01,-38.40','0','1'),
('20030583','营地帐篷','2003','1','10030','0','0','0','0','0','0','0','24.03,-0.01,-50.80','0','1'),
('20030584','埃尼奥的帐篷','2003','1','10031','0','0','0','0','0','0','0','-8.26,0.13,-49.04','0','1');
###################################################
#20190620[终焉誓约][任务脚本]【终焉誓约】每日速递任务优化调整(张圆)
#by:张圆
#date:2019-06-20
#论坛链接:http://forum.nderp.99.com/Forum/TopicList-335962.aspx
###################################################
#注释部分
DELETE FROM award_acquire where award_id >=3006280 and award_id <=3006284;
#打开注释部分

###################################################
INSERT INTO `award_acquire` (`award_id`, `award_group`, `award_type`, `award_type_id`, `item_num`, `max_get_rate`, `min_get_rate`) VALUES 
(3006280, 1, 1, 5, 10000, 10000, 0),
(3006281, 1, 1, 5, 30000, 10000, 0),
(3006281, 1, 1, 1, 200, 10000, 0),
(3006282, 1, 1, 5, 50000, 10000, 0),
(3006282, 1, 1, 1, 300, 10000, 0),
(3006283, 1, 1, 5, 70000, 10000, 0),
(3006283, 1, 1, 1, 400, 10000, 0),
(3006284, 1, 1, 5, 90000, 10000, 0),
(3006284, 1, 1, 1, 500, 10000, 0);



###################################################
#20190627[终焉誓约][数据配置]【终焉誓约】冒险者营地相关任务坐标调整(孟志远)
#by:孟志远
#date:2019-06-27
#论坛链接:http://forum.nderp.99.com/Forum/TopicList-338155.aspx
###################################################
#注释部分

#打开注释部分

###################################################
update gen_event set flag = 1, position = "-8.31,0.05,-29.17", rotation_y = "135" where id = 20030398;
update gen_event set flag = 1, position = "-17.12,0.05,-38.68" where id = 20030515;

###################################################
#20190701[终焉誓约][数据配置]【魔族之心】调整修改--模型替换(张圆)
#by:张圆
#date:2019-07-01
#论坛链接:http://forum.nderp.99.com/Forum/TopicList-338426.aspx
###################################################
#注释部分

#打开注释部分

###################################################
update monster set own_skills = '1003401;1003402',skill_que = '0,1,0;1,0,1,0',skill_loop_que = '1,0,1,0,1;0,1,1;0,1,0,1;1,0,1' where id =1001051;

###################################################
#20190701[终焉誓约][数据配置]【温丽梦境】调整修改--模型替换(张圆)
#by:张圆
#date:2019-07-01
#论坛链接:http://forum.nderp.99.com/Forum/TopicList-338456.aspx
###################################################
#注释部分

#打开注释部分

###################################################
update monster set own_skills = '1000501;1000502',skill_que = '0,1,1',skill_loop_que = '0,1;0,1,1' where id in (1000428,1000641,1000692);
update monster set own_skills = '1001501;1001502;1001503',skill_que = '2,0,1',skill_loop_que = '0,1;0,1,2;0,1;2,0,1' where id in (1000463,1000670,1000682);

###################################################
#20190701[终焉誓约][数据配置]【枭鹰邦域】调整修改--模型替换(张圆)
#by:张圆
#date:2019-07-01
#论坛链接:http://forum.nderp.99.com/Forum/TopicList-338433.aspx
###################################################
#注释部分

#打开注释部分

###################################################
update monster set own_skills = '1001001;1001002',skill_que = '1,0,1',skill_loop_que = '1,0,1' where id in (1000318,1000319);




###################################################
#20190702[终焉誓约][数据配置]【BUG修改单】7.4--露西蒂尼之墓(李宏伟)
#by:李宏伟
#date:2019-07-02
#论坛链接:http://forum.nderp.99.com/BugManage/internal/bugOperationList.htm?taskId=90499&onlyMe=true
###################################################
#注释部分

#打开注释部分

###################################################

UPDATE `gen_event` SET `position`='10.06,-2.107275,49.32738', `scale`=1.1 WHERE `id`=3035031;

###################################################
#20190702[终焉誓约][任务脚本]ERP298575【终焉誓约】【剧情副本】【银母矿洞】调整修改--模型替换(林多娜)
#by:林多娜
#date:2019-07-02
#论坛链接:http://forum.nderp.99.com/Forum/TopicList-338430.aspx
###################################################
#注释部分

#打开注释部分
delete from monster where id = 1000150;
delete from attribute where id = 1000150;
delete from gen_event where id = 3023010;
delete from monster_group where id = 200181;
###################################################





###################################################
#20190701[终焉誓约][数据配置]主线个别怪物模型替换(李宏伟)
#by:李宏伟
#date:2019-07-01
#论坛链接:http://forum.nderp.99.com/Forum/TopicList-338678.aspx
###################################################
#注释部分

#打开注释部分

###################################################

UPDATE `monster` SET `own_skills` = '1003401;1003402', `skill_que` = '0,1,0;1,0,1,0', `skill_loop_que` = '1,0,1,0,1;0,1,1;0,1,0,1;1,0,1' WHERE `id` = 1000157;
UPDATE `monster` SET `own_skills` = '1001501;1001502;1001503', `skill_que` = '2,0,1', `skill_loop_que` = '0,1;0,1,2;0,1;2,0,1' WHERE `id` = 1000158;
UPDATE `monster` SET `own_skills` = '1004601;1004602', `skill_que` = '0,1,0;1,0,1,0', `skill_loop_que` = '0,1;1,0,1,0,1;0,1,0;1,0,1' WHERE `id` = 1000159;
UPDATE `monster` SET `own_skills` = '1000201;1000202', `skill_que` = '0,1,0,1,0;1,0', `skill_loop_que` = '1,0,1,0,1;0,1,1;0,1,0,1;1,0,1' WHERE `id` = 9000070;
UPDATE `monster` SET `own_skills` = '1003401;1003402', `skill_que` = '0,1,0;1,0,1,0', `skill_loop_que` = '1,0,1,0,1;0,1,1;0,1,0,1;1,0,1' WHERE `id` = 9000073;
UPDATE `monster` SET `own_skills` = '1004601;1004602', `skill_que` = '0,1,0;1,0,1,0', `skill_loop_que` = '0,1;1,0,1,0,1;0,1,0;1,0,1' WHERE `id` = 9000148;
UPDATE `monster` SET `own_skills` = '1004201;1004202;1004203', `skill_que` = '0,1,0,2;1,0,1,2', `skill_loop_que` = '0,1,2;1,0,1,0,2;0,1,1;1,0,1,2' WHERE `id` = 9000219;
UPDATE `monster` SET `own_skills` = '500001;500002', `skill_que` = '0,0,1', `skill_loop_que` = '0,0,1' WHERE `id` = 9000432;

#风车镇补充修改
UPDATE `monster_group` SET `monster`='9000068' WHERE `id`=900188;

#月神森林补充修改
UPDATE `monster` SET `own_skills` = '1004201;1004202;1004203', `skill_que` = '0,1,0,2;1,0,1,2', `skill_loop_que` = '0,1,2;1,0,1,0,2;0,1,1;1,0,1,2' WHERE `id` = 1000156;



###################################################
#20190702[终焉誓约][数据配置]【探索层野怪】调整修改--模型替换(孟志远)
#by:孟志远
#date:2019-07-02
#论坛链接:http://forum.nderp.99.com/Forum/TopicList-338417.aspx
###################################################
#注释部分

#打开注释部分

###################################################
update monster set own_skills = "1000201;1000202",skill_que = "0,1,0,1,0;1,0",skill_loop_que = "1,0,1,0,1;0,1,1;0,1,0,1;1,0,1" where id = 1000213;
update monster set own_skills = "1002701;1002702;1002703",skill_que = "0,1,2;0,2",skill_loop_que = "0,0,1,2;0,2;0,1,2" where id = 1000218;
update monster set own_skills = "1004801;1004802",skill_que = "0,1,0,1,0;1,0",skill_loop_que = "1,0,1,0,1;0,1,1;0,1,0,1;1,0,1" where id = 1000226;
update monster set own_skills = "1003801;1003802",skill_que = "0,1,0,1,0;1,0",skill_loop_que = "0,1;1,0,1,0,1;0,1,0;1,0,1" where id = 1000285;
update monster set own_skills = "1001501;1001502;1001503",skill_que = "2,0,1",skill_loop_que = "0,1;0,1,2;0,1;2,0,1" where id = 1000286;
update monster set own_skills = "1004901;1004902",skill_que = "0,0,1;0,0,1",skill_loop_que = "0,0,1;0,0,1" where id = 1000574;
update monster set own_skills = "1003801;1003802",skill_que = "0,1,0,1,0;1,0",skill_loop_que = "0,1;1,0,1,0,1;0,1,0;1,0,1" where id = 1000579;
update monster set own_skills = "1000201;1000202",skill_que = "0,1,0,1,0;1,0",skill_loop_que = "1,0,1,0,1;0,1,1;0,1,0,1;1,0,1" where id = 1000585;
update monster set own_skills = "800001;800002;800003",skill_que = "0,1,2;1,2,0,2",skill_loop_que = "0,1,2;1,2,0,2" where id = 1000587;
update monster set own_skills = "1004001;1004002",skill_que = "0,1,0;1,0,1,0",skill_loop_que = "0,1;1,0,1,0,1;0,1,0;1,0,1" where id = 1000589;
update monster set own_skills = "800001;800002;800003",skill_que = "0,1,2;1,2,0,2",skill_loop_que = "0,1,2;1,2,0,2" where id = 1000788;
update monster set own_skills = "1000201;1000202",skill_que = "0,1,0,1,0;1,0",skill_loop_que = "1,0,1,0,1;0,1,1;0,1,0,1;1,0,1" where id = 1000790;
update monster set own_skills = "1001501;1001502;1001503",skill_que = "2,0,1",skill_loop_que = "0,1;0,1,2;0,1;2,0,1" where id = 1000801;
update monster set own_skills = "1004901;1004902",skill_que = "0,0,1;0,0,1",skill_loop_que = "0,0,1;0,0,1" where id = 1001006;

update gen_event set rotation_y = 170 where id = 20030251;
update gen_event set rotation_y = -90 where id = 20050150;
update gen_event set position = "6.3,22.804,-318.1", rotation_y = -120 where id = 20050275;

###################################################
#20190702[终焉誓约][数据配置]王宫NPC坐标调整(孟志远)
#by:孟志远
#date:2019-07-02
#论坛链接:http://forum.nderp.99.com/Forum/TopicList-339108.aspx
###################################################
#注释部分

#打开注释部分

###################################################
update gen_event set mapid = 1000,position = "-200.53,463.00,66.36", rotation_y = 300 where id = 1000122;
update gen_event set mapid = 1000,position = "-200.44,463,69.17", rotation_y = 300 where id = 1000123;
update gen_event set mapid = 1000,position = "-198.16,463,74.60", rotation_y = 160 where id = 1000124;
update gen_event set mapid = 1000,position = "-193.38,463,74.60", rotation_y = 160 where id = 1000125;
update gen_event set mapid = 1000,position = "-188.74,463,74.60", rotation_y = 160 where id = 1000126;
update gen_event set mapid = 1000,position = "-184.32,463,74.60", rotation_y = 160 where id = 1000127;
update gen_event set mapid = 1000,position = "-198.16,463,61.39", rotation_y = 340 where id = 1000128;
update gen_event set mapid = 1000,position = "-193.38,463,61.39", rotation_y = 340 where id = 1000129;
update gen_event set mapid = 1000,position = "-188.74,463,61.39", rotation_y = 340 where id = 1000130;
update gen_event set mapid = 1000,position = "-184.32,463,61.39", rotation_y = 340 where id = 1000131;
update gen_event set mapid = 1000,position = "-213.86,465.41,68.1", rotation_y = 90 where id = 2001523;
update gen_event set mapid = 1000,position = "-212.52,465.2,69.92", rotation_y = 90 where id = 2001987;


###################################################
#20190701[终焉誓约][数据配置]【剧情副本】【森之幻界】调整修改--模型替换(孟志远)
#by:孟志远
#date:2019-07-01
#论坛链接:http://forum.nderp.99.com/Forum/TopicList-338432.aspx
###################################################
#注释部分

#打开注释部分

###################################################
update monster set own_skills = "1004601;1004602",skill_que = "0,1,0;1,0,1,0",skill_loop_que = "0,1;1,0,1,0,1;0,1,0;1,0,1" where id = 1000531;

###################################################
#20190703[终焉誓约][任务脚本]卡城&相关地图切屏点(倪祖伟)
#by:倪祖伟
#date:2019-07-03
#论坛链接:http://forum.nderp.99.com/Forum/TopicList-339107.aspx
###################################################
#注释部分
#打开注释部分
###################################################
UPDATE `gen_event` SET `mapid`=1000, `position`='-27.90,554.02,93.83' WHERE `id`=2001652;
UPDATE `gen_event` SET `mapid`=1000, `position`='-178.42,464.11,68.45' WHERE `id`=1000025;
###################################################
#20190702[终焉誓约][任务脚本]ERP298571【终焉誓约】【剧情副本】【魔族之心（多人）】调整修改--模型替换(林多娜)
#by:林多娜
#date:2019-07-02
#论坛链接:http://forum.nderp.99.com/Forum/TopicList-338428.aspx
###################################################
#注释部分

#打开注释部分

###################################################

update gen_event set name = "巨刃鹿角兽" where id = 3061001;
update gen_event set name = "巨刃鹿角兽" where id = 200161;
update monster set name = "巨刃鹿角兽", own_skills = '1003401;1003402' where id in(1000128,1000480);

