###################################################
#20190903[终焉誓约][任务脚本]【怪盗副本】【夜晚卡诺萨】制作(倪祖伟)
#by:倪祖伟
#date:2019-09-03
#论坛链接:http://forum.nderp.99.com/Forum/TopicList-343303.aspx
###################################################
#注释部分
#DELETE FROM `game_map` WHERE `id`=3154;
#DELETE FROM `gen_event` WHERE `id`>=3154001 and `id`<=3154035;
#DELETE FROM `monster_group` WHERE `id`>=200785 and `id`<=200805;
#DELETE FROM `monster` WHERE `id`>=1001256 and `id`<=1001263;
#DELETE FROM `attribute` WHERE `id`>=1001256 and `id`<=1001263;
#DELETE FROM `npc_group` WHERE `id` >=21045 and `id`<=21054;
#DELETE FROM `npc_group` WHERE `id` in (30705,40348,40349);
#DELETE FROM `itemtype` WHERE `id`>=7000008 and `id`<=7000009;
#DELETE FROM `award_acquire` WHERE `award_id`>=1000824 and `award_id`<=1000826;
#DELETE FROM `valve` WHERE `id`= 1127;
#DELETE FROM `status` WHERE `id`= 1003;
#打开注释部分

###################################################
INSERT INTO `game_map` (`id`, `name`, `group`, `type`, `map_attr`, `map_times`, `team_max`, `team_min`, `fire`, `money`, `user_exp`, `hero_exp`, `exp_ball`, `reward_id`, `time`) VALUES 
(3154, '夜色卡诺萨', 1, 3, 0, 57, 0, 0, 0, 0, 0, 0, 0, 0, 1200);

insert into gen_event(`id`,`name`,`mapid`,`event_type`,`event_id`,`path_id`,`flag`,`intask`,`story_id`,`life_time`,`level_id`,`battle_scene`,`position`,`rotation_y`,`scale`) values
('3154001','','3154','2','200785','1','1','0','0','0','0','52','','0','1'),
('3154002','','3154','2','200786','2','1','0','0','0','0','52','','0','1'),
('3154003','','3154','2','200787','3','1','0','0','0','0','52','','0','1'),
('3154004','','3154','2','200788','4','1','0','0','0','0','52','','0','1'),
('3154005','','3154','2','200789','5','1','0','0','0','0','52','','0','1'),
('3154006','','3154','2','200790','6','1','0','0','0','0','52','','0','1'),
('3154007','','3154','2','200791','7','1','0','0','0','0','52','','0','1'),
('3154008','','3154','2','200792','8','1','0','0','0','0','52','','0','1'),
('3154009','','3154','2','200793','9','1','0','0','0','0','52','','0','1'),
('3154010','','3154','2','200794','10','1','0','0','0','0','52','','0','1'),
('3154011','','3154','2','200795','11','1','0','0','0','0','52','','0','1'),
('3154012','','3154','2','200796','12','1','0','0','0','0','52','','0','1'),
('3154013','','3154','2','200797','13','1','0','0','0','0','52','','0','1'),
('3154014','','3154','2','200798','14','1','0','0','0','0','52','','0','1'),
('3154015','','3154','2','200799','15','1','0','0','0','0','52','','0','1'),
('3154016','','3154','1','21045','0','0','0','0','0','0','0','-75.92,21.064,6.2106','0','1'),
('3154017','','3154','1','21046','0','0','0','0','0','0','0','-68.46,19.163,-3.095','0','1'),
('3154018','','3154','1','21047','0','0','0','0','0','0','0','-61.08,21.064,6.3664','0','1'),
('3154019','','3154','1','21048','0','0','0','0','0','0','0','-58.97,23.358,54.782','0','1'),
('3154020','','3154','1','21049','0','0','0','0','0','0','0','-63.70,25.434,68.928','0','1'),
('3154021','','3154','1','21050','0','0','0','0','0','0','0','-77.73,23.354,82.829','0','1'),
('3154022','','3154','1','21051','0','0','0','0','0','0','0','-78.66,20.684,136.18','0','1'),
('3154023','','3154','1','21052','0','0','0','0','0','0','0','-67.17,20.684,145.06','0','1'),
('3154024','','3154','1','21053','0','0','0','0','0','0','0','-59.71,20.684,136.69','0','1'),
('3154025','','3154','1','21054','0','0','0','0','0','0','0','-37.74,23.315,80.837','0','1'),
('3154026','','3154','1','21045','0','0','0','0','0','0','0','-18.08,23.315,80.837','0','1'),
('3154027','','3154','1','21046','0','0','0','0','0','0','0','-8.996,22.717,81.559','0','1'),
('3154028','','3154','1','21047','0','0','0','0','0','0','0','-0.222,22.783,58.221','0','1'),
('3154029','','3154','1','21048','0','0','0','0','0','0','0','13.249,22.777,86.645','0','1'),
('3154030','','3154','1','21049','0','0','0','0','0','0','0','8.1129,22.631,98.417','0','1'),
('3154031','','3154','1','21050','0','0','0','0','0','0','0','17.719,22.631,117.32','0','1'),
('3154032','','3154','1','21051','0','0','0','0','0','0','0','42.964,22.631,110.75','0','1'),
('3154033','','3154','1','21052','0','0','0','0','0','0','0','20.780,22.631,77.821','0','1'),
('3154034','','3154','1','21053','0','0','0','0','0','0','0','35.517,22.631,83.977','0','1'),
('3154035','','3154','1','21054','0','0','0','0','0','0','0','47.549,22.631,79.362','0','1');



insert into monster_group(`id`,`name`,`fight`,`multi_boss`,`monster`,`money`,`user_exp`,`hero_exp`,`exp_ball`,`reward_id`,`action_id`,`max_battle_time`,`battle_check`,`attack_status_id`,`fight_type`) values
('200785','','0','0','1001256','0','0','0','0','0','0','600000','1','0','0'),
('200786','','0','0','1001256','0','0','0','0','0','0','600000','1','0','0'),
('200787','','0','0','1001256','0','0','0','0','0','0','600000','1','0','0'),
('200788','','0','0','1001257','0','0','0','0','0','0','600000','1','0','0'),
('200789','','0','0','1001257','0','0','0','0','0','0','600000','1','0','0'),
('200790','','0','0','1001257','0','0','0','0','0','0','600000','1','0','0'),
('200791','','0','0','1001256','0','0','0','0','0','0','600000','1','0','0'),
('200792','','0','0','1001256','0','0','0','0','0','0','600000','1','0','0'),
('200793','','0','0','1001257','0','0','0','0','0','0','600000','1','0','0'),
('200794','','0','0','1001256','0','0','0','0','0','0','600000','1','0','0'),
('200795','','0','0','1001256','0','0','0','0','0','0','600000','1','0','0'),
('200796','','0','0','1001256','0','0','0','0','0','0','600000','1','0','0'),
('200797','','0','0','1001257','0','0','0','0','0','0','600000','1','0','0'),
('200798','','0','0','1001257','0','0','0','0','0','0','600000','1','0','0'),
('200799','','0','0','1001257','0','0','0','0','0','0','600000','1','0','0'),
('200800','','0','0','1001258','0','0','0','0','0','0','600000','0','0','0'),
('200801','','0','0','1001259','0','0','0','0','0','0','600000','0','0','0'),
('200802','','0','0','1001260','0','0','0','0','0','0','600000','0','0','0'),
('200803','','0','0','1001261','0','0','0','0','0','0','600000','0','0','0'),
('200804','','0','0','1001262','0','0','0','0','0','0','600000','0','0','0'),
('200805','','0','0','1001263','0','0','0','0','0','0','600000','0','0','0');

insert into monster(`id`,`name`,`attr_type`,`type`,`sex`,`family`,`profession`,`level`,`attr_id`,`special_effects`,`own_skills`,`skill_que`,`skill_vis`,`skill_loop_que`,`skill_que_vis`,`action_id`) values
('1001256','巡逻士兵','0','0','1','4','1','0','1001256','','5201101;5201102;5201103','0,1;0,2,2','0','0,1;0,0,2;0,1;0,1,2,2;0','0','0'),
('1001257','禁卫队长','0','1','1','4','1','0','1001257','','5202101;5202102;5202103','2,0;0,1,1','0','0,0;0,1,2;0,0;0,1;0,1,2,2','0','0'),
('1001258','假面哥布林','0','0','1','5','1','0','1001258','','1000501;1000502;1000503','0,2,1;1,0,1','0','0,1,0;0,1,2;1,0,1,0,1;1,0,1;2,0,1;1,0,1','0','0'),
('1001259','无情偷猎者','0','0','1','4','1','0','1001259','','1002101;1002102;1002103','0,1,2;0,1,0','0','0,1;0,0,2;0,1;1,2,0;0,1,1','0','0'),
('1001260','黑瞳女巫','0','0','1','6','2','0','1001260','1031','1005401;1005402;1005403','0,1,2;0,1,2','0','1,0,1;1,0,1;0,1,2','0','0'),
('1001261','刺影孤狼','0','1','1','1','1','0','1001261','1151','1002601;1002602;1002603','0,1,0;0,1,2','0','0,1,0;0,1;0,1,2','0','0'),
('1001262','绿林魅姬','0','0','1','5','2','1','1001262','','500001;500002;500003','0,1,0;0,1,2','0','0,1;1,0,1;0,1,2;0,1;1,0,2','0','0'),
('1001263','怪盗尤妮娅','0','1','1','4','1','0','1001263','1031','1002201;1002202;1002203','0,1,0;0,1,2','0','0,1;0,1,2;1,0,1;0,1;1,0,2','0','0');

INSERT INTO `npc_group` (`id`, `name`, `req_level`) VALUES 
(21045, '小说家伊登', 1),
(21046, '吃瓜群众巴里特', 1),
(21047, '冒险家帕克', 1),
(21048, '赏金猎人卡恩', 1),
(21049, '街头卖艺者', 1),
(21050, '森林猎手迈尔', 1),
(21051, '迷妹阿妮塔', 1),
(21052, '维克船长', 1),
(21053, '密探克瑞斯', 1),
(21054, '奥汀大叔', 1),
(30705, '陷阱', 1),
(40348, '禁卫军备箱', 1),
(40349, '禁卫军备箱', 1);

INSERT INTO `itemtype` (`id`, `name`, `sort`, `amount_limit`, `flag`, `price`, `awardid`, `actionid`) VALUES 
(7000008, '掩护斗篷', 8, 9999, 10, 100, 0, 0),
(7000009, '禁卫军制服', 8, 9999, 10, 100, 0, 0);

INSERT INTO `award_acquire` (`award_id`, `award_group`, `award_type`, `award_type_id`, `item_num`, `max_get_rate`, `min_get_rate`) VALUES 
(1000824, 1, 1, 7000008, 1, 10000, 0),
(1000825, 1, 1, 7000009, 1, 10000, 0),
(1000826, 1, 1, 3, 1000, 10000, 0);

insert into attribute(`id`,`life`,`phy_atk`,`mgc_atk`,`phy_def`,`mgc_def`,`life_add`,`phy_atk_add`,`mgc_atk_add`,`phy_def_add`,`mgc_def_add`,`hit_rate`,`dodge_rate`,`critical_rate`,`critical_dmg`,`critical_def`,`parry_rate`,`parry_def`,`hitbreak_rate`,`hitback_xp`,`dmg_add`,`dmg_cut`,`ice_atk`,`fire_atk`,`dark_atk`,`light_atk`,`ice_def`,`fire_def`,`light_def`,`dark_def`) values
('1001256','10000','1000','1000','400','400','0','0','0','0','0','10000','0','1000','5000','0','500','2000','0','0','0','0','0','0','0','0','0','0','0','0'),
('1001257','10000','1000','1000','400','400','0','0','0','0','0','10000','0','1000','5000','0','500','2000','0','0','0','0','0','0','0','0','0','0','0','0'),
('1001258','10000','1000','1000','400','400','0','0','0','0','0','10000','0','1000','5000','0','500','2000','0','0','0','0','0','0','0','0','0','0','0','0'),
('1001259','10000','1000','1000','400','400','0','0','0','0','0','10000','0','1000','5000','0','500','2000','0','0','0','0','0','0','0','0','0','0','0','0'),
('1001260','10000','1000','1000','400','400','0','0','0','0','0','10000','0','1000','5000','0','500','2000','0','0','0','0','0','0','0','0','0','0','0','0'),
('1001261','10000','1000','1000','400','400','0','0','0','0','0','10000','0','1000','5000','0','500','2000','0','0','0','0','0','0','0','0','0','0','0','0'),
('1001262','10000','1000','1000','400','400','0','0','0','0','0','10000','0','1000','5000','0','500','2000','0','0','0','0','0','0','0','0','0','0','0','0'),
('1001263','10000','1000','1000','400','400','0','0','0','0','0','10000','0','1000','5000','0','500','2000','0','0','0','0','0','0','0','0','0','0','0','0');

INSERT INTO `valve` (`id`, `valve_status`, `type`, `data1`, `data2`) VALUES 
(1127, 0, 3, 0, 0);

INSERT INTO `status` (`id`, `type_id`, `affect_faction`, `target_rule`, `duration`, `end_condition`, `end_data`, `trigger_interval`, `trigger_percent`, `ishelpful`, `override_id`, `max_superposition`, `clear`, `parm1`, `parm2`, `parm3`, `attr_exp1`, `attr_class1`, `attr_value1`, `attr_exp2`, `attr_class2`, `attr_value2`, `attr_exp3`, `attr_class3`, `attr_value3`) VALUES 
(1003, 10, 1, 0, 0, 0, 0, 0, 10000, 0, '0', 1, 1, 0, 0, 0, 0, 0, 0, 0, 0, 0, 0, 0, 0);
