###################################################
#20200411[终焉誓约][任务脚本]【沙海遗迹】【魔族法阵副本】任务制作(倪祖伟)
#by:倪祖伟
#date:2020-04-11
#论坛链接:http://forum.nderp.99.com/Forum/TopicList-363962.aspx
###################################################
#注释部分
DELETE FROM `game_map` WHERE `id`=3160;
DELETE FROM `gen_event` WHERE `id`>=3160001 AND `id`<=3160013;
DELETE FROM `gen_event` WHERE `id`>=3160101 AND `id`<=3160141;
DELETE FROM `gen_event` WHERE `id`>=3160201 AND `id`<=3160225;
DELETE FROM `gen_event` WHERE `id` in (3160301,3160302,3160303,3160304,3160305,3160306,3160401,3160402,3160403);
DELETE FROM `valve` WHERE `id`>=1147 AND `id`<=1151;
DELETE FROM `monster` WHERE `id`>=1001693 AND `id`<=1001698;
DELETE FROM `attribute` WHERE `id`>=1001693 AND `id`<=1001698;
DELETE FROM `monster_group` WHERE `id`>=200852 AND `id`<=200857;
DELETE FROM `npc_group` WHERE `id` in (30751,30752,30753,40368,40369,40370,40376,40377,60504,60507);
DELETE FROM `award_acquire` WHERE `award_id` in (1001050,1001051,1001052,1001053,1001054);
#打开注释部分 

###################################################
INSERT INTO `game_map` (`id`, `name`, `group`, `type`, `map_attr`, `map_times`, `team_max`, `team_min`, `fire`, `money`, `user_exp`, `hero_exp`, `exp_ball`, `reward_id`, `time`, `need_ap`, `auto`, `activity_id`, `activity_award`) VALUES 
(3160, '沙海遗迹', 1, 3, 0, 65, 0, 0, 0, 0, 0, 0, 0, 0, 1800, 0, 0, 0, 0);

INSERT INTO `gen_event` (`id`, `name`, `mapid`, `event_type`, `event_id`, `path_id`, `flag`, `intask`, `story_id`, `life_time`, `level_id`, `battle_scene`, `position`, `rotation_y`, `scale`) VALUES 
(3160001, '', 3160, 1, 40368, 0, 1, 0, 0, 0, 0, 0, '-143.80,-21.22,6.636', 180, 1),
(3160002, '', 3160, 1, 40368, 0, 1, 0, 0, 0, 0, 0, '-203.10,-21.16,-23.1', 180, 1),
(3160003, '', 3160, 1, 40368, 0, 1, 0, 0, 0, 0, 0, '-228.65,-21.16,8.358', 180, 1),
(3160004, '', 3160, 1, 40368, 0, 1, 0, 0, 0, 0, 0, '-230.70,-21.16,52.81', 180, 1),
(3160005, '', 3160, 1, 40368, 0, 1, 0, 0, 0, 0, 0, '-235.70,-12.66,97.61', 180, 1),
(3160006, '', 3160, 1, 40368, 0, 1, 0, 0, 0, 0, 0, '-264.40,-21.16,-24.8', 180, 1),
(3160007, '', 3160, 1, 40368, 0, 1, 0, 0, 0, 0, 0, '-312.50,-21.16,3.573', 90, 1),
(3160008, '', 3160, 1, 40368, 0, 1, 0, 0, 0, 0, 0, '-295.10,-21.16,41.81', -90, 1),
(3160009, '', 3160, 1, 40368, 0, 1, 0, 0, 0, 0, 0, '-178.69,-21.16,7.801', 90, 1),
(3160010, '', 3160, 1, 40368, 0, 1, 0, 0, 0, 0, 0, '-173.64,-21.16,-24.4', 180, 1),
(3160011, '', 3160, 1, 40376, 0, 1, 0, 0, 0, 0, 0, '', 0, 1),
(3160012, '', 3160, 1, 40376, 0, 1, 0, 0, 0, 0, 0, '', 0, 1),
(3160013, '', 3160, 1, 40376, 0, 1, 0, 0, 0, 0, 0, '', 0, 1),
(3160101, '', 3160, 1, 60504, 0, 0, 0, 0, 0, 0, 0, '-143.03,-21.16,-10.41', 0, 1),
(3160102, '', 3160, 1, 60504, 0, 0, 0, 0, 0, 0, 0, '-162.80,-21.16,8.4787', 0, 1),
(3160103, '', 3160, 1, 60504, 0, 0, 0, 0, 0, 0, 0, '-173.60,-21.16,-17.71', 0, 1),
(3160104, '', 3160, 1, 60504, 0, 0, 0, 0, 0, 0, 0, '-214.70,-21.16,-26.81', 0, 1),
(3160105, '', 3160, 1, 60504, 0, 0, 0, 0, 0, 0, 0, '-241.50,-21.16,4.5028', 0, 1),
(3160106, '', 3160, 1, 60504, 0, 0, 0, 0, 0, 0, 0, '-305.60,-21.16,-29.06', 0, 1),
(3160107, '', 3160, 1, 60504, 0, 0, 0, 0, 0, 0, 0, '-297.00,-21.16,-3.351', 0, 1),
(3160108, '', 3160, 1, 60504, 0, 0, 0, 0, 0, 0, 0, '-312.30,-21.16,50.603', 0, 1),
(3160109, '', 3160, 1, 60504, 0, 0, 0, 0, 0, 0, 0, '-129.28,-21.16,-28.17', 139.01, 1),
(3160110, '', 3160, 1, 60504, 0, 0, 0, 0, 0, 0, 0, '-147.96,-21.16,-21.77', -130.9, 1),
(3160111, '', 3160, 1, 60504, 0, 0, 0, 0, 0, 0, 0, '-178.94,-21.16,1.1215', 49.086, 1),
(3160112, '', 3160, 1, 60504, 0, 0, 0, 0, 0, 0, 0, '-185.22,-21.16,-26.81', 139.08, 1),
(3160113, '', 3160, 1, 60504, 0, 0, 0, 0, 0, 0, 0, '-195.74,-21.16,-24.21', 139.08, 1),
(3160114, '', 3160, 1, 60504, 0, 0, 0, 0, 0, 0, 0, '-206.04,-21.16,-33.63', 49.085, 1),
(3160115, '', 3160, 1, 60504, 0, 0, 0, 0, 0, 0, 0, '-240.88,-21.16,-25.68', -130.9, 1),
(3160116, '', 3160, 1, 60504, 0, 0, 0, 0, 0, 0, 0, '-238.97,-21.16,-36.44', 49.086, 1),
(3160117, '', 3160, 1, 60504, 0, 0, 0, 0, 0, 0, 0, '-228.44,-21.16,-59.12', 49.085, 1),
(3160118, '', 3160, 1, 60504, 0, 0, 0, 0, 0, 0, 0, '-242.09,-21.16,-56.71', 139.08, 1),
(3160119, '', 3160, 1, 60504, 0, 0, 0, 0, 0, 0, 0, '-227.86,-21.16,1.2256', -70.76, 1),
(3160120, '', 3160, 1, 60504, 0, 0, 0, 0, 0, 0, 0, '-239.06,-21.16,-41.17', -40.91, 1),
(3160121, '', 3160, 1, 60504, 0, 0, 0, 0, 0, 0, 0, '-238.43,-12.66,80.845', 4.0861, 1),
(3160122, '', 3160, 1, 60504, 0, 0, 0, 0, 0, 0, 0, '-268.13,-21.16,-33.51', 49.086, 1),
(3160123, '', 3160, 1, 60504, 0, 0, 0, 0, 0, 0, 0, '-280.47,-21.16,-26.82', 139.08, 1),
(3160124, '', 3160, 1, 60504, 0, 0, 0, 0, 0, 0, 0, '-295.93,-21.16,-32.27', 139.08, 1),
(3160125, '', 3160, 1, 60504, 0, 0, 0, 0, 0, 0, 0, '-306.10,-21.16,-12.96', 139.08, 1),
(3160126, '', 3160, 1, 60504, 0, 0, 0, 0, 0, 0, 0, '-293.44,-21.16,12.839', -130.9, 1),
(3160127, '', 3160, 1, 60504, 0, 0, 0, 0, 0, 0, 0, '-311.34,-21.16,13.233', 49.085, 1),
(3160128, '', 3160, 1, 60504, 0, 0, 0, 0, 0, 0, 0, '-297.56,-21.16,47.288', 139.08, 1),
(3160129, '', 3160, 1, 60504, 0, 0, 0, 0, 0, 0, 0, '-308.74,-21.16,57.726', 139.08, 1),
(3160130, '', 3160, 1, 60504, 0, 0, 0, 0, 0, 0, 0, '-296.67,-21.16,65.478', 99.816, 1),
(3160131, '', 3160, 1, 60504, 0, 0, 0, 0, 0, 0, 0, '-308.24,-21.16,84.768', 7.5371, 1),
(3160132, '', 3160, 1, 60507, 0, 0, 0, 0, 0, 0, 0, '', 0, 1),
(3160133, '', 3160, 1, 60507, 0, 0, 0, 0, 0, 0, 0, '', 0, 1),
(3160134, '', 3160, 1, 60507, 0, 0, 0, 0, 0, 0, 0, '', 0, 1),
(3160135, '', 3160, 1, 60507, 0, 0, 0, 0, 0, 0, 0, '', 0, 1),
(3160136, '', 3160, 1, 60507, 0, 0, 0, 0, 0, 0, 0, '', 0, 1),
(3160137, '', 3160, 1, 60507, 0, 0, 0, 0, 0, 0, 0, '', 0, 1),
(3160138, '', 3160, 1, 60507, 0, 0, 0, 0, 0, 0, 0, '', 0, 1),
(3160139, '', 3160, 1, 60507, 0, 0, 0, 0, 0, 0, 0, '', 0, 1),
(3160140, '', 3160, 1, 60507, 0, 0, 0, 0, 0, 0, 0, '', 0, 1),
(3160141, '', 3160, 1, 60507, 0, 0, 0, 0, 0, 0, 0, '', 0, 1),
(3160201, '', 3160, 4, 1147, 0, 0, 0, 0, 0, 0, 0, '-164.14,-21.16,-28.01', 0, 1),
(3160202, '', 3160, 4, 1148, 0, 0, 0, 0, 0, 0, 0, '-170.40,-21.16,-3.451', 0, 1),
(3160203, '', 3160, 4, 1148, 0, 0, 0, 0, 0, 0, 0, '-221.90,-21.16,-28.75', 90, 1),
(3160204, '', 3160, 4, 1148, 0, 0, 0, 0, 0, 0, 0, '-234.50,-21.16,-16.73', 0, 1),
(3160205, '', 3160, 4, 1148, 0, 0, 0, 0, 0, 0, 0, '-247.22,-21.16,-29.34', 90, 1),
(3160206, '', 3160, 4, 1148, 0, 0, 0, 0, 0, 0, 0, '-234.50,-21.16,-42.71', 0, 1),
(3160207, '', 3160, 4, 1148, 0, 0, 0, 0, 0, 0, 0, '-236.20,-12.98,75.851', 0, 1),
(3160208, '', 3160, 4, 1148, 0, 0, 0, 0, 0, 0, 0, '-303.30,-21.16,21.786', 0, 1),
(3160209, '', 3160, 4, 1148, 0, 0, 0, 0, 0, 0, 0, '-303.20,-21.16,67.061', 0, 1),
(3160210, '', 3160, 4, 1149, 0, 0, 0, 0, 0, 0, 0, '-236.10,-21.16,48.221', 0, 1),
(3160211, '', 3160, 4, 1149, 0, 0, 0, 0, 0, 0, 0, '-170.60,-21.16,3.9956', 0, 1),
(3160212, '', 3160, 4, 1149, 0, 0, 0, 0, 0, 0, 0, '-295.20,-21.16,52.321', 0, 1),
(3160213, '', 3160, 4, 1149, 0, 0, 0, 0, 0, 0, 0, '-199.94,-21.16,-29.38', 0, 1),
(3160214, '', 3160, 4, 1150, 0, 0, 0, 0, 0, 0, 0, '-303.34,-21.16,11.747', 0, 1),
(3160215, '', 3160, 4, 1150, 0, 0, 0, 0, 0, 0, 0, '-158.80,-21.16,-28.61', 0, 1),
(3160216, '', 3160, 4, 1150, 0, 0, 0, 0, 0, 0, 0, '-303.38,-21.16,61.937', 0, 1),
(3160217, '', 3160, 4, 1150, 0, 0, 0, 0, 0, 0, 0, '-242.10,-12.66,90.671', 0, 1),
(3160218, '', 3160, 4, 1150, 0, 0, 0, 0, 0, 0, 0, '-303.42,-21.16,82.851', 0, 1),
(3160219, '', 3160, 4, 1150, 0, 0, 0, 0, 0, 0, 0, '-168.88,-21.16,-27.14', 0, 1),
(3160220, '', 3160, 4, 1151, 0, 0, 0, 0, 0, 0, 0, '-259.77,-21.16,-29.04', 0, 1),
(3160221, '', 3160, 4, 1151, 0, 0, 0, 0, 0, 0, 0, '-234.56,-21.16,-58.09', 0, 1),
(3160222, '', 3160, 4, 1151, 0, 0, 0, 0, 0, 0, 0, '-303.40,-21.16,42.291', 0, 1),
(3160223, '', 3160, 4, 1151, 0, 0, 0, 0, 0, 0, 0, '-234.67,-21.16,-0.275', 0, 1),
(3160224, '', 3160, 4, 1151, 0, 0, 0, 0, 0, 0, 0, '-233.35,-21.16,-23.09', 0, 1),
(3160225, '', 3160, 4, 1151, 0, 0, 0, 0, 0, 0, 0, '-230.10,-12.66,90.671', 0, 1),
(3160301, '', 3160, 2, 200852, 0, 1, 1, 0, 0, 0, 24, '', 0, 1),
(3160302, '', 3160, 2, 200853, 0, 1, 1, 0, 0, 0, 24, '', 0, 1),
(3160303, '', 3160, 2, 200854, 0, 1, 1, 0, 0, 0, 24, '', 0, 1),
(3160304, '', 3160, 2, 200855, 0, 1, 1, 0, 0, 0, 24, '', 0, 1),
(3160305, '', 3160, 2, 200856, 0, 1, 1, 0, 0, 0, 24, '', 0, 1),
(3160306, '', 3160, 2, 200857, 0, 1, 1, 0, 0, 0, 24, '', 0, 1),
(3160401, '', 3160, 1, 40377, 0, 0, 0, 0, 0, 0, 0, '-234.50,-21.16,-63.8', 0, 1),
(3160402, '', 3160, 1, 40369, 0, 0, 0, 0, 0, 0, 0, '-299.90,-21.16,85.05', 180, 1),
(3160403, '', 3160, 1, 40370, 0, 0, 0, 0, 0, 0, 0, '-233.50,-21.16,-30.6', 0, 1);


#(3160035, '', 3160, 4, 1149, 0, 0, 0, 0, 0, 0, 0, '-236.10,-21.16,48.221', 0, 1),
#(3160036, '', 3160, 4, 1149, 0, 0, 0, 0, 0, 0, 0, '-179.00,-21.16,4.4501', 0, 1),
#(3160037, '', 3160, 4, 1149, 0, 0, 0, 0, 0, 0, 0, '-295.20,-21.16,52.321', 0, 1),
#(3160038, '', 3160, 4, 1149, 0, 0, 0, 0, 0, 0, 0, '-199.90,-21.16,-33.21', 0, 1),
#(3160039, '', 3160, 4, 1150, 0, 0, 0, 0, 0, 0, 0, '-311.03,-21.16,11.421', 0, 1),
#(3160040, '', 3160, 4, 1150, 0, 0, 0, 0, 0, 0, 0, '-158.80,-21.16,-28.61', 0, 1),
#(3160041, '', 3160, 4, 1150, 0, 0, 0, 0, 0, 0, 0, '-306.80,-21.16,61.799', 0, 1),
#(3160042, '', 3160, 4, 1150, 0, 0, 0, 0, 0, 0, 0, '-242.10,-12.66,90.671', 0, 1),
#(3160043, '', 3160, 4, 1150, 0, 0, 0, 0, 0, 0, 0, '-307.70,-21.16,78.464', 0, 1),
#(3160044, '', 3160, 4, 1150, 0, 0, 0, 0, 0, 0, 0, '-168.40,-21.18,-31.73', 0, 1),
#(3160045, '', 3160, 4, 1151, 0, 0, 0, 0, 0, 0, 0, '-266.40,-21.16,-35.77', 0, 1),
#(3160046, '', 3160, 4, 1151, 0, 0, 0, 0, 0, 0, 0, '-240.70,-21.16,-59.91', 0, 1),
#(3160047, '', 3160, 4, 1151, 0, 0, 0, 0, 0, 0, 0, '-312.00,-21.16,38.021', 0, 1),
#(3160048, '', 3160, 4, 1151, 0, 0, 0, 0, 0, 0, 0, '-239.60,-21.16,-0.511', 0, 1),
#(3160049, '', 3160, 4, 1151, 0, 0, 0, 0, 0, 0, 0, '-225.60,-21.16,-20.05', 0, 1),
#(3160050, '', 3160, 4, 1151, 0, 0, 0, 0, 0, 0, 0, '-230.10,-12.66,90.671', 0, 1);




INSERT INTO `valve` (`id`, `valve_status`, `type`, `data1`, `data2`) VALUES 
(1147, 0, 1, 0, 0),
(1148, 0, 1, 0, 0),
(1149, 0, 1, 0, 0),
(1150, 0, 1, 0, 0),
(1151, 0, 1, 0, 0);

INSERT INTO `npc_group` (`id`, `name`, `req_level`) VALUES 
(30751, '陷阱', 1),
(30752, '陷阱', 1),
(30753, '陷阱', 1),
(40368, '宝箱', 1),
(40369, '宝箱', 1),
(40370, '宝箱', 1),
(40376, '宝箱', 1),
(40377, '宝箱', 1),
(60504, '尸体', 1),
(60507, '尸体', 1);

INSERT INTO `award_acquire` (`award_id`, `award_group`, `award_type`, `award_type_id`, `item_num`, `max_get_rate`, `min_get_rate`) VALUES 
(1001050, 1, 1, 3, 10000, 10000, 0),
(1001051, 1, 1, 1, 100, 10000, 0),
(1001052, 1, 1, 1, 500, 10000, 0),
(1001053, 1, 1, 3, 1000, 10000, 0),
(1001054, 1, 1, 1, 1, 10000, 0);

insert into monster(`id`,`name`,`attr_type`,`type`,`sex`,`family`,`profession`,`level`,`attr_id`,`special_effects`,`own_skills`,`skill_que`,`skill_vis`,`skill_loop_que`,`skill_que_vis`,`action_id`) values
('1001693','','0','0','1','6','1','0','1001693','','1000901;1000902','0,0,1','0','0,0,1;0,1,1;0,0,1','0','0'),
('1001694','','0','0','1','6','2','1','1001694','1031','1005801;1005802','0,0,1','0','0,0,1;0,1,1','0','0'),
('1001695','','0','0','1','3','1','0','1001695','','5200101;5200102;5200103','0,1,1;0,1,2','0','0,1,1;0,1,2','0','0'),
('1001696','','0','0','1','1','1','6','1001696','','1004901;1004902','0,0,1;0,0,1','0','0,0,1;0,0,1','0','0'),
('1001697','','0','0','1','5','1','0','1001697','','1005201;1005202;1005203','0,1,2','0','0,1,0;0,1,0,2;0,1,0;2,1,0;0,1,0','0','0'),
('1001698','','0','1','1','3','2','0','1001698','','1001301;1001302;1001303','0,1,2;1,0,1','0','2,1,0;0,1,1;0,1,1;1,0,1,2','0','0');

insert into monster_group(`id`,`name`,`fight`,`multi_boss`,`monster`,`money`,`user_exp`,`hero_exp`,`hero_impression`,`exp_ball`,`reward_id`,`action_id`,`max_battle_time`,`battle_check`,`attack_status_id`,`fight_type`) values
('200852','1','1','0','1001693','0','0','0','5','0','0','0','600000','0','0','0'),
('200853','1','1','0','1001694','0','0','0','5','0','0','0','600000','0','0','0'),
('200854','1','1','0','1001695','0','0','0','5','0','0','0','600000','0','0','0'),
('200855','1','1','0','1001696','0','0','0','5','0','0','0','600000','0','0','0'),
('200856','1','1','0','1001697','0','0','0','5','0','0','0','600000','0','0','0'),
('200857','1','1','0','1001698','0','0','0','5','0','0','0','600000','0','0','0');


insert into attribute(`id`,`life`,`phy_atk`,`mgc_atk`,`phy_def`,`mgc_def`,`life_add`,`phy_atk_add`,`mgc_atk_add`,`phy_def_add`,`mgc_def_add`,`hit_rate`,`dodge_rate`,`critical_rate`,`critical_dmg`,`critical_def`,`parry_rate`,`parry_def`,`hitbreak_rate`,`hitback_xp`,`dmg_add`,`dmg_cut`,`ice_atk`,`fire_atk`,`dark_atk`,`light_atk`,`ice_def`,`fire_def`,`light_def`,`dark_def`) values
('1001693','1584','158','0','64','64','0','0','0','0','0','10000','0','300','5000','0','300','3000','100','1000','0','0','0','0','0','0','0','0','0','0'),
('1001694','1584','158','0','64','64','0','0','0','0','0','10000','0','300','5000','0','300','3000','100','1000','0','0','0','0','0','0','0','0','0','0'),
('1001695','1584','158','0','64','64','0','0','0','0','0','10000','0','300','5000','0','300','3000','100','1000','0','0','0','0','0','0','0','0','0','0'),
('1001696','1584','158','0','64','64','0','0','0','0','0','10000','0','300','5000','0','300','3000','100','1000','0','0','0','0','0','0','0','0','0','0'),
('1001697','1584','158','0','64','64','0','0','0','0','0','10000','0','300','5000','0','300','3000','100','1000','0','0','0','0','0','0','0','0','0','0'),
('1001698','1584','158','0','64','64','0','0','0','0','0','10000','0','300','5000','0','300','3000','100','1000','0','0','0','0','0','0','0','0','0','0');
