###################################################
#20200414[终焉誓约][任务脚本]【雾海的危机】场景地图替换--场景替换(倪祖伟)
#by:倪祖伟
#date:2020-04-14
#论坛链接:http://forum.nderp.99.com/Forum/TopicList-360696.aspx
###################################################
#注释部分
#delete from attribute where `id` >= 1001770 and `id` <= 1001774;
#delete from monster where `id` >= 1001770 and `id` <= 1001774;
#delete from syn_reward where `id`>= 10338 and `id`<= 10359;
#打开注释部分
delete from attribute where `id` in (1000761,1000762,1000763,1000764,1000765,1000768,1000769,1000770,1000812,1000813,1000814,1000821,1000822,1000823,1000824,1000825,1000826,1000827,1000828,1000829,1000830,1000836,1000837,1000838,1000839,1000840,1000841,1000842,1000843,1000844,1000845,1000846,1000847,1000848,1000849,1000850,1000851,1000852,1000853,1000854,1000855,1000856,1000857,1000858,1000859,1000860,1000861,1000862,1000863,1000864,1000865,1000866,1000867,1000868,1000869,1000870,1000871,1000872,1000873,1000874,1000875,1000876,1000877,1000878,1000879,1000880,1000959,1000960,1000961,1000962,1000963,1000964,1000965,1000966,1000967,1000968,1000969,1000970,1000971,1000972,1000973,1000974,1000975,1000976,1000977,1000978,1000979,1000980,1000981,1000982,1000983,1001249,1001250,1001251,1001252,1001253,1001254,1001255,1001632,1001701,1001702,1001703,1001704,1001705,1001706,1001707,1001708,1001709,1001710,1001711,1001712,1001713,1001714,1001715,1001716,1001717,1001718,1001719,1001720,1001721,1001722,1001723,1001724,1001725,1001726,1001727,1001728,1001729,1001730,1001731,1001732,1001733,1001734,1001735,1001736,1001737,1001738,1001739,1001740,1001741,1001742,1001743,1001744,1001745,1001746,1001747,1001748,1001749,1001750);
delete from monster where `id` in (1000761,1000762,1000763,1000764,1000765,1000768,1000769,1000770,1000812,1000813,1000814,1000821,1000822,1000823,1000824,1000825,1000826,1000827,1000828,1000829,1000830,1000836,1000837,1000838,1000839,1000840,1000841,1000842,1000843,1000844,1000845,1000846,1000847,1000848,1000849,1000850,1000851,1000852,1000853,1000854,1000855,1000856,1000857,1000858,1000859,1000860,1000861,1000862,1000863,1000864,1000865,1000866,1000867,1000868,1000869,1000870,1000871,1000872,1000873,1000874,1000875,1000876,1000877,1000878,1000879,1000880,1000959,1000960,1000961,1000962,1000963,1000964,1000965,1000966,1000967,1000968,1000969,1000970,1000971,1000972,1000973,1000974,1000975,1000976,1000977,1000978,1000979,1000980,1000981,1000982,1000983,1001249,1001250,1001251,1001252,1001253,1001254,1001255,1001701,1001702,1001703,1001704,1001705,1001706,1001707,1001708,1001709,1001710,1001711,1001712,1001713,1001714,1001715,1001716,1001717,1001718,1001719,1001720,1001721,1001722,1001723,1001724,1001725,1001726,1001727,1001728,1001729,1001730,1001731,1001732,1001733,1001734,1001735,1001736,1001737,1001738,1001739,1001740,1001741,1001742,1001743,1001744,1001745,1001746,1001747,1001748,1001749,1001750);
delete from syn_reward where `id`>= 10318 and `id`<= 10325;
delete from monster_group where `id` in (200459,200460,200461,200462,200463,200466,200467,200468,200491,200492,200493,200499,200500,200501,200502,200503,200504,200505,200506,200507,200508,200509,200510,200511,200512,200513,200514,200515,200516,200517,200518,200519,200520,200521,200522,200523,200524,200525,200526,200527,200528,200529,200530,200531,200532,200533,200534,200535,200536,200537,200538,200539,200540,200541,200542,200543,200544,200545,200546,200547,200548,200549,200550,200551,200552,200553,200554,200555,200556,200557,200558,200559,200560,200561,200562,200563,200564,200565,200566,200567,200568,200569,200570,200571,200572,200573,200574,200575,200576,200577,200578,200777,200778,200779,200780,200781,200782,200783,200860,200861,200862,200863,200864,200865,200866,200867,200868,200869,200870,200871,200872,200873,200874,200875,200876,200877,200878,200879,200880,200881,200882,200883,200884,200885,200886,200887,200888,200889,200890,200891,200892,200893,200894,200895,200896,200897,200898,200899,200900,200901,200902,200903,200904,200905,200906,200907,200908,200909);
###################################################

insert into attribute(`id`,`life`,`phy_atk`,`mgc_atk`,`phy_def`,`mgc_def`,`life_add`,`phy_atk_add`,`mgc_atk_add`,`phy_def_add`,`mgc_def_add`,`hit_rate`,`dodge_rate`,`critical_rate`,`critical_dmg`,`critical_def`,`parry_rate`,`parry_def`,`hitbreak_rate`,`hitback_xp`,`dmg_add`,`dmg_cut`,`ice_atk`,`fire_atk`,`dark_atk`,`light_atk`,`ice_def`,`fire_def`,`light_def`,`dark_def`) values
('1000761','119694','3469','3469','1387','1387','0','0','0','0','0','10000','500','1000','5000','0','1000','3000','0','0','0','0','0','0','0','0','0','0','0','0'),
('1000762','70602','2499','2499','999','999','0','0','0','0','0','10000','500','1000','5000','0','1000','3000','0','0','0','0','0','0','0','0','0','0','0','0'),
('1000763','70602','2499','2499','999','999','0','0','0','0','0','10000','500','1000','5000','0','1000','3000','0','0','0','0','0','0','0','0','0','0','0','0'),
('1000764','70602','2499','2499','999','999','0','0','0','0','0','10000','500','1000','5000','0','1000','3000','0','0','0','0','0','0','0','0','0','0','0','0'),
('1000765','70602','2499','2499','999','999','0','0','0','0','0','10000','500','1000','5000','0','1000','3000','0','0','0','0','0','0','0','0','0','0','0','0'),
('1000768','58260','1832','1832','732','732','0','0','0','0','0','10000','500','1000','5000','0','1000','3000','0','0','0','0','0','0','0','0','0','0','0','0'),
('1000769','40622','1562','1562','624','624','0','0','0','0','0','10000','500','1000','5000','0','1000','3000','0','0','0','0','0','0','0','0','0','0','0','0'),
('1000770','40622','1562','1562','624','624','0','0','0','0','0','10000','500','1000','5000','0','1000','3000','0','0','0','0','0','0','0','0','0','0','0','0'),
('1000812','51210','1914','1914','765','765','0','0','0','0','0','10000','500','1000','5000','0','1000','3000','0','0','0','0','0','0','0','0','0','0','0','0'),
('1000813','51210','1914','1914','765','765','0','0','0','0','0','10000','500','1000','5000','0','1000','3000','0','0','0','0','0','0','0','0','0','0','0','0'),
('1000814','51210','1914','1914','765','765','0','0','0','0','0','10000','500','1000','5000','0','1000','3000','0','0','0','0','0','0','0','0','0','0','0','0'),
('1000821','129240','3650','3650','1460','1460','0','0','0','0','0','10000','500','1000','5000','0','1000','3000','0','0','0','0','0','0','0','0','0','0','0','0'),
('1000822','101975','3516','3516','1406','1406','0','0','0','0','0','10000','500','1000','5000','0','1000','3000','0','0','0','0','0','0','0','0','0','0','0','0'),
('1000823','101975','3516','3516','1406','1406','0','0','0','0','0','10000','500','1000','5000','0','1000','3000','0','0','0','0','0','0','0','0','0','0','0','0'),
('1000824','101975','3516','3516','1406','1406','0','0','0','0','0','10000','500','1000','5000','0','1000','3000','0','0','0','0','0','0','0','0','0','0','0','0'),
('1000825','101975','3516','3516','1406','1406','0','0','0','0','0','10000','500','1000','5000','0','1000','3000','0','0','0','0','0','0','0','0','0','0','0','0'),
('1000826','137727','3825','3825','1530','1530','0','0','0','0','0','10000','500','1000','5000','0','1000','3000','0','0','0','0','0','0','0','0','0','0','0','0'),
('1000827','107700','3650','3650','1460','1460','0','0','0','0','0','10000','500','1000','5000','0','1000','3000','0','0','0','0','0','0','0','0','0','0','0','0'),
('1000828','107700','3650','3650','1460','1460','0','0','0','0','0','10000','500','1000','5000','0','1000','3000','0','0','0','0','0','0','0','0','0','0','0','0'),
('1000829','107700','3650','3650','1460','1460','0','0','0','0','0','10000','500','1000','5000','0','1000','3000','0','0','0','0','0','0','0','0','0','0','0','0'),
('1000830','107700','3650','3650','1460','1460','0','0','0','0','0','10000','500','1000','5000','0','1000','3000','0','0','0','0','0','0','0','0','0','0','0','0'),
('1000836','189897','4906','4906','1962','1962','0','0','0','0','0','10000','500','1000','5000','0','1000','3000','0','0','0','0','0','0','0','0','0','0','0','0'),
('1000837','150072','4726','4726','1890','1890','0','0','0','0','0','10000','500','1000','5000','0','1000','3000','0','0','0','0','0','0','0','0','0','0','0','0'),
('1000838','150072','4726','4726','1890','1890','0','0','0','0','0','10000','500','1000','5000','0','1000','3000','0','0','0','0','0','0','0','0','0','0','0','0'),
('1000839','150072','4726','4726','1890','1890','0','0','0','0','0','10000','500','1000','5000','0','1000','3000','0','0','0','0','0','0','0','0','0','0','0','0'),
('1000840','150072','4726','4726','1890','1890','0','0','0','0','0','10000','500','1000','5000','0','1000','3000','0','0','0','0','0','0','0','0','0','0','0','0'),
('1000841','153306','4188','4188','1675','1675','0','0','0','0','0','10000','500','1000','5000','0','1000','3000','0','0','0','0','0','0','0','0','0','0','0','0'),
('1000842','114772','3825','3825','1530','1530','0','0','0','0','0','10000','500','1000','5000','0','1000','3000','0','0','0','0','0','0','0','0','0','0','0','0'),
('1000843','114772','3825','3825','1530','1530','0','0','0','0','0','10000','500','1000','5000','0','1000','3000','0','0','0','0','0','0','0','0','0','0','0','0'),
('1000844','114772','3825','3825','1530','1530','0','0','0','0','0','10000','500','1000','5000','0','1000','3000','0','0','0','0','0','0','0','0','0','0','0','0'),
('1000845','114772','3825','3825','1530','1530','0','0','0','0','0','10000','500','1000','5000','0','1000','3000','0','0','0','0','0','0','0','0','0','0','0','0'),
('1000846','184536','4805','4805','1922','1922','0','0','0','0','0','10000','500','1000','5000','0','1000','3000','0','0','0','0','0','0','0','0','0','0','0','0'),
('1000847','143442','4553','4553','1821','1821','0','0','0','0','0','10000','500','1000','5000','0','1000','3000','0','0','0','0','0','0','0','0','0','0','0','0'),
('1000848','143442','4553','4553','1821','1821','0','0','0','0','0','10000','500','1000','5000','0','1000','3000','0','0','0','0','0','0','0','0','0','0','0','0'),
('1000849','143442','4553','4553','1821','1821','0','0','0','0','0','10000','500','1000','5000','0','1000','3000','0','0','0','0','0','0','0','0','0','0','0','0'),
('1000850','143442','4553','4553','1821','1821','0','0','0','0','0','10000','500','1000','5000','0','1000','3000','0','0','0','0','0','0','0','0','0','0','0','0'),
('1000851','235002','5845','5845','2338','2338','0','0','0','0','0','10000','500','1000','5000','0','1000','3000','0','0','0','0','0','0','0','0','0','0','0','0'),
('1000852','186090','5639','5639','2255','2255','0','0','0','0','0','10000','500','1000','5000','0','1000','3000','0','0','0','0','0','0','0','0','0','0','0','0'),
('1000853','186090','5639','5639','2255','2255','0','0','0','0','0','10000','500','1000','5000','0','1000','3000','0','0','0','0','0','0','0','0','0','0','0','0'),
('1000854','186090','5639','5639','2255','2255','0','0','0','0','0','10000','500','1000','5000','0','1000','3000','0','0','0','0','0','0','0','0','0','0','0','0'),
('1000855','186090','5639','5639','2255','2255','0','0','0','0','0','10000','500','1000','5000','0','1000','3000','0','0','0','0','0','0','0','0','0','0','0','0'),
('1000856','229140','5742','5742','2296','2296','0','0','0','0','0','10000','500','1000','5000','0','1000','3000','0','0','0','0','0','0','0','0','0','0','0','0'),
('1000857','168762','5153','5153','2061','2061','0','0','0','0','0','10000','500','1000','5000','0','1000','3000','0','0','0','0','0','0','0','0','0','0','0','0'),
('1000858','168762','5153','5153','2061','2061','0','0','0','0','0','10000','500','1000','5000','0','1000','3000','0','0','0','0','0','0','0','0','0','0','0','0'),
('1000859','168762','5153','5153','2061','2061','0','0','0','0','0','10000','500','1000','5000','0','1000','3000','0','0','0','0','0','0','0','0','0','0','0','0'),
('1000860','168762','5153','5153','2061','2061','0','0','0','0','0','10000','500','1000','5000','0','1000','3000','0','0','0','0','0','0','0','0','0','0','0','0'),
('1000861','202515','5153','5153','2061','2061','0','0','0','0','0','10000','500','1000','5000','0','1000','3000','0','0','0','0','0','0','0','0','0','0','0','0'),
('1000862','158247','4906','4906','1962','1962','0','0','0','0','0','10000','500','1000','5000','0','1000','3000','0','0','0','0','0','0','0','0','0','0','0','0'),
('1000863','158247','4906','4906','1962','1962','0','0','0','0','0','10000','500','1000','5000','0','1000','3000','0','0','0','0','0','0','0','0','0','0','0','0'),
('1000864','158247','4906','4906','1962','1962','0','0','0','0','0','10000','500','1000','5000','0','1000','3000','0','0','0','0','0','0','0','0','0','0','0','0'),
('1000865','158247','4906','4906','1962','1962','0','0','0','0','0','10000','500','1000','5000','0','1000','3000','0','0','0','0','0','0','0','0','0','0','0','0'),
('1000866','240960','5949','5949','2379','2379','0','0','0','0','0','10000','500','1000','5000','0','1000','3000','0','0','0','0','0','0','0','0','0','0','0','0'),
('1000867','190950','5742','5742','2296','2296','0','0','0','0','0','10000','500','1000','5000','0','1000','3000','0','0','0','0','0','0','0','0','0','0','0','0'),
('1000868','190950','5742','5742','2296','2296','0','0','0','0','0','10000','500','1000','5000','0','1000','3000','0','0','0','0','0','0','0','0','0','0','0','0'),
('1000869','190950','5742','5742','2296','2296','0','0','0','0','0','10000','500','1000','5000','0','1000','3000','0','0','0','0','0','0','0','0','0','0','0','0'),
('1000870','190950','5742','5742','2296','2296','0','0','0','0','0','10000','500','1000','5000','0','1000','3000','0','0','0','0','0','0','0','0','0','0','0','0'),
('1000871','172131','4553','4553','1821','1821','0','0','0','0','0','10000','500','1000','5000','0','1000','3000','0','0','0','0','0','0','0','0','0','0','0','0'),
('1000872','135495','4370','4370','1748','1748','0','0','0','0','0','10000','500','1000','5000','0','1000','3000','0','0','0','0','0','0','0','0','0','0','0','0'),
('1000873','135495','4370','4370','1748','1748','0','0','0','0','0','10000','500','1000','5000','0','1000','3000','0','0','0','0','0','0','0','0','0','0','0','0'),
('1000874','135495','4370','4370','1748','1748','0','0','0','0','0','10000','500','1000','5000','0','1000','3000','0','0','0','0','0','0','0','0','0','0','0','0'),
('1000875','135495','4370','4370','1748','1748','0','0','0','0','0','10000','500','1000','5000','0','1000','3000','0','0','0','0','0','0','0','0','0','0','0','0'),
('1000876','247044','6055','6055','2422','2422','0','0','0','0','0','10000','500','1000','5000','0','1000','3000','0','0','0','0','0','0','0','0','0','0','0','0'),
('1000877','195835','5845','5845','2338','2338','0','0','0','0','0','10000','500','1000','5000','0','1000','3000','0','0','0','0','0','0','0','0','0','0','0','0'),
('1000878','195835','5845','5845','2338','2338','0','0','0','0','0','10000','500','1000','5000','0','1000','3000','0','0','0','0','0','0','0','0','0','0','0','0'),
('1000879','195835','5845','5845','2338','2338','0','0','0','0','0','10000','500','1000','5000','0','1000','3000','0','0','0','0','0','0','0','0','0','0','0','0'),
('1000880','195835','5845','5845','2338','2338','0','0','0','0','0','10000','500','1000','5000','0','1000','3000','0','0','0','0','0','0','0','0','0','0','0','0'),
('1000959','223308','5639','5639','2255','2255','0','0','0','0','0','10000','500','1000','5000','0','1000','3000','0','0','0','0','0','0','0','0','0','0','0','0'),
('1000960','163472','5029','5029','2011','2011','0','0','0','0','0','10000','500','1000','5000','0','1000','3000','0','0','0','0','0','0','0','0','0','0','0','0'),
('1000961','163472','5029','5029','2011','2011','0','0','0','0','0','10000','500','1000','5000','0','1000','3000','0','0','0','0','0','0','0','0','0','0','0','0'),
('1000962','163472','5029','5029','2011','2011','0','0','0','0','0','10000','500','1000','5000','0','1000','3000','0','0','0','0','0','0','0','0','0','0','0','0'),
('1000963','163472','5029','5029','2011','2011','0','0','0','0','0','10000','500','1000','5000','0','1000','3000','0','0','0','0','0','0','0','0','0','0','0','0'),
('1000964','162594','4370','4370','1748','1748','0','0','0','0','0','10000','500','1000','5000','0','1000','3000','0','0','0','0','0','0','0','0','0','0','0','0'),
('1000965','127755','4188','4188','1675','1675','0','0','0','0','0','10000','500','1000','5000','0','1000','3000','0','0','0','0','0','0','0','0','0','0','0','0'),
('1000966','127755','4188','4188','1675','1675','0','0','0','0','0','10000','500','1000','5000','0','1000','3000','0','0','0','0','0','0','0','0','0','0','0','0'),
('1000967','127755','4188','4188','1675','1675','0','0','0','0','0','10000','500','1000','5000','0','1000','3000','0','0','0','0','0','0','0','0','0','0','0','0'),
('1000968','127755','4188','4188','1675','1675','0','0','0','0','0','10000','500','1000','5000','0','1000','3000','0','0','0','0','0','0','0','0','0','0','0','0'),
('1000969','196167','5029','5029','2011','2011','0','0','0','0','0','10000','500','1000','5000','0','1000','3000','0','0','0','0','0','0','0','0','0','0','0','0'),
('1000970','153780','4805','4805','1922','1922','0','0','0','0','0','10000','500','1000','5000','0','1000','3000','0','0','0','0','0','0','0','0','0','0','0','0'),
('1000971','153780','4805','4805','1922','1922','0','0','0','0','0','10000','500','1000','5000','0','1000','3000','0','0','0','0','0','0','0','0','0','0','0','0'),
('1000972','153780','4805','4805','1922','1922','0','0','0','0','0','10000','500','1000','5000','0','1000','3000','0','0','0','0','0','0','0','0','0','0','0','0'),
('1000973','153780','4805','4805','1922','1922','0','0','0','0','0','10000','500','1000','5000','0','1000','3000','0','0','0','0','0','0','0','0','0','0','0','0'),
('1000974','254118','6182','6182','2472','2472','0','0','0','0','0','10000','500','1000','5000','0','1000','3000','0','0','0','0','0','0','0','0','0','0','0','0'),
('1000975','200800','5949','5949','2379','2379','0','0','0','0','0','10000','500','1000','5000','0','1000','3000','0','0','0','0','0','0','0','0','0','0','0','0'),
('1000976','200800','5949','5949','2379','2379','0','0','0','0','0','10000','500','1000','5000','0','1000','3000','0','0','0','0','0','0','0','0','0','0','0','0'),
('1000977','200800','5949','5949','2379','2379','0','0','0','0','0','10000','500','1000','5000','0','1000','3000','0','0','0','0','0','0','0','0','0','0','0','0'),
('1000978','200800','5949','5949','2379','2379','0','0','0','0','0','10000','500','1000','5000','0','1000','3000','0','0','0','0','0','0','0','0','0','0','0','0'),
('1000979','261258','6310','6310','2524','2524','0','0','0','0','0','10000','500','1000','5000','0','1000','3000','0','0','0','0','0','0','0','0','0','0','0','0'),
('1000980','205870','6055','6055','2422','2422','0','0','0','0','0','10000','500','1000','5000','0','1000','3000','0','0','0','0','0','0','0','0','0','0','0','0'),
('1000981','205870','6055','6055','2422','2422','0','0','0','0','0','10000','500','1000','5000','0','1000','3000','0','0','0','0','0','0','0','0','0','0','0','0'),
('1000982','205870','6055','6055','2422','2422','0','0','0','0','0','10000','500','1000','5000','0','1000','3000','0','0','0','0','0','0','0','0','0','0','0','0'),
('1000983','205870','6055','6055','2422','2422','0','0','0','0','0','10000','500','1000','5000','0','1000','3000','0','0','0','0','0','0','0','0','0','0','0','0'),
('1001249','80730','2402','2402','960','960','0','0','0','0','0','10000','500','1000','5000','0','1000','3000','0','0','0','0','0','0','0','0','0','0','0','0'),
('1001250','60860','2213','2213','885','885','0','0','0','0','0','10000','500','1000','5000','0','1000','3000','0','0','0','0','0','0','0','0','0','0','0','0'),
('1001251','60860','2213','2213','885','885','0','0','0','0','0','10000','500','1000','5000','0','1000','3000','0','0','0','0','0','0','0','0','0','0','0','0'),
('1001252','60860','2213','2213','885','885','0','0','0','0','0','10000','500','1000','5000','0','1000','3000','0','0','0','0','0','0','0','0','0','0','0','0'),
('1001253','60860','2213','2213','885','885','0','0','0','0','0','10000','500','1000','5000','0','1000','3000','0','0','0','0','0','0','0','0','0','0','0','0'),
('1001254','69069','2112','2112','844','844','0','0','0','0','0','10000','500','1000','5000','0','1000','3000','0','0','0','0','0','0','0','0','0','0','0','0'),
('1001255','51210','1914','1914','765','765','0','0','0','0','0','10000','500','1000','5000','0','1000','3000','0','0','0','0','0','0','0','0','0','0','0','0'),
('1001632','18418','4224','4224','844','844','0','0','0','0','0','10000','500','1000','5000','0','1000','3000','0','0','0','0','0','0','0','0','0','0','0','0'),
('1001701','275745','6612','6612','2644','2644','0','0','0','0','0','10000','500','1000','5000','0','1000','3000','0','0','0','0','0','0','0','0','0','0','0','0'),
('1001702','211765','6182','6182','2472','2472','0','0','0','0','0','10000','500','1000','5000','0','1000','3000','0','0','0','0','0','0','0','0','0','0','0','0'),
('1001703','211765','6182','6182','2472','2472','0','0','0','0','0','10000','500','1000','5000','0','1000','3000','0','0','0','0','0','0','0','0','0','0','0','0'),
('1001704','211765','6182','6182','2472','2472','0','0','0','0','0','10000','500','1000','5000','0','1000','3000','0','0','0','0','0','0','0','0','0','0','0','0'),
('1001705','211765','6182','6182','2472','2472','0','0','0','0','0','10000','500','1000','5000','0','1000','3000','0','0','0','0','0','0','0','0','0','0','0','0'),
('1001706','279870','6663','6663','2665','2665','0','0','0','0','0','10000','500','1000','5000','0','1000','3000','0','0','0','0','0','0','0','0','0','0','0','0'),
('1001707','217715','6310','6310','2524','2524','0','0','0','0','0','10000','500','1000','5000','0','1000','3000','0','0','0','0','0','0','0','0','0','0','0','0'),
('1001708','217715','6310','6310','2524','2524','0','0','0','0','0','10000','500','1000','5000','0','1000','3000','0','0','0','0','0','0','0','0','0','0','0','0'),
('1001709','217715','6310','6310','2524','2524','0','0','0','0','0','10000','500','1000','5000','0','1000','3000','0','0','0','0','0','0','0','0','0','0','0','0'),
('1001710','217715','6310','6310','2524','2524','0','0','0','0','0','10000','500','1000','5000','0','1000','3000','0','0','0','0','0','0','0','0','0','0','0','0'),
('1001711','286056','6762','6762','2704','2704','0','0','0','0','0','10000','500','1000','5000','0','1000','3000','0','0','0','0','0','0','0','0','0','0','0','0'),
('1001712','229787','6612','6612','2644','2644','0','0','0','0','0','10000','500','1000','5000','0','1000','3000','0','0','0','0','0','0','0','0','0','0','0','0'),
('1001713','229787','6612','6612','2644','2644','0','0','0','0','0','10000','500','1000','5000','0','1000','3000','0','0','0','0','0','0','0','0','0','0','0','0'),
('1001714','229787','6612','6612','2644','2644','0','0','0','0','0','10000','500','1000','5000','0','1000','3000','0','0','0','0','0','0','0','0','0','0','0','0'),
('1001715','229787','6612','6612','2644','2644','0','0','0','0','0','10000','500','1000','5000','0','1000','3000','0','0','0','0','0','0','0','0','0','0','0','0'),
('1001716','293547','6890','6890','2756','2756','0','0','0','0','0','10000','500','1000','5000','0','1000','3000','0','0','0','0','0','0','0','0','0','0','0','0'),
('1001717','233225','6663','6663','2665','2665','0','0','0','0','0','10000','500','1000','5000','0','1000','3000','0','0','0','0','0','0','0','0','0','0','0','0'),
('1001718','233225','6663','6663','2665','2665','0','0','0','0','0','10000','500','1000','5000','0','1000','3000','0','0','0','0','0','0','0','0','0','0','0','0'),
('1001719','233225','6663','6663','2665','2665','0','0','0','0','0','10000','500','1000','5000','0','1000','3000','0','0','0','0','0','0','0','0','0','0','0','0'),
('1001720','233225','6663','6663','2665','2665','0','0','0','0','0','10000','500','1000','5000','0','1000','3000','0','0','0','0','0','0','0','0','0','0','0','0'),
('1001721','301089','7018','7018','2807','2807','0','0','0','0','0','10000','500','1000','5000','0','1000','3000','0','0','0','0','0','0','0','0','0','0','0','0'),
('1001722','238380','6762','6762','2704','2704','0','0','0','0','0','10000','500','1000','5000','0','1000','3000','0','0','0','0','0','0','0','0','0','0','0','0'),
('1001723','238380','6762','6762','2704','2704','0','0','0','0','0','10000','500','1000','5000','0','1000','3000','0','0','0','0','0','0','0','0','0','0','0','0'),
('1001724','238380','6762','6762','2704','2704','0','0','0','0','0','10000','500','1000','5000','0','1000','3000','0','0','0','0','0','0','0','0','0','0','0','0'),
('1001725','238380','6762','6762','2704','2704','0','0','0','0','0','10000','500','1000','5000','0','1000','3000','0','0','0','0','0','0','0','0','0','0','0','0'),
('1001726','308667','7145','7145','2858','2858','0','0','0','0','0','10000','500','1000','5000','0','1000','3000','0','0','0','0','0','0','0','0','0','0','0','0'),
('1001727','244622','6890','6890','2756','2756','0','0','0','0','0','10000','500','1000','5000','0','1000','3000','0','0','0','0','0','0','0','0','0','0','0','0'),
('1001728','244622','6890','6890','2756','2756','0','0','0','0','0','10000','500','1000','5000','0','1000','3000','0','0','0','0','0','0','0','0','0','0','0','0'),
('1001729','244622','6890','6890','2756','2756','0','0','0','0','0','10000','500','1000','5000','0','1000','3000','0','0','0','0','0','0','0','0','0','0','0','0'),
('1001730','244622','6890','6890','2756','2756','0','0','0','0','0','10000','500','1000','5000','0','1000','3000','0','0','0','0','0','0','0','0','0','0','0','0'),
('1001731','316305','7271','7271','2908','2908','0','0','0','0','0','10000','500','1000','5000','0','1000','3000','0','0','0','0','0','0','0','0','0','0','0','0'),
('1001732','250907','7018','7018','2807','2807','0','0','0','0','0','10000','500','1000','5000','0','1000','3000','0','0','0','0','0','0','0','0','0','0','0','0'),
('1001733','250907','7018','7018','2807','2807','0','0','0','0','0','10000','500','1000','5000','0','1000','3000','0','0','0','0','0','0','0','0','0','0','0','0'),
('1001734','250907','7018','7018','2807','2807','0','0','0','0','0','10000','500','1000','5000','0','1000','3000','0','0','0','0','0','0','0','0','0','0','0','0'),
('1001735','250907','7018','7018','2807','2807','0','0','0','0','0','10000','500','1000','5000','0','1000','3000','0','0','0','0','0','0','0','0','0','0','0','0'),
('1001736','323991','7397','7397','2958','2958','0','0','0','0','0','10000','500','1000','5000','0','1000','3000','0','0','0','0','0','0','0','0','0','0','0','0'),
('1001737','257222','7145','7145','2858','2858','0','0','0','0','0','10000','500','1000','5000','0','1000','3000','0','0','0','0','0','0','0','0','0','0','0','0'),
('1001738','257222','7145','7145','2858','2858','0','0','0','0','0','10000','500','1000','5000','0','1000','3000','0','0','0','0','0','0','0','0','0','0','0','0'),
('1001739','257222','7145','7145','2858','2858','0','0','0','0','0','10000','500','1000','5000','0','1000','3000','0','0','0','0','0','0','0','0','0','0','0','0'),
('1001740','257222','7145','7145','2858','2858','0','0','0','0','0','10000','500','1000','5000','0','1000','3000','0','0','0','0','0','0','0','0','0','0','0','0'),
('1001741','331713','7521','7521','3008','3008','0','0','0','0','0','10000','500','1000','5000','0','1000','3000','0','0','0','0','0','0','0','0','0','0','0','0'),
('1001742','263587','7271','7271','2908','2908','0','0','0','0','0','10000','500','1000','5000','0','1000','3000','0','0','0','0','0','0','0','0','0','0','0','0'),
('1001743','263587','7271','7271','2908','2908','0','0','0','0','0','10000','500','1000','5000','0','1000','3000','0','0','0','0','0','0','0','0','0','0','0','0'),
('1001744','263587','7271','7271','2908','2908','0','0','0','0','0','10000','500','1000','5000','0','1000','3000','0','0','0','0','0','0','0','0','0','0','0','0'),
('1001745','263587','7271','7271','2908','2908','0','0','0','0','0','10000','500','1000','5000','0','1000','3000','0','0','0','0','0','0','0','0','0','0','0','0'),
('1001746','347841','7834','7834','3133','3133','0','0','0','0','0','10000','500','1000','5000','0','1000','3000','0','0','0','0','0','0','0','0','0','0','0','0'),
('1001747','269992','7397','7397','2958','2958','0','0','0','0','0','10000','500','1000','5000','0','1000','3000','0','0','0','0','0','0','0','0','0','0','0','0'),
('1001748','269992','7397','7397','2958','2958','0','0','0','0','0','10000','500','1000','5000','0','1000','3000','0','0','0','0','0','0','0','0','0','0','0','0'),
('1001749','269992','7397','7397','2958','2958','0','0','0','0','0','10000','500','1000','5000','0','1000','3000','0','0','0','0','0','0','0','0','0','0','0','0'),
('1001750','269992','7397','7397','2958','2958','0','0','0','0','0','10000','500','1000','5000','0','1000','3000','0','0','0','0','0','0','0','0','0','0','0','0'),
('1001770','45901','4553','4553','1821','1821','0','0','0','0','0','10000','500','1000','5000','0','1000','3000','0','0','0','0','0','0','0','0','0','0','0','0'),
('1001771','50639','4906','4906','1962','1962','0','0','0','0','0','10000','500','1000','5000','0','1000','3000','0','0','0','0','0','0','0','0','0','0','0','0'),
('1001772','59548','5639','5639','2255','2255','0','0','0','0','0','10000','500','1000','5000','0','1000','3000','0','0','0','0','0','0','0','0','0','0','0','0'),
('1001773','82311','7145','7145','2858','2858','0','0','0','0','0','10000','500','1000','5000','0','1000','3000','0','0','0','0','0','0','0','0','0','0','0','0'),
('1001774','84348','7271','7271','2908','2908','0','0','0','0','0','10000','500','1000','5000','0','1000','3000','0','0','0','0','0','0','0','0','0','0','0','0');

insert into monster(`id`,`name`,`attr_type`,`type`,`sex`,`family`,`profession`,`level`,`attr_id`,`special_effects`,`own_skills`,`skill_que`,`skill_vis`,`skill_loop_que`,`skill_que_vis`,`action_id`) values
('1000761','绯红女巫','0','0','1','6','2','34','1000761','1604','1005401;1005402;1005403','0,1,2;0,1,2','0','1,0,1;1,0,1;0,1,2','0','0'),
('1000762','女巫忠仆','0','0','1','6','2','32','1000762','1621','1005801;1005802','0,0,1','0','0,0,1;0,1,1','0','0'),
('1000763','黑夜异教徒','0','0','1','3','2','32','1000763','1607','1001301;1001302;1001303','0,1,2;1,0,1','0','2,1,0;0,1,1;0,1,1;1,0,1,2','0','0'),
('1000764','亡魂傀儡','0','0','1','3','2','32','1000764','1618','1004001;1004002','0,1,0;1,0,1,0;0,1','0','1,0,1,0,1;0,1,0;1,0,1','0','0'),
('1000765','苍蓝领主拉弥娅','0','2','1','6','2','32','1000765','','1005701;1005702;1005703;1005704','0,1,2;0,1,2','0','0,0,1;0,1,2;0,1,2','0','0'),
('1000768','白骨孤狼','0','0','1','1','1','25','1000768','','1002601;1002602;1002603','0,1,0;0,1,2','0','0,1,0;0,1;0,1,2','0','0'),
('1000769','被捕的叛军','0','0','1','4','1','23','1000769','','1005001;1005002;1005003','1,1,2;1,0,1,2;1,0,1,0','0','0,2;1,0,1,0;0,1,2,2','0','0'),
('1000770','铁卫领主阿特斯','0','2','1','6','1','23','1000770','','5201801;5201802;5201803','0,2;2,0,1,0','0','0,2;2,1,1,1,0;0,0,1','0','0'),
('1000812','亵职的官员','0','0','1','4','1','26','1000812','1031','1004801;1004802;1004803','0,2;1,0,1,0;1,0,1,2','0','0,2;1,0,1,0;1,2','0','0'),
('1000813','禁卫军逃兵','0','0','1','3','1','26','1000813','1041','5200101;5200102;5200103','0,1,1;0,1,2','0','0,1,1;0,1,2','0','0'),
('1000814','幽岚领主塔伦','0','2','1','6','1','26','1000814','','5201001;5201002;5201003','0,2','0','0,0;0,0,2;0,0;0,0,2','0','0'),
('1000821','复仇妖姬','0','0','1','4','1','37','1000821','1606','1002101;1002102;1002103','0,1,2;0,1,0','0','0,1;0,0,2;0,1;1,2,0;0,1,1','0','0'),
('1000822','暗夜潜行者','0','0','1','4','1','35','1000822','1621','1002201;1002202;1002203','0,1,0;0,1,2','0','0,1;0,1,2;1,0,1;0,1;1,0,2','0','0'),
('1000823','虚死惩戒者','0','0','1','6','1','35','1000823','1626','1003501;1003502;1003503;1003504','0,1,3;1,0,1,2','0','3,1,0;1,0,2;1,0,2;2,0,1,3;1,0,2','0','0'),
('1000824','鬼刃剑士','0','0','1','6','2','35','1000824','1616','1003201;1003202;1003203','1,1,2;0,0,2','0','0,0,1;0,0,1;0,1,2;0,0,1;0,1,2,2','0','0'),
('1000825','千纸领主洛伊','0','2','1','6','2','35','1000825','1610','1003701;1003702;1003703;1003704','1,0,2;0,1,3','0','0,1,2;3,0,2;1,0,2;1,1,3;1,1,2;1,0,2','0','0'),
('1000826','炎尾魔蝎','0','0','1','2','1','39','1000826','1623','1001001;1001002','1,0,1','0','1,0,1;1,0,1,1;1,0,1','0','0'),
('1000827','梦魇灰狐','0','0','1','6','1','37','1000827','1636','1005301;1005302;1005303','0,0,1;0,0,2','0','1,1,2;0,0,1;0,0,1','0','0'),
('1000828','蚀骨毒蜂','0','0','1','6','2','37','1000828','1604','1004201;1004202;1004203','0,1,0,2;1,0,1','0','1,0,1,0,2;0,1,1;0,1,1;1,0,1,2','0','0'),
('1000829','阔刃鬼武士','0','0','1','6','1','37','1000829','1620','1003401;1003402;1003403','0,1,0,2','0','0,1,0;0,1;0,1,1,2;0,1,0;0,1,2','0','0'),
('1000830','荒沼领主贝格','0','2','2','6','1','37','1000830','1611','1002701;1002702;1002703','0,1,2;0,0,1,2','0','0,1,1;0,1,2;0,1;0,0,1,2;0,2','0','0'),
('1000836','堕落女佣','0','0','1','3','2','46','1000836','1627','1004001;1004002','0,1,0;1,0,1,0;0,1','0','1,0,1,0,1;0,1,0;1,0,1','0','0'),
('1000837','野性狼骑','0','0','1','1','1','46','1000837','1611','1004401;1004402;1004403','0,1,0;0,1,2','0','0,1,0;0,1;0,1,2','0','0'),
('1000838','利刺毒蝎','0','0','1','2','2','46','1000838','1618','1001001;1001002','1,0,1','0','1,0,1;1,0,1,1;1,0,1','0','0'),
('1000839','狡猾欺诈师','0','1','1','4','1','46','1000839','1621','5202301;5202302;5202303','0,1,0,2;1,0,1','0','0,1,0,2;0,1,0;0,1,2;0,1,0','0','0'),
('1000840','噬盾领主霍普','0','0','1','4','1','48','1000840','','5201101;5201102;5201103','0,1,0;0,0,2','0','0,0;0,0,2;0,1;0,0;0,1,2,2','0','0'),
('1000841','疯狂博士','0','0','1','4','1','41','1000841','1631','5202301;5202302;5202303','0,1,0,2;1,0,1','0','0,1,0,2;0,1,0;0,1,2;0,1,0','0','0'),
('1000842','摩尔号3型','0','0','1','5','1','39','1000842','1637','1005201;1005202;1005203','0,1,2','0','0,1,0;0,1,0,2;0,1,0;2,1,0;0,1,0','0','0'),
('1000843','丛林狂战士','0','0','1','1','1','39','1000843','1031','1001501;1001502;1001503','0,2,1;0,1,0;2,1','0','0,1,2;1,0,1;1,0,1','0','0'),
('1000844','暴食酋长','0','0','1','1','1','39','1000844','1041','1001201;1001202;1001203','0,2;2,1,0;0,0,1','0','0,2;2,0,1,0;0,1','0','0'),
('1000845','怒涛领主奥古斯','0','2','1','6','2','39','1000845','1628','900001;900002;900003;900004','1,1,3;0,1,2','0','0,1,2;0,1,3;0,2,2','0','0'),
('1000846','鹿角使徒','0','1','1','1','1','45','1000846','1641','1002401;1002402;1002403','0,1,0;0,1,0,2','0','0,1,0;0,1;0,1,1,2;0,1,0;0,1,2','0','0'),
('1000847','鬼泣撕裂者','0','1','1','6','2','45','1000847','1640','1003301;1003302;1003303','0,1,2;0,0,1','0','0,0,2;0,0,1;0,1','0','0'),
('1000848','海盗团团长','0','0','1','4','1','45','1000848','1616','1005001;1005002;1005003','1,1,2;1,0,1,2;1,0,1,0','0','0,2;1,0,1,0;0,1,2,2','0','0'),
('1000849','霜晶锐爪','0','0','1','1','1','45','1000849','1617','1004901;1004902;1004903','0,1,1;0,1,2;2,1','0','0,0,1;0,1,1;0,1,2','0','0'),
('1000850','剑豪领主拉希德','0','0','1','4','1','47','1000850','','10301;10302;10303;10304;10305;10306;10307','0,2,3,4,6','0','0,2,4;1,3,6','0','0'),
('1000851','獠牙猎狼','0','1','1','1','1','51','1000851','1637','1002601;1002602;1002603','0,1,0;0,1,2','0','0,1,0;0,1;0,1,2','0','0'),
('1000852','流亡的魔咒师','0','1','1','4','1','51','1000852','1606','5202301;5202302;5202303','0,1,0,2;1,0,1','0','0,1,0,2;0,1,0;0,1,2;0,1,0','0','0'),
('1000853','鲁莽锤击者','0','0','1','4','1','51','1000853','1604','1005001;1005002;1005003','1,1,2;1,0,1,2;1,0,1,0','0','0,2;1,0,1,0;0,1,2,2','0','0'),
('1000854','诅咒祭奠师','0','1','1','4','1','51','1000854','1620','5202401;5202402;5202403','1,0;0,1,0,2','0','0,1,0,2;0,1,0;0,1,2;0,1,0','0','0'),
('1000855','铸魂领主米尔顿','0','2','1','6','2','53','1000855','','5202201;5202202;5202203;5202204','0,1,2,3;1,0,2','0','0,2,1,3;0,1,2;0,1,1;1,2,3;1,0,2,1','0','0'),
('1000856','盾锤争斗者','0','0','1','4','1','50','1000856','1631','1005001;1005002;1005003','1,1,2;1,0,1,2;1,0,1,0','0','0,2;1,0,1,0;0,1,2,2','0','0'),
('1000857','余烬女巫','0','0','1','6','2','50','1000857','1618','1005401;1005402;1005403','0,1,2;0,1,2','0','1,0,1;1,0,1;0,1,2','0','0'),
('1000858','寂夜屠夫','0','0','1','4','1','50','1000858','1605','1004801;1004802;1004803','0,2;1,0,1,0;1,0,1,2','0','0,2;1,0,1,0;1,2','0','0'),
('1000859','闪灵怪盗','0','1','1','4','1','50','1000859','1626','5202101;5202102;5202103','2,0;0,1,1','0','0,0;0,1,2;0,0;0,0;0,1,2,2','0','0'),
('1000860','鬼纹领主杰西法','0','0','1','6','2','52','1000860','','10601;10602;10603;10604;10605;10606;10607','0,2,3,4,6','0','0,2,4;1,3,6','0','0'),
('1000861','决绝夜行者','0','0','1','5','1','48','1000861','1623','1000701;1000702;1000703','1,0,1;0,2,1','0','1,0,1,0,1;0,1,0;0,1,2;1,0,1;2,0,1;1,0,1','0','0'),
('1000862','诡诈沙狐','0','0','1','5','1','48','1000862','1636','1004101;1004102;1004103','0,0,1;0,0,2','0','1,1,2;0,0,1;0,0,1','0','0'),
('1000863','蛮吼突袭者','0','0','1','1','1','48','1000863','1620','1004401;1004402;1004403','0,1,0;0,1,2','0','0,1,0;0,1;0,1,2','0','0'),
('1000864','丛林神射手','0','0','1','5','1','48','1000864','1626','1005101;1005102;1005103','0,1,2;1,0,1,2','0','0,2;1,0,1,0,1;0,1,2;1,0,1','0','0'),
('1000865','魅影领主苏姬','0','1','1','4','1','50','1000865','','1002201;1002202;1002203','0,1,0;0,1,2','0','0,1;0,1,2;1,0,1;0,1;1,0,2','0','0'),
('1000866','怒火战魔','0','1','1','4','1','52','1000866','1631','5202001;5202002','0,0,1,1;0,0','0','1,0,0,1;0,0,1,1;0,0','0','0'),
('1000867','沙漠战魂','0','1','1','3','1','52','1000867','1011','5200801;5200802;5200803','0,1;0,0,2;0,0','0','0,1;0,0,2;0,0;1,2,2;0,0','0','0'),
('1000868','邪灵指挥官','0','0','1','4','1','52','1000868','1611','1004801;1004802;1004803','0,2;1,0,1,0;1,0,1,2','0','0,2;1,0,1,0;1,2','0','0'),
('1000869','黯言囚灵','0','0','1','3','1','52','1000869','1031','5200101;5200102;5200103','0,1,1;0,1,2','0','0,1,1;0,1,2','0','0'),
('1000870','刺血领主爱丝','0','0','1','4','1','54','1000870','','1002101;1002102;1002103','0,1,2;0,1,0','0','0,1;0,0,2;0,1;1,2,0;0,1,1','0','0'),
('1000871','白骨战狼','0','0','1','1','1','43','1000871','1622','1002301;1002302;1002303','0,1,0;0,1,2','0','0,1,0;0,1;0,1,2','0','0'),
('1000872','毒雾潜行者','0','0','1','5','1','43','1000872','1021','1000801;1000802;1000803','0,0,1;0,0,2','0','1,1,2;0,0,1;0,0,1','0','0'),
('1000873','卑劣的围猎者','0','1','1','1','1','43','1000873','1637','1001201;1001202;1001203','0,2;2,1,0;0,0,1','0','0,2;2,0,1,0;0,1','0','0'),
('1000874','远古巨兽','0','1','1','5','1','43','1000874','1604','1001401;1001402;1001403','0,1,2','0','0,1,0;0,1,0,2;0,1,0;2,1,0;0,1,0','0','0'),
('1000875','刀锋领主希德','0','2','2','6','1','45','1000875','','900401;900402;900403;900404','0,1,3;1,0,1,2','0','0,2,3;0,1,2;0,1,1;1,2,3;1,0,2,1','0','0'),
('1000876','阴鸷哥布林','0','0','1','5','1','53','1000876','1616','1000701;1000702;1000703','1,0,1;0,2,1','0','1,0,1,0,1;0,1,0;0,1,2;1,0,1;2,0,1;1,0,1','0','0'),
('1000877','荒漠赤狐','0','0','1','5','1','53','1000877','1617','1004101;1004102;1004103','0,0,1;0,0,2','0','1,1,2;0,0,1;0,0,1','0','0'),
('1000878','啸月狼王','0','0','1','1','1','53','1000878','1639','1004401;1004402;1004403','0,1,0;0,1,2','0','0,1,0;0,1;0,1,2','0','0'),
('1000879','风暴御剑者','0','0','1','5','1','53','1000879','1610','5201601;5201602;5201603','0,1,2;1,0,1,2','0','0,2;1,0,1,0,1;0,1,2;1,0,1','0','0'),
('1000880','邪冥领主昆顿','0','2','1','6','2','55','1000880','','1003101;1003102;1003103;1003110;1003111;1003112','0,1,1;0,0,2','0','0,1,1;0,0,1,2;0,1,0,1;0,1,2','0','0'),
('1000959','魔瞳黑女巫','0','0','1','6','2','49','1000959','1622','1005401;1005402;1005403','0,1,2;0,1,2','0','1,0,1;1,0,1;0,1,2','0','0'),
('1000960','黑女巫傀儡','0','0','1','6','2','49','1000960','1021','1005801;1005802','0,0,1','0','0,0,1;0,1,1','0','0'),
('1000961','幽影巫师','0','1','1','3','2','49','1000961','1637','1001301;1001302;1001303','0,1,2;1,0,1','0','2,1,0;0,1,1;0,1,1;1,0,1,2','0','0'),
('1000962','巫师忠仆','0','0','1','3','2','49','1000962','1604','1004001;1004002','0,1,0;1,0,1,0;0,1','0','1,0,1,0,1;0,1,0;1,0,1','0','0'),
('1000963','狂龙领主柏格','0','0','1','3','1','51','1000963','','1003801;1003802;1003803','0,2;1,0,1,0;1,0,1,2','0','0,2;1,0,1,0;1,2','0','0'),
('1000964','枭鹰','0','0','1','1','1','43','1000964','1637','5201201;5201202;5201203','0,1,0,2;1,0,1','0','1,0,1,0,2;0,1,1;0,1,1;1,0,1,2','0','0'),
('1000965','鹿角兽祭司','0','0','1','1','2','41','1000965','1606','500401;500402;500403','0,1,2;0,1,0,1','0','0,1,2;0,1,0,1;0,1,0,2;0,1;0,1,0,1','0','0'),
('1000966','丧尸法师','0','0','1','3','2','41','1000966','1626','1001301;1001302;1001303','0,1,2;1,0,1','0','2,1,0;0,1,1;0,1,1;1,0,1,2','0','0'),
('1000967','先驱者一号','0','0','1','7','1','41','1000967','1628','1001601;1001602;1001603','0,1,0,2;1,0,1','0','0,1,0;0,1,0,2;0,1,0;0,1,2;0,1,0','0','0'),
('1000968','蜘蛛女王','0','2','2','6','1','41','1000968','1091','900301;900302;900303;900304','0,1,3;1,0,1,2','0','0,2,1,3;0,1,2;0,1,1;1,2,3;1,0,2,1','0','0'),
('1000969','病毒感染者','0','0','1','3','2','47','1000969','1605','1004501;1004502','0,1,1;1,0,1,0;0,1','0','1,0,1,0,1;0,1,0;1,0,1','0','0'),
('1000970','贪污的矿长','0','0','1','4','1','47','1000970','1606','1004601;1004602;1004603','0,1,1;0,1,2','0','0,1,1;0,1,2','0','0'),
('1000971','塞尔伦2号','0','1','1','7','1','47','1000971','1031','1001601;1001602;1001603','0,1,0,2;1,0,1','0','0,1,0;0,1,0,2;0,1,0;0,1,2;0,1,0','0','0'),
('1000972','孤锋利斧','0','0','1','4','1','47','1000972','1041','800001;800002;800003','0,1,2;0,1,0,1','0','0,1,2;0,1,0,1;0,1,0,2;0,1;0,1,0,1','0','0'),
('1000973','夜翼领主马文','0','2','1','6','2','49','1000973','','5202201;5202202;5202203;5202204','0,1,2,3;1,0,2','0','0,2,1,3;0,1,2;0,1,1;1,2,3;1,0,2,1','0','0'),
('1000974','涤魂圣女巫','0','0','1','6','2','54','1000974','1623','1005401;1005402;1005403','0,1,2;0,1,2','0','1,0,1;1,0,1;0,1,2','0','0'),
('1000975','女巫奴仆','0','0','1','6','2','54','1000975','1636','1005801;1005802','0,0,1','0','0,0,1;0,1,1','0','0'),
('1000976','亡啸戮魂者','0','1','1','3','2','54','1000976','1618','1001301;1001302;1001303','0,1,2;1,0,1','0','2,1,0;0,1,1;0,1,1;1,0,1,2','0','0'),
('1000977','鬼触异变者','0','0','1','3','2','54','1000977','1621','1004501;1004502','0,1,1;1,0,1,0;0,1','0','1,0,1,0,1;0,1,0;1,0,1','0','0'),
('1000978','怒焰领主霍齐亚','0','2','1','6','1','56','1000978','','1003601;1003602;1003603;1003604','1,0,1,2;0,1,3','0','0,1,2;1,0,3;1,0,2;1,1,3;1,0,2','0','0'),
('1000979','双刃裁决者','0','0','1','4','1','55','1000979','1637','1002101;1002102;1002103','0,1,2;0,1,0','0','0,1;0,0,2;0,1;1,2,0;0,1,1','0','0'),
('1000980','迷影妖后','0','1','1','4','1','55','1000980','1631','1002201;1002202;1002203','0,1,0;0,1,2','0','0,1;0,1,2;1,0,1;0,1;1,0,2','0','0'),
('1000981','龙狩督军','0','1','1','4','1','55','1000981','1618','1000201;1000202;1000203','0,2;1,0,1,0;1,0,1,2','0','0,2;1,0,1,0;1,2','0','0'),
('1000982','烈剑骑士长','0','1','1','4','1','55','1000982','1621','1003201;1003202;1003203','1,1,2;0,0,2','0','0,0,1;0,0,1;0,1,2;0,0,1;0,1,2,2','0','0'),
('1000983','狮蛮领主艾凡','0','1','1','1','1','57','1000983','','11101;11102;11103;11104;11105;11106;11107','0,2,3,4,6','0','0,2,4;1,3,6','0','0'),
('1001249','贪欲哥布林','0','0','1','5','1','31','1001249','1628','1000701;1000702;1000703','1,0,1;0,2,1','0','1,0,1,0,1;0,1,0;0,1,2;1,0,1;2,0,1;1,0,1','0','0'),
('1001250','黑钢领主艾布林','0','2','1','7','1','29','1001250','','1001601;1001602;1001603','0,1,0,2;1,0,1','0','0,1,0;0,1,0,2;0,1,0;0,1,2;0,1,0','0','0'),
('1001251','荒漠沙狐','0','0','1','5','1','29','1001251','1605','1004101;1004102;1004103','0,0,1;0,0,2','0','1,1,2;0,0,1;0,0,1','0','0'),
('1001252','丧魂野狼','0','0','1','1','1','29','1001252','1637','1004401;1004402;1004403','0,1,0;0,1,2','0','0,1,0;0,1;0,1,2','0','0'),
('1001253','密林狙击手','0','0','1','5','1','29','1001253','1631','1005101;1005102;1005103','0,1,2;1,0,1,2','0','0,2;1,0,1,0,1;0,1,2;1,0,1','0','0'),
('1001254','幽影刺客','0','0','1','3','1','28','1001254','1622','5200301;5200302','0,1;0,0,1,1','0','0,0;1,0,0,1;0,0,1,1','0','0'),
('1001255','夜幕战灵','0','0','1','3','1','26','1001255','1608','5200801;5200802;5200803','0,1;0,0,2','0','0,1;0,0,2;0,1;1,2,2;0','0','0'),
('1001701','双枪毒蝎','0','0','1','2','2','56','1001701','1641','1001001;1001002','1,0,1','0','1,0,1;1,0,1,1;1,0,1','0','0'),
('1001702','厄运死侍','0','0','1','5','1','56','1001702','1640','1005301;1005302;1005303','0,0,1;0,0,2','0','1,1,2;0,0,1;0,0,1','0','0'),
('1001703','毒刃蜂后','0','0','1','2','1','56','1001703','1616','1004201;1004202;1004203','0,1,0,2;1,0,1','0','1,0,1,0,2;0,1,1;0,1,1;1,0,1,2','0','0'),
('1001704','鹿角兽祭司','0','0','1','1','2','56','1001704','1617','500401;500402;500403','0,1,2;0,1,0,1','0','0,1,2;0,1,0,1;0,1,0,2;0,1;0,1,0,1','0','0'),
('1001705','荒域领主默克','0','0','1','5','1','58','1001705','','1005201;1005202;1005203','0,1,2','0','0,1,0;0,1,0,2;0,1,0;2,1,0;0,1,0','0','0'),
('1001706','疯魔科学家','0','1','1','4','1','57','1001706','1611','5202301;5202302;5202303','0,1,0,2;1,0,1','0','0,1,0,2;0,1,0;0,1,2;0,1,0','0','0'),
('1001707','岩龙巨兽','0','0','1','5','1','57','1001707','1041','1005201;1005202;1005203','0,1,2','0','0,1,0;0,1,0,2;0,1,0;2,1,0;0,1,0','0','0'),
('1001708','重拳怒熊','0','1','1','1','1','57','1001708','1623','1001501;1001502;1001503','0,2,1;0,1,0;2,1','0','0,1,2;1,0,1;1,0,1','0','0'),
('1001709','深海漫步者','0','1','1','6','1','57','1001709','1610','5201801;5201802;5201803','0,2;2,0,1,0','0','0,2;2,1,1,1,0;0,0,1','0','0'),
('1001710','蛛魔领主卡西','0','2','2','6','1','59','1001710','','900301;900302;900303;900304','0,1,3;1,0,1,2','0','0,2,1,3;0,1,2;0,1,1;1,2,3;1,0,2,1','0','0'),
('1001711','苍穹孤鹰','0','1','1','1','1','58','1001711','1637','5201201;5201202;5201203','0,1,0,2;1,0,1','0','1,0,1,0,2;0,1,1;0,1,1;1,0,1,2','0','0'),
('1001712','炼渊暗法师','0','0','1','1','2','58','1001712','1606','500401;500402;500403','0,1,2;0,1,0,1','0','0,1,2;0,1,0,1;0,1,0,2;0,1;0,1,0,1','0','0'),
('1001713','深渊腐灼者','0','1','1','3','2','58','1001713','1604','1001301;1001302;1001303','0,1,2;1,0,1','0','2,1,0;0,1,1;0,1,1;1,0,1,2','0','0'),
('1001714','夺魂魔导师','0','1','1','4','1','58','1001714','1620','5202401;5202402;5202403','1,0;0,1,0,2','0','0,1,0,2;0,1,0;0,1,2;0,1,0','0','0'),
('1001715','蚀骨领主安波儿','0','0','1','6','2','60','1001715','','1005701;1005702;1005703;1005704','2,3;0,1,2','0','0,1,2;0,1;2,3;0,1;3,3','0','0'),
('1001716','夜牙长锋','0','0','1','1','1','59','1001716','1623','1002301;1002302;1002303','0,1,0;0,1,2','0','0,1,0;0,1;0,1,2','0','0'),
('1001717','幽魂毒牙','0','0','1','5','1','59','1001717','1636','5201401;5201402;5201403','0,0,1;0,0,2','0','1,1,2;0,0,1;0,0,1','0','0'),
('1001718','蓝凯骨魔','0','1','1','6','1','59','1001718','1620','5201801;5201802;5201803','0,2;2,0,1,0','0','0,2;2,1,1,1,0;0,0,1','0','0'),
('1001719','钢岩巨人','0','1','1','5','1','59','1001719','1626','1001401;1001402;1001403','0,1,2','0','0,1,0;0,1,0,2;0,1,0;2,1,0;0,1,0','0','0'),
('1001720','魔息领主洛福斯','0','2','1','6','1','61','1001720','','5201001;5201002;5201003','0,1,0;0,1,2','0','0,1,2;0,0,1','0','0'),
('1001721','鹿角伯爵','0','1','1','1','1','60','1001721','1639','1002401;1002402;1002403','0,1,0;0,1,0,2','0','0,1,0;0,1;0,1,1,2;0,1,0;0,1,2','0','0'),
('1001722','怒啸半兽人','0','1','1','6','2','60','1001722','1610','1003301;1003302;1003303','0,1,2;0,0,1','0','0,0,2;0,0,1;0,1','0','0'),
('1001723','血铸统帅','0','0','1','4','1','60','1001723','1620','1005001;1005002;1005003','1,1,2;1,0,1,2;1,0,1,0','0','0,2;1,0,1,0;0,1,2,2','0','0'),
('1001724','永冻冰熊','0','0','1','1','1','60','1001724','1605','1004901;1004902;1004903','0,1,1;0,1,2;2,1','0','0,0,1;0,1,1;0,1,2','0','0'),
('1001725','暗龙领主兰森','0','0','1','6','1','62','1001725','','40101;40102;40103;40104;40105;40106;40107','0,2,3,4,6','0','0,2,4;1,3,6','0','0'),
('1001726','寂灭异变者','0','0','1','3','2','61','1001726','1627','1004001;1004002','0,1,0;1,0,1,0;0,1','0','1,0,1,0,1;0,1,0;1,0,1','0','0'),
('1001727','海潮鲛人','0','1','1','5','2','61','1001727','1611','1002001;1002002;1002003','1,0,2;0,1,0,2','0','0,0,1;0,0,1;1,2,1,0','0','0'),
('1001728','沙漠蝎王','0','0','1','2','2','61','1001728','1618','1001001;1001002','1,0,1','0','1,0,1;1,0,1,1;1,0,1','0','0'),
('1001729','欲念号1型','0','1','1','4','1','61','1001729','1621','5202301;5202302;5202303','0,1,0,2;1,0,1','0','0,1,0,2;0,1,0;0,1,2;0,1,0','0','0'),
('1001730','虚暝领主辛顿','0','1','1','6','2','63','1001730','','1003301;1003302;1003303','0,1,2;0,0,1','0','0,0,2;0,0,1;0,1','0','0'),
('1001731','哀嚎亡骑','0','0','1','3','2','62','1001731','1604','1004501;1004502','0,1,1;1,0,1,0;0,1','0','1,0,1,0,1;0,1,0;1,0,1','0','0'),
('1001732','巨麟重锤','0','0','1','4','1','62','1001732','1622','1004601;1004602;1004603','0,1,1;0,1,2','0','0,1,1;0,1,2','0','0'),
('1001733','欲念号2型','0','1','1','7','1','62','1001733','1606','1001601;1001602;1001603','0,1,0,2;1,0,1','0','0,1,0;0,1,0,2;0,1,0;0,1,2;0,1,0','0','0'),
('1001734','矮巨人兵长','0','0','1','4','1','62','1001734','1610','800001;800002;800003','0,1,2;0,1,0,1','0','0,1,2;0,1,0,1;0,1,0,2;0,1;0,1,0,1','0','0'),
('1001735','极黯领主席德','0','0','1','3','1','64','1001735','','1003801;1003802;1003803','0,2;1,0,1,0;1,0,1,2','0','0,2;1,0,1,0;1,2','0','0'),
('1001736','哥布林酋长','0','0','1','5','1','63','1001736','1631','1000701;1000702;1000703','1,0,1;0,2,1','0','1,0,1,0,1;0,1,0;0,1,2;1,0,1;2,0,1;1,0,1','0','0'),
('1001737','疾风狐王','0','0','1','5','1','63','1001737','1011','1004101;1004102;1004103','0,0,1;0,0,2','0','1,1,2;0,0,1;0,0,1','0','0'),
('1001738','海潮半鱼人','0','1','1','5','2','63','1001738','1611','1002001;1002002;1002003','1,0,2;0,1,0,2','0','0,0,1;0,0,1;1,2,1,0','0','0'),
('1001739','密林偷猎者','0','0','1','5','1','63','1001739','1031','1005101;1005102;1005103','0,1,2;1,0,1,2','0','0,2;1,0,1,0,1;0,1,2;1,0,1','0','0'),
('1001740','裂魂领主伊鲁卡','0','1','1','3','2','65','1001740','','1001301;1001302;1001303','0,1,2;1,0,1','0','2,1,0;0,1,1;0,1,1;1,0,1,2','0','0'),
('1001741','梦魇巫后','0','0','1','6','2','64','1001741','1616','1005401;1005402;1005403','0,1,2;0,1,2','0','1,0,1;1,0,1;0,1,2','0','0'),
('1001742','巫后之仆','0','0','1','6','2','64','1001742','1617','1005801;1005802','0,0,1','0','0,0,1;0,1,1','0','0'),
('1001743','绝情断罪者','0','1','1','3','2','64','1001743','1639','1001301;1001302;1001303','0,1,2;1,0,1','0','2,1,0;0,1,1;0,1,1;1,0,1,2','0','0'),
('1001744','欲念号3型','0','0','1','3','2','64','1001744','1610','1004001;1004002','0,1,0;1,0,1,0;0,1','0','1,0,1,0,1;0,1,0;1,0,1','0','0'),
('1001745','奥爆领主休伊','0','1','1','4','1','66','1001745','','5201301;5201302;5201303','1,1,2;0,0,1','0','0,1,2;0,1,2,2;0,0,1;0,0,1','0','0'),
('1001746','重铠幽骑','0','0','1','4','1','65','1001746','1621','1005001;1005002;1005003','1,1,2;1,0,1,2;1,0,1,0','0','0,2;1,0,1,0;0,1,2,2','0','0'),
('1001747','失魂女巫','0','0','1','6','2','65','1001747','1623','1005401;1005402;1005403','0,1,2;0,1,2','0','1,0,1;1,0,1;0,1,2','0','0'),
('1001748','赤铜骠骑王','0','0','1','4','1','65','1001748','1640','1004801;1004802;1004803','0,2;1,0,1,0;1,0,1,2','0','0,2;1,0,1,0;1,2','0','0'),
('1001749','炼狱暴君','0','1','1','4','1','65','1001749','1626','5202101;5202102;5202103','2,0;0,1,1','0','0,0;0,1,2;0,0;0,0;0,1,2,2','0','0'),
('1001750','鸦杀领主克里斯','0','0','1','6','1','67','1001750','','10701;10702;10703;10704;10705;10706;10707','0,2,3,4,6','0','0,2,4;1,3,6','0','0'),
('1001770','山岭巨人','0','0','1','5','1','45','1001770','','1001401;1001402;1001403','0,1,2','0','0,1,0;0,1,0,2;0,1,0;2,1,0;0,1,0','0','0'),
('1001771','暗黑战魂','0','0','1','3','1','48','1001771','','5200801;5200802;5200803','0,1;0,0,2;0,0','0','0,1;0,0,2;0,0;1,2,2;0,0','0','0'),
('1001772','阿噗','0','0','1','5','1','51','1001772','','1000801;1000802;1000803','0,0,1;0,0,2','0','1,1,2;0,0,1;0,0,1','0','0'),
('1001773','合成怪','0','0','1','5','1','63','1001773','','5201401;5201402;5201403','0,0,1;0,0,2','0','1,1,2;0,0,1;0,0,1','0','0'),
('1001774','鹿角兽祭司','0','0','1','1','2','64','1001774','','500401;500402;500403','0,1,2;0,1,0,1','0','0,1,2;0,1,0,1;0,1,0,2;0,1;0,1,0,1','0','0');

insert into syn_reward(`id`,`type`,`data1`,`data2`,`data3`,`reward1_id`,`reward1_num`,`reward2_id`,`reward2_num`,`reward3_id`,`reward3_num`,`reward4_id`,`reward4_num`) values
('10318','3','11','0','0','120023','1','15','500','3030013','2','0','0'),
('10319','3','12','0','0','120023','1','15','500','3060030','3','0','0'),
('10320','3','13','0','0','120023','1','15','500','31','150','0','0'),
('10321','3','14','0','0','120023','1','15','500','2000074','1','0','0'),
('10322','3','15','0','0','120023','3','15','500','1','1000','0','0'),
('10323','3','21','0','0','120023','1','15','500','3030013','2','0','0'),
('10324','3','22','0','0','120023','1','15','500','3060030','3','0','0'),
('10325','3','23','0','0','120023','1','15','500','31','150','0','0'),
('10338','3','24','0','0','120023','1','15','500','2000074','1','0','0'),
('10339','3','25','0','0','120023','3','15','500','1','1000','0','0'),
('10340','3','31','0','0','120023','1','15','500','3030013','2','0','0'),
('10341','3','32','0','0','120023','1','15','500','3060030','3','0','0'),
('10342','3','33','0','0','120023','1','15','500','31','150','0','0'),
('10343','3','34','0','0','120023','1','15','500','2000074','1','0','0'),
('10344','3','35','0','0','120023','3','15','500','1','1000','0','0'),
('10345','3','41','0','0','120023','1','15','500','3030013','2','0','0'),
('10346','3','42','0','0','120023','1','15','500','3060030','3','0','0'),
('10347','3','43','0','0','120023','1','15','500','31','150','0','0'),
('10348','3','44','0','0','120023','1','15','500','2000074','1','0','0'),
('10349','3','45','0','0','120023','3','15','500','1','1000','0','0'),
('10350','3','51','0','0','120023','1','15','500','3030013','2','0','0'),
('10351','3','52','0','0','120023','1','15','500','3060030','3','0','0'),
('10352','3','53','0','0','120023','1','15','500','31','150','0','0'),
('10353','3','54','0','0','120023','1','15','500','2000074','1','0','0'),
('10354','3','55','0','0','120023','3','15','500','1','1000','0','0'),
('10355','3','61','0','0','120023','1','15','500','3030013','2','0','0'),
('10356','3','62','0','0','120023','1','15','500','3060030','3','0','0'),
('10357','3','63','0','0','120023','1','15','500','31','150','0','0'),
('10358','3','64','0','0','120023','1','15','500','2000074','1','0','0'),
('10359','3','65','0','0','120023','3','15','500','1','1000','0','0');


insert into monster_group(`id`,`name`,`fight`,`multi_boss`,`monster`,`money`,`user_exp`,`hero_exp`,`hero_impression`,`exp_ball`,`reward_id`,`action_id`,`max_battle_time`,`battle_check`,`attack_status_id`,`fight_type`) values
('200459','','12504','0','1000761','0','0','0','5','0','0','0','600000','0','0','0'),
('200460','','11180','0','1000762','0','0','0','5','0','0','0','600000','0','0','0'),
('200461','','11180','0','1000763','0','0','0','5','0','0','0','600000','0','0','0'),
('200462','','11180','0','1000764','0','0','0','5','0','0','0','600000','0','0','0'),
('200463','','11180','0','1000765','0','0','0','10','0','0','0','600000','0','0','0'),
('200466','','7074','0','1000768','0','0','0','5','0','0','0','600000','0','0','0'),
('200467','','6067','0','1000769','0','0','0','5','0','0','0','600000','0','0','0'),
('200468','','6067','0','1000770','0','0','0','10','0','0','0','600000','0','0','0'),
('200491','','7607','0','1000812','0','0','0','5','0','0','0','600000','0','0','0'),
('200492','','7607','0','1000813','0','0','0','5','0','0','0','600000','0','0','0'),
('200493','','7607','0','1000814;1001632','0','0','0','10','0','0','0','600000','0','0','0'),
('200499','','14604','0','1000821','0','0','0','5','0','0','0','600000','0','0','0'),
('200500','','13189','0','1000822','0','0','0','5','0','0','0','600000','0','0','0'),
('200501','','13189','0','1000823','0','0','0','5','0','0','0','600000','0','0','0'),
('200502','','13189','0','1000824','0','0','0','5','0','0','0','600000','0','0','0'),
('200503','','13189','0','1000825','0','0','0','10','0','0','0','600000','0','0','0'),
('200504','','16075','0','1000826','0','0','0','5','0','0','0','600000','0','0','0'),
('200505','','14604','0','1000827','0','0','0','5','0','0','0','600000','0','0','0'),
('200506','','14604','0','1000828','0','0','0','5','0','0','0','600000','0','0','0'),
('200507','','14604','0','1000829','0','0','0','5','0','0','0','600000','0','0','0'),
('200508','','14604','0','1000830','0','0','0','10','0','0','0','600000','0','0','0'),
('200509','','23296','0','1000836','0','0','0','5','0','0','0','600000','0','0','0'),
('200510','','21615','0','1000837','0','0','0','5','0','0','0','600000','0','0','0'),
('200511','','21615','0','1000838','0','0','0','5','0','0','0','600000','0','0','0'),
('200512','','21615','0','1000839','0','0','0','5','0','0','0','600000','0','0','0'),
('200513','','21615','0','1000840;1001771','0','0','0','10','0','0','0','600000','0','0','0'),
('200514','','17598','0','1000841','0','0','0','5','0','0','0','600000','0','0','0'),
('200515','','16075','0','1000842','0','0','0','5','0','0','0','600000','0','0','0'),
('200516','','16075','0','1000843','0','0','0','5','0','0','0','600000','0','0','0'),
('200517','','16075','0','1000844','0','0','0','5','0','0','0','600000','0','0','0'),
('200518','','16075','0','1000845','0','0','0','10','0','0','0','600000','0','0','0'),
('200519','','22451','0','1000846','0','0','0','5','0','0','0','600000','0','0','0'),
('200520','','20790','0','1000847','0','0','0','5','0','0','0','600000','0','0','0'),
('200521','','20790','0','1000848','0','0','0','5','0','0','0','600000','0','0','0'),
('200522','','20790','0','1000849','0','0','0','5','0','0','0','600000','0','0','0'),
('200523','','20790','0','1000850','0','0','0','10','0','0','0','600000','0','0','0'),
('200524','','27655','0','1000851','0','0','0','5','0','0','0','600000','0','0','0'),
('200525','','25887','0','1000852','0','0','0','5','0','0','0','600000','0','0','0'),
('200526','','25887','0','1000853','0','0','0','5','0','0','0','600000','0','0','0'),
('200527','','25887','0','1000854','0','0','0','5','0','0','0','600000','0','0','0'),
('200528','','25887','0','1000855','0','0','0','10','0','0','0','600000','0','0','0'),
('200529','','26767','0','1000856','0','0','0','5','0','0','0','600000','0','0','0'),
('200530','','25015','0','1000857','0','0','0','5','0','0','0','600000','0','0','0'),
('200531','','25015','0','1000858','0','0','0','5','0','0','0','600000','0','0','0'),
('200532','','25015','0','1000859','0','0','0','5','0','0','0','600000','0','0','0'),
('200533','','25015','0','1000860','0','0','0','10','0','0','0','600000','0','0','0'),
('200534','','25015','0','1000861','0','0','0','5','0','0','0','600000','0','0','0'),
('200535','','23296','0','1000862','0','0','0','5','0','0','0','600000','0','0','0'),
('200536','','23296','0','1000863','0','0','0','5','0','0','0','600000','0','0','0'),
('200537','','23296','0','1000864','0','0','0','5','0','0','0','600000','0','0','0'),
('200538','','23296','0','1000865','0','0','0','10','0','0','0','600000','0','0','0'),
('200539','','28551','0','1000866','0','0','0','5','0','0','0','600000','0','0','0'),
('200540','','26767','0','1000867','0','0','0','5','0','0','0','600000','0','0','0'),
('200541','','26767','0','1000868','0','0','0','5','0','0','0','600000','0','0','0'),
('200542','','26767','0','1000869','0','0','0','5','0','0','0','600000','0','0','0'),
('200543','','26767','0','1000870','0','0','0','10','0','0','0','600000','0','0','0'),
('200544','','25887','0','1000959','0','0','0','5','0','0','0','600000','0','0','0'),
('200545','','24151','0','1000960','0','0','0','5','0','0','0','600000','0','0','0'),
('200546','','24151','0','1000961','0','0','0','5','0','0','0','600000','0','0','0'),
('200547','','24151','0','1000962','0','0','0','5','0','0','0','600000','0','0','0'),
('200548','','24151','0','1000963;1001772','0','0','0','10','0','0','0','600000','0','0','0'),
('200549','','19171','0','1000964','0','0','0','5','0','0','0','600000','0','0','0'),
('200550','','17598','0','1000965','0','0','0','5','0','0','0','600000','0','0','0'),
('200551','','17598','0','1000966','0','0','0','5','0','0','0','600000','0','0','0'),
('200552','','17598','0','1000967','0','0','0','5','0','0','0','600000','0','0','0'),
('200553','','17598','0','1000968','0','0','0','10','0','0','0','600000','0','0','0'),
('200554','','30361','0','1000974','0','0','0','5','0','0','0','600000','0','0','0'),
('200555','','28551','0','1000975','0','0','0','5','0','0','0','600000','0','0','0'),
('200556','','28551','0','1000976','0','0','0','5','0','0','0','600000','0','0','0'),
('200557','','28551','0','1000977','0','0','0','5','0','0','0','600000','0','0','0'),
('200558','','28551','0','1000978','0','0','0','10','0','0','0','600000','0','0','0'),
('200559','','24151','0','1000969','0','0','0','5','0','0','0','600000','0','0','0'),
('200560','','22451','0','1000970','0','0','0','5','0','0','0','600000','0','0','0'),
('200561','','22451','0','1000971','0','0','0','5','0','0','0','600000','0','0','0'),
('200562','','22451','0','1000972','0','0','0','5','0','0','0','600000','0','0','0'),
('200563','','22451','0','1000973','0','0','0','10','0','0','0','600000','0','0','0'),
('200564','','31276','0','1000979','0','0','0','5','0','0','0','600000','0','0','0'),
('200565','','29453','0','1000980','0','0','0','5','0','0','0','600000','0','0','0'),
('200566','','29453','0','1000981','0','0','0','5','0','0','0','600000','0','0','0'),
('200567','','29453','0','1000982','0','0','0','5','0','0','0','600000','0','0','0'),
('200568','','29453','0','1000983','0','0','0','10','0','0','0','600000','0','0','0'),
('200569','','20790','0','1000871','0','0','0','5','0','0','0','600000','0','0','0'),
('200570','','19171','0','1000872','0','0','0','5','0','0','0','600000','0','0','0'),
('200571','','19171','0','1000873','0','0','0','5','0','0','0','600000','0','0','0'),
('200572','','19171','0','1000874','0','0','0','5','0','0','0','600000','0','0','0'),
('200573','','19171','0','1000875;1001770','0','0','0','10','0','0','0','600000','0','0','0'),
('200574','','29453','0','1000876','0','0','0','5','0','0','0','600000','0','0','0'),
('200575','','27655','0','1000877','0','0','0','5','0','0','0','600000','0','0','0'),
('200576','','27655','0','1000878','0','0','0','5','0','0','0','600000','0','0','0'),
('200577','','27655','0','1000879','0','0','0','5','0','0','0','600000','0','0','0'),
('200578','','27655','0','1000880','0','0','0','10','0','0','0','600000','0','0','0'),
('200777','','8728','0','1001254','0','0','0','5','0','0','0','600000','0','0','0'),
('200778','','6561','0','1001255','0','0','0','5','0','0','0','600000','0','0','0'),
('200779','','10542','0','1001249','0','0','0','5','0','0','0','600000','0','0','0'),
('200780','','9315','0','1001251','0','0','0','5','0','0','0','600000','0','0','0'),
('200781','','9315','0','1001252','0','0','0','5','0','0','0','600000','0','0','0'),
('200782','','9315','0','1001253','0','0','0','5','0','0','0','600000','0','0','0'),
('200783','','9315','0','1001250','0','0','0','10','0','0','0','600000','0','0','0'),
('200860','','32196','0','1001701','0','0','0','5','0','0','0','600000','0','0','0'),
('200861','','30361','0','1001702','0','0','0','5','0','0','0','600000','0','0','0'),
('200862','','30361','0','1001703','0','0','0','5','0','0','0','600000','0','0','0'),
('200863','','30361','0','1001704','0','0','0','5','0','0','0','600000','0','0','0'),
('200864','','30361','0','1001705','0','0','0','10','0','0','0','600000','0','0','0'),
('200865','','33121','0','1001706','0','0','0','5','0','0','0','600000','0','0','0'),
('200866','','31276','0','1001707','0','0','0','5','0','0','0','600000','0','0','0'),
('200867','','31276','0','1001708','0','0','0','5','0','0','0','600000','0','0','0'),
('200868','','31276','0','1001709','0','0','0','5','0','0','0','600000','0','0','0'),
('200869','','31276','0','1001710','0','0','0','10','0','0','0','600000','0','0','0'),
('200870','','34051','0','1001711','0','0','0','5','0','0','0','600000','0','0','0'),
('200871','','32196','0','1001712','0','0','0','5','0','0','0','600000','0','0','0'),
('200872','','32196','0','1001713','0','0','0','5','0','0','0','600000','0','0','0'),
('200873','','32196','0','1001714','0','0','0','5','0','0','0','600000','0','0','0'),
('200874','','32196','0','1001715','0','0','0','10','0','0','0','600000','0','0','0'),
('200875','','34985','0','1001716','0','0','0','5','0','0','0','600000','0','0','0'),
('200876','','33121','0','1001717','0','0','0','5','0','0','0','600000','0','0','0'),
('200877','','33121','0','1001718','0','0','0','5','0','0','0','600000','0','0','0'),
('200878','','33121','0','1001719','0','0','0','5','0','0','0','600000','0','0','0'),
('200879','','33121','0','1001720','0','0','0','10','0','0','0','600000','0','0','0'),
('200880','','35923','0','1001721','0','0','0','5','0','0','0','600000','0','0','0'),
('200881','','34051','0','1001722','0','0','0','5','0','0','0','600000','0','0','0'),
('200882','','34051','0','1001723','0','0','0','5','0','0','0','600000','0','0','0'),
('200883','','34051','0','1001724','0','0','0','5','0','0','0','600000','0','0','0'),
('200884','','34051','0','1001725','0','0','0','10','0','0','0','600000','0','0','0'),
('200885','','36865','0','1001726','0','0','0','5','0','0','0','600000','0','0','0'),
('200886','','34985','0','1001727','0','0','0','5','0','0','0','600000','0','0','0'),
('200887','','34985','0','1001728','0','0','0','5','0','0','0','600000','0','0','0'),
('200888','','34985','0','1001729','0','0','0','5','0','0','0','600000','0','0','0'),
('200889','','34985','0','1001730;1001773','0','0','0','10','0','0','0','600000','0','0','0'),
('200890','','37810','0','1001731','0','0','0','5','0','0','0','600000','0','0','0'),
('200891','','35923','0','1001732','0','0','0','5','0','0','0','600000','0','0','0'),
('200892','','35923','0','1001733','0','0','0','5','0','0','0','600000','0','0','0'),
('200893','','35923','0','1001734','0','0','0','5','0','0','0','600000','0','0','0'),
('200894','','35923','0','1001735;1001774','0','0','0','10','0','0','0','600000','0','0','0'),
('200895','','38757','0','1001736','0','0','0','5','0','0','0','600000','0','0','0'),
('200896','','36865','0','1001737','0','0','0','5','0','0','0','600000','0','0','0'),
('200897','','36865','0','1001738','0','0','0','5','0','0','0','600000','0','0','0'),
('200898','','36865','0','1001739','0','0','0','5','0','0','0','600000','0','0','0'),
('200899','','36865','0','1001740','0','0','0','10','0','0','0','600000','0','0','0'),
('200900','','39706','0','1001741','0','0','0','5','0','0','0','600000','0','0','0'),
('200901','','37810','0','1001742','0','0','0','5','0','0','0','600000','0','0','0'),
('200902','','37810','0','1001743','0','0','0','5','0','0','0','600000','0','0','0'),
('200903','','37810','0','1001744','0','0','0','5','0','0','0','600000','0','0','0'),
('200904','','37810','0','1001745','0','0','0','10','0','0','0','600000','0','0','0'),
('200905','','40657','0','1001746','0','0','0','5','0','0','0','600000','0','0','0'),
('200906','','38757','0','1001747','0','0','0','5','0','0','0','600000','0','0','0'),
('200907','','38757','0','1001748','0','0','0','5','0','0','0','600000','0','0','0'),
('200908','','38757','0','1001749','0','0','0','5','0','0','0','600000','0','0','0'),
('200909','','38757','0','1001750','0','0','0','10','0','0','0','600000','0','0','0');

