###################################################
#20190709[终焉誓约][任务脚本]【多英雄副本】【危机黯月城】前置任务制作(倪祖伟)
#by:倪祖伟
#date:2019-07-09
#论坛链接:http://forum.nderp.99.com/Forum/TopicList-336466.aspx
###################################################
#注释部分
#delete from monster_group where `id` >=900585 and `id` <=900589;
#delete from monster_group where `id` >=200772 and `id` <=200774;
#delete from monster where `id` >=9000654 and `id` <=9000658;
#delete from monster where `id` >=1001244 and `id` <=1001246;
#delete from attribute where `id` >=9000654 and `id` <=9000658;
#delete from attribute where `id` >=1001244 and `id` <=1001246;
#delete from gen_event where `id` in (2002035,2002036,2002037,2002038,2002039,2002040,2002041,20010251,20010252);
#delete from gen_event where `id` >=3153001 and `id` <=3153018;
#delete from npc_group where `id` in (20947,20948,20949,30658,30697,21014,21015,21016,21017,21018,21019,21035);
#delete from task_index where `taskid` in (70219,70220,70221,70222,70223,70224,70225,70226,70227);
#delete from valve where `id` in (1124,1125);
#delete from game_map where `id` =3153;
#打开注释部分

###################################################
INSERT INTO `gen_event` (`id`, `name`, `mapid`, `event_type`, `event_id`, `path_id`, `flag`, `intask`, `story_id`, `life_time`, `level_id`, `battle_scene`, `position`, `rotation_y`, `scale`) VALUES 
(2002035, '禁卫督军萨林', 2002, 1, 20947, 0, 1, 0, 0, 0, 0, 0, '8.22,3.93,-20.55', 280, 1),
(2002036, '赤焰魔狼', 2002, 2, 900585, 0, 1, 0, 0, 0, 0, 58, '-20.09,2.58,10.29', 270, 1),
(2002037, '狂怒魔爪', 2002, 2, 900586, 0, 1, 0, 0, 0, 0, 58, '-38.57,1.93,22.32', 90, 1),
(2002038, '黑暗惩戒者', 2002, 2, 900587, 0, 1, 0, 0, 0, 0, 58, '-9.48,3.78,3.25', 0, 1),
(2002039, '极渊魔徒', 2002, 2, 900588, 0, 1, 0, 0, 0, 0, 58, '-23.74,0.25,-2.16', 240, 1),
(2002040, '巨角魔', 2002, 2, 900589, 0, 1, 0, 0, 0, 0, 58, '-35.41,-0.25,-5.91', 330, 1),
(2002041, '马车旁陷阱', 1000, 1, 30658, 0, 1, 0, 0, 0, 0, 0, '-46.167,22.796,66.927', 0, 1),
(20010251, '特罗德', 2001, 1, 20948, 0, 1, 0, 0, 0, 0, 0, '64.28,-0.60,-41.45', 90, 1),
(20010252, '泰雷', 2001, 1, 20949, 0, 1, 0, 0, 0, 0, 0, '67.39,-0.56,-49.56', 270, 1),
(3153001, '怨灵墙', 3153, 4, 1124, 0, 1, 0, 0, 0, 0, 0, '-235.71,-20.65,56.05', 0, 1),
(3153002, '空气墙', 3153, 4, 1125, 0, 1, 0, 0, 0, 0, 0, '-235.62,-21.17,10.49', 0, 1),
(3153003, '黯月贪狼', 3153, 1, 21014, 0, 1, 0, 0, 0, 0, 0, '-240.08,-21.14,47', 180, 1),
(3153004, '黯月践踏者', 3153, 1, 21015, 0, 1, 0, 0, 0, 0, 0, '-231.32,-21.14,47', 180, 1),
(3153005, '黯月邪法师', 3153, 1, 21016, 0, 1, 0, 0, 0, 0, 0, '-234.71,-12.67,88.56', 180, 1),
(3153006, '黯月贪狼', 3153, 2, 200772, 49, 1, 1, 0, 0, 0, 24, '',0, 1),
(3153007, '黯月践踏者', 3153, 2, 200773, 50, 1, 1, 0, 0, 0, 24, '',0, 1),
(3153008, '黯月邪法师', 3153, 2, 200774, 51, 1, 1, 0, 0, 0, 24, '',0, 1),
(3153009, '黯月贪狼', 3153, 1, 21017, 0, 1, 0, 0, 0, 0, 0, '-240.08,-21.14,47', 180, 1),
(3153010, '黯月践踏者', 3153, 1, 21018, 0, 1, 0, 0, 0, 0, 0, '-231.32,-21.14,47', 180, 1),
(3153011, '黯月邪法师', 3153, 1, 21019, 0, 1, 0, 0, 0, 0, 0, '-234.71,-12.67,88.56', 180, 1),
(3153012, '黯月城陷阱', 3153, 1, 30697, 0, 1, 0, 0, 0, 0, 0, '-236.14,-21.166,40.7856', 0, 1),
(3153013, '泰雷', 3153, 1, 70025, 0, 1, 0, 0, 0, 0, 0, '', 0, 1),
(3153014, '哈奇队长', 3153, 1, 21035, 0, 1, 0, 0, 0, 0, 0, '', 0, 1),
(3153015, '哈奇队长', 3153, 1, 21035, 0, 1, 0, 0, 0, 0, 0, '', 0, 1),
(3153016, '哈奇队长', 3153, 1, 21035, 0, 1, 0, 0, 0, 0, 0, '', 0, 1),
(3153017, '哈奇队长', 3153, 1, 21035, 0, 1, 0, 0, 0, 0, 0, '', 0, 1),
(3153018, '哈奇队长', 3153, 1, 21035, 0, 1, 0, 0, 0, 0, 0, '', 0, 1);

insert into monster(`id`,`name`,`attr_type`,`type`,`sex`,`family`,`profession`,`level`,`attr_id`,`special_effects`,`own_skills`,`skill_que`,`skill_vis`,`skill_loop_que`,`skill_que_vis`,`action_id`) values
('9000654','赤焰魔狼','0','1','1','1','1','0','9000654','1111;1151','1002601;1002602;1002603','0,1,0,2;1,0,1,2','0','0,1,2;1,0,1,0,2;0,1,1;1,0,1,2','0','0'),
('9000655','狂怒魔爪','0','1','1','1','1','0','9000655','1111','1001501;1001502;1001503','2,0,1','0','0,1;0,1,2;0,1;2,0,1','0','0'),
('9000656','黑暗惩戒者','0','1','1','1','1','0','9000656','','1002401;1002402','0,1,0;1,0,1,0','0','1,0,1,0,1;0,1,1;0,1,0,1;1,0,1','0','0'),
('9000657','极渊魔徒','0','1','1','3','1','0','9000657','1131','5200801;5200802;5200803','0,1;0,0,2','0','0,1;0,0,2;0,1;0,1,2,2;0','0','0'),
('9000658','巨角魔','0','1','1','6','1','0','9000658','1021','1003301;1003302;1003303','0,1,2;0,0,2','0','0,1,2;1,0,1,0,2','0','0'),
('1001244','黯月贪狼','0','1','1','1','1','0','1001244','1151','1002601;1002602;1002603','0,1,0;0,1,2','0','0,1,0;0,1;0,1,2','0','0'),
('1001245','黯月践踏者','0','1','1','3','1','0','1001245','1131','5200801;5200802;5200803','0,1;0,0,2','0','0,1;0,0,2;0,1;1,2,2;0','0','0'),
('1001246','黯月邪法师','0','2','1','6','1','0','1001246','1141','5201001;5201002;5201003','0,1,0;0,1,2','0','0,1,2;0,0,1','0','0');

insert into monster_group(`id`,`name`,`fight`,`multi_boss`,`monster`,`money`,`user_exp`,`hero_exp`,`exp_ball`,`reward_id`,`action_id`,`max_battle_time`,`battle_check`,`attack_status_id`,`fight_type`) values
('900585','赤焰魔狼','0','0','9000654','0','0','0','0','0','0','600000','0','0','0'),
('900586','狂怒魔爪','0','0','9000655','0','0','0','0','0','0','600000','0','1','0'),
('900587','黑暗惩戒者','0','0','9000656','0','0','0','0','0','0','600000','0','0','0'),
('900588','极渊魔徒','0','0','9000657','0','0','0','0','0','0','600000','0','0','0'),
('900589','巨角魔','0','0','9000658','0','0','0','0','0','0','600000','0','0','0'),
('200772','黯月贪狼','0','0','1001244','0','0','0','0','0','0','600000','0','0','0'),
('200773','黯月践踏者','0','0','1001245','0','0','0','0','0','0','600000','0','0','0'),
('200774','黯月邪法师','0','0','1001246','0','0','0','0','0','0','600000','0','0','0');

INSERT INTO `npc_group` (`id`, `name`, `req_level`) VALUES 
(20947, '禁卫督军萨林', 1),
(20948, '特罗德', 1),
(20949, '泰雷', 1),
(30658, '马车旁陷阱', 1),
(30697, '黯月城陷阱', 1),
(21014, '黯月贪狼', 1),
(21015, '黯月践踏者', 1),
(21016, '黯月邪法师', 1),
(21017, '黯月贪狼', 1),
(21018, '黯月践踏者', 1),
(21019, '黯月邪法师', 1),
(21035, '哈奇队长', 1);

INSERT INTO `task_index` (`taskid`, `data_index`, `mask_index`) VALUES 
(70219, 22, 56),
(70220, 22, 57),
(70221, 22, 58),
(70222, 22, 59),
(70223, 22, 60),
(70224, 22, 61),
(70225, 22, 62),
(70226, 22, 63),
(70227, 23, 1);

INSERT INTO `game_map` (`id`, `name`, `group`, `type`, `map_attr`, `map_times`, `team_max`, `team_min`, `fire`, `money`, `user_exp`, `hero_exp`, `exp_ball`, `reward_id`, `time`) VALUES 
(3153, '黯月城一层', 1, 5, 0, 1, 0, 0, 0, 0, 0, 0, 0, 0, 2400);

INSERT INTO `valve` (`id`, `valve_status`, `type`, `data1`, `data2`) VALUES 
(1124, 0, 3, 0, 0),
(1125, 0, 3, 0, 0);


insert into attribute(`id`,`life`,`phy_atk`,`mgc_atk`,`phy_def`,`mgc_def`,`life_add`,`phy_atk_add`,`mgc_atk_add`,`phy_def_add`,`mgc_def_add`,`hit_rate`,`dodge_rate`,`critical_rate`,`critical_dmg`,`critical_def`,`parry_rate`,`parry_def`,`hitbreak_rate`,`hitback_xp`,`dmg_add`,`dmg_cut`,`ice_atk`,`fire_atk`,`dark_atk`,`light_atk`,`ice_def`,`fire_def`,`light_def`,`dark_def`) values
('9000654','10000','1000','1000','400','400','0','0','0','0','0','10000','0','1000','5000','0','500','2000','0','0','0','0','0','0','0','0','0','0','0','0'),
('9000655','10000','1000','1000','400','400','0','0','0','0','0','10000','0','1000','5000','0','500','2000','0','0','0','0','0','0','0','0','0','0','0','0'),
('9000656','10000','1000','1000','400','400','0','0','0','0','0','10000','0','1000','5000','0','500','2000','0','0','0','0','0','0','0','0','0','0','0','0'),
('9000657','10000','1000','1000','400','400','0','0','0','0','0','10000','0','1000','5000','0','500','2000','0','0','0','0','0','0','0','0','0','0','0','0'),
('9000658','10000','1000','1000','400','400','0','0','0','0','0','10000','0','1000','5000','0','500','2000','0','0','0','0','0','0','0','0','0','0','0','0'),
('1001244','10000','1000','1000','400','400','0','0','0','0','0','10000','0','1000','5000','0','500','2000','0','0','0','0','0','0','0','0','0','0','0','0'),
('1001245','10000','1000','1000','400','400','0','0','0','0','0','10000','0','1000','5000','0','500','2000','0','0','0','0','0','0','0','0','0','0','0','0'),
('1001246','10000','1000','1000','400','400','0','0','0','0','0','10000','0','1000','5000','0','500','2000','0','0','0','0','0','0','0','0','0','0','0','0');
