###################################################
#20200411[终焉誓约][任务脚本]【沙海遗迹】【魔族法阵副本】任务制作(倪祖伟)
#by:倪祖伟
#date:2020-04-11
#论坛链接:http://forum.nderp.99.com/Forum/TopicList-363962.aspx
###################################################
#注释部分
#DELETE FROM `game_map` WHERE `id`=3160;
#DELETE FROM `gen_event` WHERE `id`>=3160001 AND `id`<=3160008;
#DELETE FROM `gen_event` WHERE `id`>=3160101 AND `id`<=3160127;
#DELETE FROM `gen_event` WHERE `id`>=3160201 AND `id`<=3160232;
#DELETE FROM `gen_event` WHERE `id` in (3160301,3160302,3160303,3160304,3160305,3160306,3160401,3160402,3160403,3160404,3160405);
#DELETE FROM `gen_event` WHERE `id`>=3160501 AND `id`<=3160510;
#DELETE FROM `valve` WHERE `id`>=1147 AND `id`<=1151;
#DELETE FROM `monster` WHERE `id`>=1001693 AND `id`<=1001698;
#DELETE FROM `attribute` WHERE `id`>=1001693 AND `id`<=1001698;
#DELETE FROM `monster_group` WHERE `id`>=200852 AND `id`<=200857;
#DELETE FROM `npc_group` WHERE `id` in (30751,30752,30753,40368,40369,40370,40376,40377,40379,40380,60504,60507,60511,60512,60514,60515,60516,60517,60518,60519,60520,60521);
#DELETE FROM `npc_group` WHERE `id` >= 21384 AND `id` <= 21390;
#DELETE FROM `award_acquire` WHERE `award_id` in (1001050,1001051,1001052,1001053,1001054,1001066,1001067,1001068,1001069);
#打开注释部分 

###################################################
INSERT INTO `game_map` (`id`, `name`, `group`, `type`, `map_attr`, `map_times`, `team_max`, `team_min`, `fire`, `money`, `user_exp`, `hero_exp`, `exp_ball`, `reward_id`, `time`, `need_ap`, `auto`, `activity_id`, `activity_award`) VALUES 
(3160, '沙海遗迹', 1, 3, 0, 65, 0, 0, 0, 0, 0, 0, 0, 0, 1800, 0, 0, 0, 0);

INSERT INTO `gen_event` (`id`, `name`, `mapid`, `event_type`, `event_id`, `path_id`, `flag`, `intask`, `story_id`, `life_time`, `level_id`, `battle_scene`, `position`, `rotation_y`, `scale`) VALUES 
(3160001, '怪1' , 3160, 1, 40379, 0, 1, 0, 0, 0, 0, 0, '',0, 1),
(3160002, '怪1' , 3160, 1, 40379, 0, 1, 0, 0, 0, 0, 0, '',0, 1),
(3160003, '怪2' , 3160, 1, 40380, 0, 1, 0, 0, 0, 0, 0, '',0, 1),
(3160004, '空箱', 3160, 1, 40376, 0, 1, 0, 0, 0, 0, 0, '',0, 1),
(3160005, '空箱', 3160, 1, 40376, 0, 1, 0, 0, 0, 0, 0, '',0, 1),
(3160006, '奖励', 3160, 1, 40368, 0, 1, 0, 0, 0, 0, 0, '',0, 1),
(3160007, '奖励', 3160, 1, 40368, 0, 1, 0, 0, 0, 0, 0, '',0, 1),
(3160008, '奖励', 3160, 1, 40368, 0, 1, 0, 0, 0, 0, 0, '',0, 1),
(3160101, '空桶', 3160, 1, 60512, 0, 1, 0, 0, 0, 0, 0, '', 0, 1),
(3160102, '空桶', 3160, 1, 60512, 0, 1, 0, 0, 0, 0, 0, '', 0, 1),
(3160103, '空桶', 3160, 1, 60512, 0, 1, 0, 0, 0, 0, 0, '', 0, 1),
(3160104, '空桶', 3160, 1, 60512, 0, 1, 0, 0, 0, 0, 0, '', 0, 1),
(3160105, '奖励', 3160, 1, 60511, 0, 1, 0, 0, 0, 0, 0, '', 0, 1),
(3160106, '奖励', 3160, 1, 60511, 0, 1, 0, 0, 0, 0, 0, '', 0, 1),
(3160107, '奖励', 3160, 1, 60511, 0, 1, 0, 0, 0, 0, 0, '', 0, 1),
(3160108, '奖励', 3160, 1, 60511, 0, 1, 0, 0, 0, 0, 0, '', 0, 1),
(3160109, '奖励', 3160, 1, 60511, 0, 1, 0, 0, 0, 0, 0, '', 0, 1),
(3160110, '奖励', 3160, 1, 60511, 0, 1, 0, 0, 0, 0, 0, '', 0, 1),
(3160111, '空怪', 3160, 1, 60507, 0, 1, 0, 0, 0, 0, 0, '', 0, 1),
(3160112, '空怪', 3160, 1, 60507, 0, 1, 0, 0, 0, 0, 0, '', 0, 1),
(3160113, '空怪', 3160, 1, 60514, 0, 1, 0, 0, 0, 0, 0, '', 0, 1),
(3160114, '空怪', 3160, 1, 60515, 0, 1, 0, 0, 0, 0, 0, '', 0, 1),
(3160115, '怪1' , 3160, 1, 60516, 0, 1, 0, 0, 0, 0, 0, '', 0, 1),
(3160116, '怪1' , 3160, 1, 60516, 0, 1, 0, 0, 0, 0, 0, '', 0, 1),
(3160117, '怪2' , 3160, 1, 60517, 0, 1, 0, 0, 0, 0, 0, '', 0, 1),
(3160118, '怪3' , 3160, 1, 60518, 0, 1, 0, 0, 0, 0, 0, '', 0, 1),
(3160119, '怪4' , 3160, 1, 60519, 0, 1, 0, 0, 0, 0, 0, '', 0, 1),
(3160120, '奖励', 3160, 1, 60504, 0, 1, 0, 0, 0, 0, 0, '', 0, 1),
(3160121, '奖励', 3160, 1, 60504, 0, 1, 0, 0, 0, 0, 0, '', 0, 1),
(3160122, '奖励', 3160, 1, 60504, 0, 1, 0, 0, 0, 0, 0, '', 0, 1),
(3160123, '奖励', 3160, 1, 60504, 0, 1, 0, 0, 0, 0, 0, '', 0, 1),
(3160124, '奖励', 3160, 1, 60504, 0, 1, 0, 0, 0, 0, 0, '', 0, 1),
(3160125, '奖励', 3160, 1, 60504, 0, 1, 0, 0, 0, 0, 0, '', 0, 1),
(3160126, '奖励', 3160, 1, 60520, 0, 1, 0, 0, 0, 0, 0, '', 0, 1),
(3160127, '奖励', 3160, 1, 60521, 0, 1, 0, 0, 0, 0, 0, '', 0, 1),
(3160201, '', 3160, 4, 1147, 0, 0, 0, 0, 0, 0, 0, '-164.14,-21.16,-28.01', 0, 1),
(3160202, '', 3160, 4, 1148, 0, 0, 0, 0, 0, 0, 0, '-145.08,-21.06,2.5492', 112, 1),
(3160203, '', 3160, 4, 1148, 0, 0, 0, 0, 0, 0, 0, '-193.65,-21.17,-29.43', 90, 1),
(3160204, '', 3160, 4, 1148, 0, 0, 0, 0, 0, 0, 0, '-221.81,-21.16,-29.22', 90, 1),
(3160205, '', 3160, 4, 1148, 0, 0, 0, 0, 0, 0, 0, '-234.47,-21.16,-42.37', 0, 1),
(3160206, '', 3160, 4, 1148, 0, 0, 0, 0, 0, 0, 0, '-247.53,-21.16,-29.41', 90, 1),
(3160207, '', 3160, 4, 1148, 0, 0, 0, 0, 0, 0, 0, '-234.53,-21.20,-16.61', 0, 1),
(3160208, '', 3160, 4, 1148, 0, 0, 0, 0, 0, 0, 0, '-235.79,-21.16,11.471', 0, 1),
(3160209, '', 3160, 4, 1148, 0, 0, 0, 0, 0, 0, 0, '-236.11,-12.62,76.651', 0, 1),
(3160210, '', 3160, 4, 1148, 0, 0, 0, 0, 0, 0, 0, '-276.71,-21.00,-29.25', 90, 1),
(3160211, '', 3160, 4, 1148, 0, 0, 0, 0, 0, 0, 0, '-303.42,-21.16,-5.321', 0, 1),
(3160212, '', 3160, 4, 1148, 0, 0, 0, 0, 0, 0, 0, '-303.53,-21.16,22.151', 0, 1),
(3160213, '', 3160, 4, 1148, 0, 0, 0, 0, 0, 0, 0, '-303.67,-21.16,67.381', 0, 1),
(3160214, '', 3160, 4, 1149, 0, 0, 0, 0, 0, 0, 0, '-176.23,-21.16,6.6914', 0, 1),
(3160215, '', 3160, 4, 1149, 0, 0, 0, 0, 0, 0, 0, '-235.11,-21.16,5.9801', 0, 1),
(3160216, '', 3160, 4, 1149, 0, 0, 0, 0, 0, 0, 0, '-215.45,-21.16,-28.97', 0, 1),
(3160217, '', 3160, 4, 1149, 0, 0, 0, 0, 0, 0, 0, '-295.16,-21.16,52.150', 0, 1),
(3160218, '', 3160, 4, 1149, 0, 0, 0, 0, 0, 0, 0, '-272.34,-21.10,-29.71', 0, 1),
(3160219, '', 3160, 4, 1149, 0, 0, 0, 0, 0, 0, 0, '-303.26,-21.17,0.1901', 0, 1),
(3160220, '', 3160, 4, 1150, 0, 0, 0, 0, 0, 0, 0, '-176.51,-21.16,0.6733', 0, 1),
(3160221, '', 3160, 4, 1150, 0, 0, 0, 0, 0, 0, 0, '-303.52,-21.19,16.841', 0, 1),
(3160222, '', 3160, 4, 1150, 0, 0, 0, 0, 0, 0, 0, '-241.91,-12.66,90.496', 0, 1),
(3160223, '', 3160, 4, 1150, 0, 0, 0, 0, 0, 0, 0, '-303.34,-21.16,61.850', 0, 1),
(3160224, '', 3160, 4, 1150, 0, 0, 0, 0, 0, 0, 0, '-303.37,-21.16,82.758', 0, 1),
(3160225, '', 3160, 4, 1150, 0, 0, 0, 0, 0, 0, 0, '-198.56,-21.16,-29.45', 0, 1),
(3160226, '', 3160, 4, 1151, 0, 0, 0, 0, 0, 0, 0, '-234.51,-21.16,-58.41', 0, 1),
(3160227, '', 3160, 4, 1151, 0, 0, 0, 0, 0, 0, 0, '-253.53,-21.16,-29.24', 0, 1),
(3160228, '', 3160, 4, 1151, 0, 0, 0, 0, 0, 0, 0, '-234.63,-21.20,-13.57', 0, 1),
(3160229, '', 3160, 4, 1151, 0, 0, 0, 0, 0, 0, 0, '-303.14,-21.16,28.988', 0, 1),
(3160230, '', 3160, 4, 1151, 0, 0, 0, 0, 0, 0, 0, '-230.01,-12.66,90.531', 0, 1),
(3160231, '', 3160, 4, 1151, 0, 0, 0, 0, 0, 0, 0, '-227.48,-21.16,-29.19', 0, 1),
(3160232, '', 3160, 4, 1148, 0, 0, 0, 0, 0, 0, 0, '-170.55,-21.17,-4.201', 0, 1),
(3160301, '', 3160, 2, 200852, 0, 1, 1, 0, 0, 0, 24, '', 0, 1),
(3160302, '', 3160, 2, 200853, 0, 1, 1, 0, 0, 0, 24, '', 0, 1),
(3160303, '', 3160, 2, 200854, 0, 1, 1, 0, 0, 0, 24, '', 0, 1),
(3160304, '', 3160, 2, 200855, 0, 1, 1, 0, 0, 0, 24, '', 0, 1),
(3160305, '', 3160, 2, 200856, 0, 1, 1, 0, 0, 0, 24, '', 0, 1),
(3160306, '', 3160, 2, 200857, 0, 1, 1, 0, 0, 0, 24, '', 0, 1),
(3160401, '', 3160, 1, 40377, 0, 0, 0, 0, 0, 0, 0, '-234.50,-21.16,-63.8', 0, 1),
(3160402, '', 3160, 1, 40369, 0, 0, 0, 0, 0, 0, 0, '-299.90,-21.16,85.05', 180, 1),
(3160403, '', 3160, 1, 40370, 0, 0, 0, 0, 0, 0, 0, '-233.50,-21.16,-30.6', 0, 1),
(3160404, '', 3160, 1, 30751, 0, 0, 0, 0, 0, 0, 0, '-148.22,-21.13,4.301', 0, 1),
(3160405, '', 3160, 1, 30752, 0, 0, 0, 0, 0, 0, 0, '-148.22,-21.13,4.301', 0, 1),
(3160501, '', 3160, 1, 21384, 0, 1, 0, 0, 0, 0, 0, '', 0, 1),
(3160502, '', 3160, 1, 21385, 0, 1, 0, 0, 0, 0, 0, '', 0, 1),
(3160503, '', 3160, 1, 21386, 0, 1, 0, 0, 0, 0, 0, '', 0, 1),
(3160504, '', 3160, 1, 21387, 0, 1, 0, 0, 0, 0, 0, '', 0, 1),
(3160505, '', 3160, 1, 21388, 0, 1, 0, 0, 0, 0, 0, '', 0, 1),
(3160506, '', 3160, 1, 21389, 0, 1, 0, 0, 0, 0, 0, '', 0, 1),
(3160507, '', 3160, 1, 21390, 0, 1, 0, 0, 0, 0, 0, '', 0, 1),
(3160508, '', 3160, 1, 21384, 0, 1, 0, 0, 0, 0, 0, '', 0, 1),
(3160509, '', 3160, 1, 21384, 0, 1, 0, 0, 0, 0, 0, '', 0, 1),
(3160510, '', 3160, 1, 21384, 0, 1, 0, 0, 0, 0, 0, '', 0, 1);

INSERT INTO `valve` (`id`, `valve_status`, `type`, `data1`, `data2`) VALUES 
(1147, 0, 1, 0, 0),
(1148, 0, 1, 0, 0),
(1149, 0, 1, 0, 0),
(1150, 0, 1, 0, 0),
(1151, 0, 1, 0, 0);

INSERT INTO `npc_group` (`id`, `name`, `req_level`) VALUES 
(21384, '模型', 1),
(21385, '模型', 1),
(21386, '模型', 1),
(21387, '模型', 1),
(21388, '模型', 1),
(21389, '模型', 1),
(21390, '模型', 1),
(30751, '出口', 1),
(30752, '出口', 1),
(30753, '陷阱', 1),
(40368, '宝箱', 1),
(40369, '宝箱', 1),
(40370, '宝箱', 1),
(40376, '宝箱', 1),
(40377, '宝箱', 1),
(40379, '宝箱', 1),
(40380, '宝箱', 1),
(60504, '尸体', 1),
(60507, '尸体', 1),
(60511, '空桶', 1),
(60512, '空桶', 1),
(60514, '尸体', 1),
(60515, '尸体', 1),
(60516, '尸体', 1),
(60517, '尸体', 1),
(60518, '尸体', 1),
(60519, '尸体', 1),
(60520, '尸体', 1),
(60521, '尸体', 1);

INSERT INTO `award_acquire` (`award_id`, `award_group`, `award_type`, `award_type_id`, `item_num`, `max_get_rate`, `min_get_rate`) VALUES 
(1001050, 1, 1, 2110001, 2, 2500, 0),
(1001050, 1, 1, 3, 2000, 5000, 2500),
(1001050, 1, 1, 4, 5000, 7500, 5000),
(1001050, 1, 1, 8, 5000, 10000, 7500),
(1001050, 2, 1, 3060320, 1, 2000, 0),
(1001050, 2, 1, 3060020, 1, 4000, 2000),
(1001050, 2, 1, 120012, 1, 6000, 4000),
(1001050, 2, 1, 210000, 1, 8000, 6000),
(1001050, 2, 1, 204010, 1, 10000, 8000),
(1001051, 1, 1, 120012, 1, 10000, 0),
(1001051, 1, 1, 204010, 1, 10000, 0),
(1001052, 1, 1, 120012, 1, 10000, 0),
(1001052, 1, 1, 610023, 2, 10000, 0),
(1001052, 1, 1, 610024, 2, 10000, 0),
(1001052, 1, 1, 610013, 1, 10000, 0),
(1001052, 1, 1, 610014, 1, 10000, 0),
(1001053, 1, 1, 2110001, 1, 1000, 0),
(1001053, 1, 1, 3, 1000, 3000, 1000),
(1001053, 1, 1, 4, 3000, 5000, 3000),
(1001053, 1, 1, 8, 3000, 7000, 5000),
(1001053, 1, 1, 3060320, 1, 8000, 7000),
(1001053, 1, 1, 3060010, 1, 9000, 8000),
(1001053, 1, 1, 3060020, 1, 10000, 9000),
(1001054, 1, 1, 120012, 1, 10000, 0),
(1001054, 1, 1, 204020, 1, 10000, 0),
(1001054, 1, 1, 2120013, 1, 10000, 0),
(1001066, 1, 1, 3, 2000, 10000, 0),
(1001066, 1, 1, 2110001, 2, 10000, 0),
(1001066, 1, 1, 2120013, 1, 10000, 0),
(1001067, 1, 1, 4, 5000, 10000, 0),
(1001067, 1, 1, 610023, 1, 10000, 0),
(1001067, 1, 1, 610024, 2, 10000, 0),
(1001068, 1, 1, 8, 5000, 10000, 0),
(1001068, 1, 1, 610013, 1, 10000, 0),
(1001068, 1, 1, 610014, 1, 10000, 0),
(1001069, 1, 1, 120012, 2, 10000, 0),
(1001069, 1, 1, 610013, 2, 10000, 0),
(1001069, 1, 1, 610023, 2, 10000, 0);

insert into monster(`id`,`name`,`attr_type`,`type`,`sex`,`family`,`profession`,`level`,`attr_id`,`special_effects`,`own_skills`,`skill_que`,`skill_vis`,`skill_loop_que`,`skill_que_vis`,`action_id`) values
('1001693','','202','0','1','6','1','0','1001693','','1000901;1000902','0,0,1','0','0,0,1;0,1,1;0,0,1','0','0'),
('1001694','','201','0','1','6','2','1','1001694','1031','1005801;1005802','0,0,1','0','0,0,1;0,1,1','0','0'),
('1001695','','202','0','1','3','1','0','1001695','','5200101;5200102;5200103','0,1,1;0,1,2','0','0,1,1;0,1,2','0','0'),
('1001696','','205','0','1','3','1','0','1001696','','5200801;5200802;5200803','0,1;0,0,2;0,0','0','0,1;0,0,2;0,0;1,2,2;0,0','0','0'),
('1001697','','201','0','1','5','1','0','1001697','','1005201;1005202;1005203','0,1,2','0','0,1,0;0,1,0,2;0,1,0;2,1,0;0,1,0','0','0'),
('1001698','','204','1','1','3','2','0','1001698','','1001301;1001302;1001303','0,1,2;1,0,1','0','2,1,0;0,1,1;0,1,1;1,0,1,2','0','0');

insert into monster_group(`id`,`name`,`fight`,`multi_boss`,`monster`,`money`,`user_exp`,`hero_exp`,`hero_impression`,`exp_ball`,`reward_id`,`action_id`,`max_battle_time`,`battle_check`,`attack_status_id`,`fight_type`) values
('200852','1','1','0','1001693','0','0','0','5','0','0','0','600000','0','0','0'),
('200853','1','1','0','1001694','0','0','0','5','0','1001069','0','600000','0','0','0'),
('200854','1','1','0','1001695','0','0','0','5','0','0','0','600000','0','0','0'),
('200855','1','1','0','1001696','0','0','0','5','0','1001066','0','600000','0','0','0'),
('200856','1','1','0','1001697','0','0','0','5','0','1001067','0','600000','0','0','0'),
('200857','1','1','0','1001698','0','0','0','5','0','1001068','0','600000','0','0','0');


insert into attribute(`id`,`life`,`phy_atk`,`mgc_atk`,`phy_def`,`mgc_def`,`life_add`,`phy_atk_add`,`mgc_atk_add`,`phy_def_add`,`mgc_def_add`,`hit_rate`,`dodge_rate`,`critical_rate`,`critical_dmg`,`critical_def`,`parry_rate`,`parry_def`,`hitbreak_rate`,`hitback_xp`,`dmg_add`,`dmg_cut`,`ice_atk`,`fire_atk`,`dark_atk`,`light_atk`,`ice_def`,`fire_def`,`light_def`,`dark_def`) values
('1001693','1584','158','0','64','64','0','0','0','0','0','10000','0','300','5000','0','300','3000','100','1000','0','0','0','0','0','0','0','0','0','0'),
('1001694','1584','158','0','64','64','0','0','0','0','0','10000','0','300','5000','0','300','3000','100','1000','0','0','0','0','0','0','0','0','0','0'),
('1001695','1584','158','0','64','64','0','0','0','0','0','10000','0','300','5000','0','300','3000','100','1000','0','0','0','0','0','0','0','0','0','0'),
('1001696','1584','158','0','64','64','0','0','0','0','0','10000','0','300','5000','0','300','3000','100','1000','0','0','0','0','0','0','0','0','0','0'),
('1001697','1584','158','0','64','64','0','0','0','0','0','10000','0','300','5000','0','300','3000','100','1000','0','0','0','0','0','0','0','0','0','0'),
('1001698','1584','158','0','64','64','0','0','0','0','0','10000','0','300','5000','0','300','3000','100','1000','0','0','0','0','0','0','0','0','0','0');
